-- mysqldump-php https://github.com/ifsnop/mysqldump-php
--
-- Host: localhost	Database: festningen_craft
-- ------------------------------------------------------
-- Server version 	5.6.28
-- Date: Tue, 28 Feb 2017 17:19:57 +0000

/*!40101 SET @OLD_CHARACTER_SET_CLIENT=@@CHARACTER_SET_CLIENT */;
/*!40101 SET @OLD_CHARACTER_SET_RESULTS=@@CHARACTER_SET_RESULTS */;
/*!40101 SET @OLD_COLLATION_CONNECTION=@@COLLATION_CONNECTION */;
/*!40101 SET NAMES utf8 */;
/*!40103 SET @OLD_TIME_ZONE=@@TIME_ZONE */;
/*!40103 SET TIME_ZONE='+00:00' */;
/*!40014 SET @OLD_UNIQUE_CHECKS=@@UNIQUE_CHECKS, UNIQUE_CHECKS=0 */;
/*!40014 SET @OLD_FOREIGN_KEY_CHECKS=@@FOREIGN_KEY_CHECKS, FOREIGN_KEY_CHECKS=0 */;
/*!40101 SET @OLD_SQL_MODE=@@SQL_MODE, SQL_MODE='NO_AUTO_VALUE_ON_ZERO' */;
/*!40111 SET @OLD_SQL_NOTES=@@SQL_NOTES, SQL_NOTES=0 */;

--
-- Table structure for table `craft_amnav_navs`
--

/*!40101 SET @saved_cs_client     = @@character_set_client */;
/*!40101 SET character_set_client = utf8 */;
CREATE TABLE `craft_amnav_navs` (
  `id` int(11) NOT NULL AUTO_INCREMENT,
  `name` varchar(255) COLLATE utf8_unicode_ci NOT NULL,
  `handle` varchar(255) COLLATE utf8_unicode_ci NOT NULL,
  `settings` text COLLATE utf8_unicode_ci,
  `dateCreated` datetime NOT NULL,
  `dateUpdated` datetime NOT NULL,
  `uid` char(36) COLLATE utf8_unicode_ci NOT NULL DEFAULT '0',
  PRIMARY KEY (`id`),
  UNIQUE KEY `craft_amnav_navs_handle_unq_idx` (`handle`)
) ENGINE=InnoDB DEFAULT CHARSET=utf8 COLLATE=utf8_unicode_ci;
/*!40101 SET character_set_client = @saved_cs_client */;

--
-- Dumping data for table `craft_amnav_navs`
--

LOCK TABLES `craft_amnav_navs` WRITE;
/*!40000 ALTER TABLE `craft_amnav_navs` DISABLE KEYS */;
SET autocommit=0;
/*!40000 ALTER TABLE `craft_amnav_navs` ENABLE KEYS */;
UNLOCK TABLES;
COMMIT;

--
-- Table structure for table `craft_amnav_nodes`
--

/*!40101 SET @saved_cs_client     = @@character_set_client */;
/*!40101 SET character_set_client = utf8 */;
CREATE TABLE `craft_amnav_nodes` (
  `id` int(11) NOT NULL AUTO_INCREMENT,
  `navId` int(11) NOT NULL,
  `parentId` int(11) DEFAULT NULL,
  `order` int(11) DEFAULT '0',
  `name` varchar(255) COLLATE utf8_unicode_ci NOT NULL,
  `url` varchar(255) COLLATE utf8_unicode_ci DEFAULT NULL,
  `listClass` varchar(255) COLLATE utf8_unicode_ci DEFAULT NULL,
  `blank` tinyint(1) unsigned NOT NULL DEFAULT '0',
  `enabled` tinyint(1) unsigned NOT NULL DEFAULT '1',
  `elementId` int(11) DEFAULT NULL,
  `elementType` varchar(255) COLLATE utf8_unicode_ci DEFAULT NULL,
  `locale` char(12) COLLATE utf8_unicode_ci DEFAULT NULL,
  `dateCreated` datetime NOT NULL,
  `dateUpdated` datetime NOT NULL,
  `uid` char(36) COLLATE utf8_unicode_ci NOT NULL DEFAULT '0',
  PRIMARY KEY (`id`),
  KEY `craft_amnav_nodes_elementId_elementType_locale_idx` (`elementId`,`elementType`,`locale`)
) ENGINE=InnoDB DEFAULT CHARSET=utf8 COLLATE=utf8_unicode_ci;
/*!40101 SET character_set_client = @saved_cs_client */;

--
-- Dumping data for table `craft_amnav_nodes`
--

LOCK TABLES `craft_amnav_nodes` WRITE;
/*!40000 ALTER TABLE `craft_amnav_nodes` DISABLE KEYS */;
SET autocommit=0;
/*!40000 ALTER TABLE `craft_amnav_nodes` ENABLE KEYS */;
UNLOCK TABLES;
COMMIT;

--
-- Table structure for table `craft_assetfiles`
--

/*!40101 SET @saved_cs_client     = @@character_set_client */;
/*!40101 SET character_set_client = utf8 */;
CREATE TABLE `craft_assetfiles` (
  `id` int(11) NOT NULL,
  `sourceId` int(11) DEFAULT NULL,
  `folderId` int(11) NOT NULL,
  `filename` varchar(255) COLLATE utf8_unicode_ci NOT NULL,
  `kind` varchar(50) COLLATE utf8_unicode_ci NOT NULL DEFAULT 'unknown',
  `width` int(11) unsigned DEFAULT NULL,
  `height` int(11) unsigned DEFAULT NULL,
  `size` bigint(20) unsigned DEFAULT NULL,
  `dateModified` datetime DEFAULT NULL,
  `dateCreated` datetime NOT NULL,
  `dateUpdated` datetime NOT NULL,
  `uid` char(36) COLLATE utf8_unicode_ci NOT NULL DEFAULT '0',
  PRIMARY KEY (`id`),
  UNIQUE KEY `craft_assetfiles_filename_folderId_unq_idx` (`filename`,`folderId`),
  KEY `craft_assetfiles_sourceId_fk` (`sourceId`),
  KEY `craft_assetfiles_folderId_fk` (`folderId`),
  CONSTRAINT `craft_assetfiles_folderId_fk` FOREIGN KEY (`folderId`) REFERENCES `craft_assetfolders` (`id`) ON DELETE CASCADE,
  CONSTRAINT `craft_assetfiles_id_fk` FOREIGN KEY (`id`) REFERENCES `craft_elements` (`id`) ON DELETE CASCADE,
  CONSTRAINT `craft_assetfiles_sourceId_fk` FOREIGN KEY (`sourceId`) REFERENCES `craft_assetsources` (`id`) ON DELETE CASCADE
) ENGINE=InnoDB DEFAULT CHARSET=utf8 COLLATE=utf8_unicode_ci;
/*!40101 SET character_set_client = @saved_cs_client */;

--
-- Dumping data for table `craft_assetfiles`
--

LOCK TABLES `craft_assetfiles` WRITE;
/*!40000 ALTER TABLE `craft_assetfiles` DISABLE KEYS */;
SET autocommit=0;
INSERT INTO `craft_assetfiles` VALUES (6,1,1,'DSC8592.jpg','image',4256,2832,751542,'2017-02-10 15:59:56','2017-02-10 15:59:56','2017-02-10 15:59:56','23aff8d3-2ea2-4cae-926f-fba950f10758'),(7,1,1,'DSC8599.jpg','image',4097,2726,623860,'2017-02-10 15:59:58','2017-02-10 15:59:58','2017-02-10 15:59:58','677c2450-a68c-4aa8-8d83-f21570a409d9'),(8,2,2,'DSC8592.jpg','image',4256,2832,751542,'2017-02-10 16:06:02','2017-02-10 16:06:03','2017-02-10 16:06:03','9a3f6459-b247-4238-8c7a-44e87828f614'),(9,2,2,'DSC8599.jpg','image',4097,2726,623860,'2017-02-28 16:26:12','2017-02-10 16:06:04','2017-02-28 16:26:17','86f2397e-a11f-4a63-9d6e-4f568d9a8b1a'),(15,7,7,'clock.svg','image',59,59,2660,'2017-02-11 01:29:53','2017-02-11 01:29:54','2017-02-11 01:29:54','62400019-ffd2-4e06-9aef-355369762727'),(16,7,7,'icon-booking.svg','image',88,50,1977,'2017-02-11 23:41:30','2017-02-11 23:41:31','2017-02-11 23:41:31','cd57c7ef-53a0-4144-aa93-58b5be7c894d'),(27,7,7,'icon-search.svg','image',63,63,628,'2017-02-13 15:17:01','2017-02-13 15:17:03','2017-02-13 15:17:03','fd15b0cb-1550-4f81-a7fe-72cf92d78ca8'),(28,7,7,'icon-silhouette.svg','image',122,320,1470,'2017-02-13 15:17:04','2017-02-13 15:17:05','2017-02-13 15:17:05','80cd4ac2-0acf-4742-aa25-5166783796a5'),(29,7,7,'icon-soup.svg','image',79,89,3514,'2017-02-13 15:17:05','2017-02-13 15:17:07','2017-02-13 15:17:07','659bd6b7-ad91-4895-b12a-643cab912fbc'),(90,7,7,'icon-allergen-egg.svg','image',86,86,1634,'2017-02-20 12:10:30','2017-02-20 12:10:31','2017-02-20 12:10:31','0437cc1c-66b3-49a7-9c02-cffb3ea2c7c5'),(91,7,7,'icon-allergen-fisk.svg','image',100,74,1342,'2017-02-20 12:10:31','2017-02-20 12:10:31','2017-02-20 12:10:31','bddf2fc5-d7f3-4eaa-a18d-3e9bc7241375'),(92,7,7,'icon-allergen-hvete.svg','image',90,90,3138,'2017-02-20 12:10:31','2017-02-20 12:10:32','2017-02-20 12:10:32','36976c5d-8d0e-4278-88a0-e4202407e990'),(93,7,7,'icon-allergen-melk.svg','image',53,90,1277,'2017-02-20 12:10:32','2017-02-20 12:10:33','2017-02-20 12:10:33','1a8766b7-a40b-4b5d-afa3-27fdee4ad974'),(94,7,7,'icon-allergen-nuts.svg','image',90,82,1559,'2017-02-20 12:10:33','2017-02-20 12:10:33','2017-02-20 12:10:33','078aa99f-dcd1-4c8b-b6ef-1266c48cc3f4'),(95,7,7,'icon-allergen-peanuts.svg','image',90,82,2558,'2017-02-20 12:10:33','2017-02-20 12:10:34','2017-02-20 12:10:34','a45e10bc-a798-4045-9f89-f9a4a07d3ae0'),(96,7,7,'icon-allergen-skalldyr.svg','image',90,68,1731,'2017-02-20 12:10:34','2017-02-20 12:10:35','2017-02-20 12:10:35','f00bb4a0-c8c6-4c65-956b-39b3c3429974'),(97,7,7,'icon-allergen-soya.svg','image',82,90,3929,'2017-02-20 12:10:35','2017-02-20 12:10:35','2017-02-20 12:10:35','1884017e-6fa8-43e9-ad72-f62dc27d4e72'),(120,7,7,'icon-allergen-celery.svg','image',213,214,2909,'2017-02-20 12:29:50','2017-02-20 12:27:08','2017-02-20 12:29:51','cc54126d-bc60-44b7-9aad-5be605e819f3'),(123,7,7,'icon-allergen-sennep.svg','image',40,66,738,'2017-02-20 12:33:00','2017-02-20 12:33:01','2017-02-20 12:33:01','a2495100-12ce-425a-9a86-f4961f60e956'),(125,7,7,'icon-allergen-sesame.svg','image',35,15,977,'2017-02-20 12:37:58','2017-02-20 12:37:58','2017-02-20 12:37:58','cbd49519-5243-4e7f-86a9-af64570cce17'),(127,7,7,'icon-allergen-sulfit.svg','image',100,92,1293,'2017-02-20 12:39:38','2017-02-20 12:39:38','2017-02-20 12:39:38','b5fea468-f922-4f5b-adfe-054bb7d4d186'),(129,7,7,'icon-allergen-lupin.svg','image',283,284,1216,'2017-02-20 12:41:49','2017-02-20 12:41:49','2017-02-20 12:41:49','d3ab5150-0fa2-4b7f-84aa-c28e5a2ca873'),(131,7,7,'icon-allergen-softshell.svg','image',90,75,1453,'2017-02-20 12:43:31','2017-02-20 12:43:31','2017-02-20 12:43:31','de250f08-df45-48a0-873d-f066e293f80b'),(158,7,7,'icon-sandwich.svg','image',73,59,3923,'2017-02-21 12:06:55','2017-02-21 12:06:56','2017-02-21 12:06:56','fef29a51-9767-4b25-89bf-339c420e5ae5'),(162,2,2,'IMG_7658.JPG','image',2048,1366,139443,'2017-02-28 01:05:04','2017-02-28 01:05:04','2017-02-28 01:05:04','b5b7cfba-5002-416e-9136-bbb029733c0a'),(163,2,2,'IMG_7671.JPG','image',2048,1366,119057,'2017-02-28 01:05:06','2017-02-28 01:05:07','2017-02-28 01:05:07','198e1613-13de-4d56-8aa8-065fb91206f9'),(164,2,2,'IMG_7685.JPG','image',2048,1366,97300,'2017-02-28 01:05:09','2017-02-28 01:05:09','2017-02-28 01:05:09','9f987c69-5a12-42de-91b0-59e1a6be09f3'),(165,2,2,'IMG_7686.JPG','image',2048,1366,97804,'2017-02-28 01:05:11','2017-02-28 01:05:11','2017-02-28 01:05:11','02904fdf-3e57-44c2-8c56-f28d40f26238'),(166,2,2,'IMG_7705.JPG','image',2048,1366,114021,'2017-02-28 01:05:13','2017-02-28 01:05:14','2017-02-28 01:05:14','d716c143-ac80-4c36-8988-c0e3cb9f55b2'),(167,2,2,'IMG_7707.JPG','image',2048,1366,136749,'2017-02-28 01:11:44','2017-02-28 01:11:44','2017-02-28 01:11:44','c597d207-8c96-4c9b-aa1e-530feacd173d'),(172,2,2,'DSC0649.jpg','image',4256,2832,390738,'2017-02-28 16:22:38','2017-02-28 16:22:38','2017-02-28 16:22:38','4c126ed9-ad25-4d20-95a2-d7bca8357be8'),(173,2,2,'DSC0649-2.jpg','image',1821,933,72222,'2017-02-28 16:22:39','2017-02-28 16:22:39','2017-02-28 16:22:39','8bb55180-0030-4044-b877-b5783e1b333e'),(174,2,2,'DSC0651.jpg','image',2684,4033,316885,'2017-02-28 16:22:42','2017-02-28 16:22:42','2017-02-28 16:22:42','0f5b4215-ca08-43df-ae96-d0a916909b1b'),(175,2,2,'DSC0658.jpg','image',2753,4136,490793,'2017-02-28 16:22:45','2017-02-28 16:22:46','2017-02-28 16:22:46','39557d00-8cb2-4db1-9117-160966a4b8bb'),(176,2,2,'DSC0662.jpg','image',4256,2832,746879,'2017-02-28 16:22:48','2017-02-28 16:22:48','2017-02-28 16:22:48','eb023e51-fb76-4fa2-8d10-30614c89189c'),(177,2,2,'DSC6944.jpg','image',4256,2832,501166,'2017-02-28 16:22:50','2017-02-28 16:22:50','2017-02-28 16:22:50','b47768c2-2040-4997-9b81-99ee6693cd33'),(178,2,2,'DSC6970.jpg','image',4256,2832,492550,'2017-02-28 16:22:52','2017-02-28 16:22:52','2017-02-28 16:22:52','9e3738e4-836e-46bc-8101-3fbafbdaf386'),(179,2,2,'DSC7004.jpg','image',4256,2832,511122,'2017-02-28 16:22:54','2017-02-28 16:22:54','2017-02-28 16:22:54','4d6d5083-fda8-482b-889c-340b5ea96b5e'),(180,2,2,'DSC7150.jpg','image',4256,2832,579704,'2017-02-28 16:22:56','2017-02-28 16:22:56','2017-02-28 16:22:56','988f243d-6acc-48cd-8272-341f0067b084'),(181,2,2,'DSC7256.jpg','image',4256,2832,660655,'2017-02-28 16:22:58','2017-02-28 16:22:58','2017-02-28 16:22:58','14df2b55-b577-4776-a6f5-6585c44c72a0'),(182,2,2,'Kommandanten.jpg','image',720,433,216877,'2017-02-28 16:22:59','2017-02-28 16:22:59','2017-02-28 16:22:59','f93ee593-6fef-4edd-b5b5-f94573e629ff'),(185,2,2,'logo-bg.svg','image',918,460,9535,'2017-02-28 16:47:01','2017-02-28 16:47:02','2017-02-28 16:47:02','f34ab273-4563-4ade-9e56-b3be73e71274'),(186,7,7,'logo_silhouette.svg','image',1047,458,10577,'2017-02-28 16:49:46','2017-02-28 16:49:46','2017-02-28 16:49:46','1c4cad60-7972-4d1b-8a38-607d1eb1610b');
/*!40000 ALTER TABLE `craft_assetfiles` ENABLE KEYS */;
UNLOCK TABLES;
COMMIT;

--
-- Table structure for table `craft_assetfolders`
--

/*!40101 SET @saved_cs_client     = @@character_set_client */;
/*!40101 SET character_set_client = utf8 */;
CREATE TABLE `craft_assetfolders` (
  `id` int(11) NOT NULL AUTO_INCREMENT,
  `parentId` int(11) DEFAULT NULL,
  `sourceId` int(11) DEFAULT NULL,
  `name` varchar(255) COLLATE utf8_unicode_ci NOT NULL,
  `path` varchar(255) COLLATE utf8_unicode_ci DEFAULT NULL,
  `dateCreated` datetime NOT NULL,
  `dateUpdated` datetime NOT NULL,
  `uid` char(36) COLLATE utf8_unicode_ci NOT NULL DEFAULT '0',
  PRIMARY KEY (`id`),
  UNIQUE KEY `craft_assetfolders_name_parentId_sourceId_unq_idx` (`name`,`parentId`,`sourceId`),
  KEY `craft_assetfolders_parentId_fk` (`parentId`),
  KEY `craft_assetfolders_sourceId_fk` (`sourceId`),
  CONSTRAINT `craft_assetfolders_parentId_fk` FOREIGN KEY (`parentId`) REFERENCES `craft_assetfolders` (`id`) ON DELETE CASCADE,
  CONSTRAINT `craft_assetfolders_sourceId_fk` FOREIGN KEY (`sourceId`) REFERENCES `craft_assetsources` (`id`) ON DELETE CASCADE
) ENGINE=InnoDB AUTO_INCREMENT=8 DEFAULT CHARSET=utf8 COLLATE=utf8_unicode_ci;
/*!40101 SET character_set_client = @saved_cs_client */;

--
-- Dumping data for table `craft_assetfolders`
--

LOCK TABLES `craft_assetfolders` WRITE;
/*!40000 ALTER TABLE `craft_assetfolders` DISABLE KEYS */;
SET autocommit=0;
INSERT INTO `craft_assetfolders` VALUES (1,NULL,1,'Bilder','','2015-10-23 11:09:33','2015-10-23 11:09:33','f3142658-3fb9-4b94-92e5-763bed9dc7d7'),(2,NULL,2,'Restauranten','','2017-02-10 16:02:27','2017-02-10 16:02:27','fd3cd70a-13fb-41ef-a9a7-7c10e69bd9ce'),(3,NULL,3,'Kongen','','2017-02-10 16:03:48','2017-02-10 16:03:48','67558ae5-2ba4-4d87-8cc4-c8120b8c1994'),(4,NULL,4,'Dronningen','','2017-02-10 16:04:31','2017-02-10 16:04:31','e5efab7f-bc39-4240-a939-4bcc8afd0e61'),(5,NULL,5,'Krompen','','2017-02-10 16:05:03','2017-02-10 16:05:03','05a7d9ae-e56d-47d0-bcff-5f85ce4a20cd'),(6,NULL,6,'Haubitz','','2017-02-10 16:05:27','2017-02-10 16:05:27','8b03feb8-e9ef-4cd5-bedf-b22f90533cb4'),(7,NULL,7,'Ikoner','','2017-02-11 01:16:20','2017-02-11 01:16:20','eec0175a-5ae9-4acc-9e15-2e164bd9a026');
/*!40000 ALTER TABLE `craft_assetfolders` ENABLE KEYS */;
UNLOCK TABLES;
COMMIT;

--
-- Table structure for table `craft_assetindexdata`
--

/*!40101 SET @saved_cs_client     = @@character_set_client */;
/*!40101 SET character_set_client = utf8 */;
CREATE TABLE `craft_assetindexdata` (
  `id` int(11) NOT NULL AUTO_INCREMENT,
  `sessionId` varchar(36) COLLATE utf8_unicode_ci NOT NULL DEFAULT '',
  `sourceId` int(10) NOT NULL,
  `offset` int(10) NOT NULL,
  `uri` text COLLATE utf8_unicode_ci,
  `size` bigint(20) unsigned DEFAULT NULL,
  `recordId` int(10) DEFAULT NULL,
  `dateCreated` datetime NOT NULL,
  `dateUpdated` datetime NOT NULL,
  `uid` char(36) COLLATE utf8_unicode_ci NOT NULL DEFAULT '0',
  PRIMARY KEY (`id`),
  UNIQUE KEY `craft_assetindexdata_sessionId_sourceId_offset_unq_idx` (`sessionId`,`sourceId`,`offset`),
  KEY `craft_assetindexdata_sourceId_fk` (`sourceId`),
  CONSTRAINT `craft_assetindexdata_sourceId_fk` FOREIGN KEY (`sourceId`) REFERENCES `craft_assetsources` (`id`) ON DELETE CASCADE
) ENGINE=InnoDB DEFAULT CHARSET=utf8 COLLATE=utf8_unicode_ci;
/*!40101 SET character_set_client = @saved_cs_client */;

--
-- Dumping data for table `craft_assetindexdata`
--

LOCK TABLES `craft_assetindexdata` WRITE;
/*!40000 ALTER TABLE `craft_assetindexdata` DISABLE KEYS */;
SET autocommit=0;
/*!40000 ALTER TABLE `craft_assetindexdata` ENABLE KEYS */;
UNLOCK TABLES;
COMMIT;

--
-- Table structure for table `craft_assetsources`
--

/*!40101 SET @saved_cs_client     = @@character_set_client */;
/*!40101 SET character_set_client = utf8 */;
CREATE TABLE `craft_assetsources` (
  `id` int(11) NOT NULL AUTO_INCREMENT,
  `name` varchar(255) COLLATE utf8_unicode_ci NOT NULL,
  `handle` varchar(255) COLLATE utf8_unicode_ci NOT NULL,
  `type` varchar(150) COLLATE utf8_unicode_ci NOT NULL,
  `settings` text COLLATE utf8_unicode_ci,
  `sortOrder` smallint(6) unsigned DEFAULT NULL,
  `fieldLayoutId` int(10) DEFAULT NULL,
  `dateCreated` datetime NOT NULL,
  `dateUpdated` datetime NOT NULL,
  `uid` char(36) COLLATE utf8_unicode_ci NOT NULL DEFAULT '0',
  PRIMARY KEY (`id`),
  UNIQUE KEY `craft_assetsources_name_unq_idx` (`name`),
  UNIQUE KEY `craft_assetsources_handle_unq_idx` (`handle`),
  KEY `craft_assetsources_fieldLayoutId_fk` (`fieldLayoutId`),
  CONSTRAINT `craft_assetsources_fieldLayoutId_fk` FOREIGN KEY (`fieldLayoutId`) REFERENCES `craft_fieldlayouts` (`id`) ON DELETE SET NULL
) ENGINE=InnoDB AUTO_INCREMENT=8 DEFAULT CHARSET=utf8 COLLATE=utf8_unicode_ci;
/*!40101 SET character_set_client = @saved_cs_client */;

--
-- Dumping data for table `craft_assetsources`
--

LOCK TABLES `craft_assetsources` WRITE;
/*!40000 ALTER TABLE `craft_assetsources` DISABLE KEYS */;
SET autocommit=0;
INSERT INTO `craft_assetsources` VALUES (1,'Bilder','bilder','Local','{\"path\":\"dynamic\\/upload\\/bilder\\/\",\"publicURLs\":\"1\",\"url\":\"{cdnUrl}dynamic\\/upload\\/bilder\\/\"}',1,35,'2015-10-23 11:09:33','2016-06-08 08:27:39','5d69cfc0-d339-4cdc-a766-5021734e479a'),(2,'Restauranten','restauranten','Local','{\"path\":\"dynamic\\/upload\\/bilder\\/restauranten\\/\",\"publicURLs\":\"1\",\"url\":\"{cdnUrl}dynamic\\/upload\\/bilder\\/restauranten\\/\"}',2,65,'2017-02-10 16:02:27','2017-02-11 17:10:41','2bbebdf9-4d2d-4fb5-b808-20f5c4807dd7'),(3,'Kongen','kongen','Local','{\"path\":\"dynamic\\/upload\\/bilder\\/kongen\\/\",\"publicURLs\":\"1\",\"url\":\"{cdnUrl}dynamic\\/upload\\/bilder\\/kongen\\/\"}',3,46,'2017-02-10 16:03:48','2017-02-10 16:03:48','4cf3f1a9-35b2-489d-a29e-9754a20f616c'),(4,'Dronningen','dronningen','Local','{\"path\":\"dynamic\\/upload\\/bilder\\/dronningen\\/\",\"publicURLs\":\"1\",\"url\":\"{cdnUrl}dynamic\\/upload\\/bilder\\/dronningen\\/\"}',4,47,'2017-02-10 16:04:31','2017-02-10 16:04:31','19c5390b-90e3-4122-a173-f9e30fc96f75'),(5,'Krompen','krompen','Local','{\"path\":\"dynamic\\/upload\\/bilder\\/krompen\\/\",\"publicURLs\":\"1\",\"url\":\"{cdnUrl}dynamic\\/upload\\/bilder\\/krompen\\/\"}',5,48,'2017-02-10 16:05:03','2017-02-10 16:05:03','ce545dc1-98c9-4bf1-a0df-8fe69cb8f399'),(6,'Haubitz','haubitz','Local','{\"path\":\"dynamic\\/upload\\/bilder\\/haubitz\\/\",\"publicURLs\":\"1\",\"url\":\"{cdnUrl}dynamic\\/upload\\/bilder\\/haubitz\\/\"}',6,49,'2017-02-10 16:05:27','2017-02-10 16:05:27','246db442-8f7f-4966-92aa-7769c7bfe82d'),(7,'Ikoner','ikoner','Local','{\"path\":\"dynamic\\/upload\\/bilder\\/ikoner\\/\",\"publicURLs\":\"1\",\"url\":\"{cdnUrl}dynamic\\/upload\\/bilder\\/ikoner\\/\"}',7,63,'2017-02-11 01:16:20','2017-02-11 01:16:20','aea54c85-ca53-415c-80e4-76b8578cd6c0');
/*!40000 ALTER TABLE `craft_assetsources` ENABLE KEYS */;
UNLOCK TABLES;
COMMIT;

--
-- Table structure for table `craft_assettransformindex`
--

/*!40101 SET @saved_cs_client     = @@character_set_client */;
/*!40101 SET character_set_client = utf8 */;
CREATE TABLE `craft_assettransformindex` (
  `id` int(11) NOT NULL AUTO_INCREMENT,
  `fileId` int(11) NOT NULL,
  `filename` varchar(255) COLLATE utf8_unicode_ci DEFAULT NULL,
  `format` varchar(255) COLLATE utf8_unicode_ci DEFAULT NULL,
  `location` varchar(255) COLLATE utf8_unicode_ci NOT NULL,
  `sourceId` int(11) DEFAULT NULL,
  `fileExists` tinyint(1) DEFAULT NULL,
  `inProgress` tinyint(1) DEFAULT NULL,
  `dateIndexed` datetime DEFAULT NULL,
  `dateCreated` datetime NOT NULL,
  `dateUpdated` datetime NOT NULL,
  `uid` char(36) COLLATE utf8_unicode_ci NOT NULL DEFAULT '0',
  PRIMARY KEY (`id`),
  KEY `craft_assettransformindex_sourceId_fileId_location_idx` (`sourceId`,`fileId`,`location`)
) ENGINE=InnoDB AUTO_INCREMENT=11 DEFAULT CHARSET=utf8 COLLATE=utf8_unicode_ci;
/*!40101 SET character_set_client = @saved_cs_client */;

--
-- Dumping data for table `craft_assettransformindex`
--

LOCK TABLES `craft_assettransformindex` WRITE;
/*!40000 ALTER TABLE `craft_assettransformindex` DISABLE KEYS */;
SET autocommit=0;
INSERT INTO `craft_assettransformindex` VALUES (1,8,'DSC8592.jpg',NULL,'_300xAUTO_crop_center-center',2,1,1,'2017-02-11 17:07:02','2017-02-11 17:07:02','2017-02-11 17:07:03','0ed4736d-e546-462d-b8c8-9ba7a4fa555d'),(2,7,'DSC8599.jpg',NULL,'_300xAUTO_crop_center-center',1,1,1,'2017-02-28 16:00:37','2017-02-28 16:00:37','2017-02-28 16:00:38','ef28ff02-0250-43ad-a2d5-2a4fd2b67787'),(3,166,'IMG_7705.JPG',NULL,'_300xAUTO_crop_center-center',2,1,1,'2017-02-28 16:03:09','2017-02-28 16:03:09','2017-02-28 16:03:09','ab64d549-7376-4e96-a52a-c1734a537631'),(5,176,'DSC0662.jpg',NULL,'_300xAUTO_crop_center-center',2,1,1,'2017-02-28 16:26:33','2017-02-28 16:26:33','2017-02-28 16:26:34','c73e157d-87aa-479c-b4b1-8096f3349481'),(6,175,'DSC0658.jpg',NULL,'_300xAUTO_crop_center-center',2,1,1,'2017-02-28 16:30:02','2017-02-28 16:30:02','2017-02-28 16:30:03','602413ff-8b0b-42d7-adf9-0842c4f82078'),(7,9,'DSC8599.jpg',NULL,'_300xAUTO_crop_center-center',2,1,1,'2017-02-28 16:31:05','2017-02-28 16:31:05','2017-02-28 16:31:05','e29b6041-1809-4f17-814a-0ef68765fe6f'),(8,174,'DSC0651.jpg',NULL,'_300xAUTO_crop_center-center',2,1,1,'2017-02-28 16:31:38','2017-02-28 16:31:38','2017-02-28 16:31:39','23420509-5627-43a5-9a64-be63cf514a9f'),(9,162,'IMG_7658.JPG',NULL,'_300xAUTO_crop_center-center',2,1,1,'2017-02-28 16:32:39','2017-02-28 16:32:39','2017-02-28 16:32:39','21fd45be-a66f-4425-a9da-9b66e01b4e5b'),(10,6,'DSC8592.jpg',NULL,'_300xAUTO_crop_center-center',1,1,1,'2017-02-28 16:33:55','2017-02-28 16:33:55','2017-02-28 16:33:55','4d88fdbe-b433-4c7d-be4b-bd090ec28c82');
/*!40000 ALTER TABLE `craft_assettransformindex` ENABLE KEYS */;
UNLOCK TABLES;
COMMIT;

--
-- Table structure for table `craft_assettransforms`
--

/*!40101 SET @saved_cs_client     = @@character_set_client */;
/*!40101 SET character_set_client = utf8 */;
CREATE TABLE `craft_assettransforms` (
  `id` int(11) NOT NULL AUTO_INCREMENT,
  `name` varchar(255) COLLATE utf8_unicode_ci NOT NULL,
  `handle` varchar(255) COLLATE utf8_unicode_ci NOT NULL,
  `mode` enum('stretch','fit','crop') COLLATE utf8_unicode_ci NOT NULL DEFAULT 'crop',
  `position` enum('top-left','top-center','top-right','center-left','center-center','center-right','bottom-left','bottom-center','bottom-right') COLLATE utf8_unicode_ci NOT NULL DEFAULT 'center-center',
  `height` int(10) DEFAULT NULL,
  `width` int(10) DEFAULT NULL,
  `format` varchar(255) COLLATE utf8_unicode_ci DEFAULT NULL,
  `quality` int(10) DEFAULT NULL,
  `dimensionChangeTime` datetime DEFAULT NULL,
  `dateCreated` datetime NOT NULL,
  `dateUpdated` datetime NOT NULL,
  `uid` char(36) COLLATE utf8_unicode_ci NOT NULL DEFAULT '0',
  PRIMARY KEY (`id`),
  UNIQUE KEY `craft_assettransforms_name_unq_idx` (`name`),
  UNIQUE KEY `craft_assettransforms_handle_unq_idx` (`handle`)
) ENGINE=InnoDB DEFAULT CHARSET=utf8 COLLATE=utf8_unicode_ci;
/*!40101 SET character_set_client = @saved_cs_client */;

--
-- Dumping data for table `craft_assettransforms`
--

LOCK TABLES `craft_assettransforms` WRITE;
/*!40000 ALTER TABLE `craft_assettransforms` DISABLE KEYS */;
SET autocommit=0;
/*!40000 ALTER TABLE `craft_assettransforms` ENABLE KEYS */;
UNLOCK TABLES;
COMMIT;

--
-- Table structure for table `craft_categories`
--

/*!40101 SET @saved_cs_client     = @@character_set_client */;
/*!40101 SET character_set_client = utf8 */;
CREATE TABLE `craft_categories` (
  `id` int(11) NOT NULL,
  `groupId` int(11) NOT NULL,
  `dateCreated` datetime NOT NULL,
  `dateUpdated` datetime NOT NULL,
  `uid` char(36) COLLATE utf8_unicode_ci NOT NULL DEFAULT '0',
  PRIMARY KEY (`id`),
  KEY `craft_categories_groupId_fk` (`groupId`),
  CONSTRAINT `craft_categories_groupId_fk` FOREIGN KEY (`groupId`) REFERENCES `craft_categorygroups` (`id`) ON DELETE CASCADE,
  CONSTRAINT `craft_categories_id_fk` FOREIGN KEY (`id`) REFERENCES `craft_elements` (`id`) ON DELETE CASCADE
) ENGINE=InnoDB DEFAULT CHARSET=utf8 COLLATE=utf8_unicode_ci;
/*!40101 SET character_set_client = @saved_cs_client */;

--
-- Dumping data for table `craft_categories`
--

LOCK TABLES `craft_categories` WRITE;
/*!40000 ALTER TABLE `craft_categories` DISABLE KEYS */;
SET autocommit=0;
INSERT INTO `craft_categories` VALUES (98,1,'2017-02-20 12:12:49','2017-02-20 12:12:49','d8d1a262-2076-4715-9252-0f956df8496a'),(99,1,'2017-02-20 12:13:23','2017-02-20 12:13:23','1854cea3-5224-4606-b567-bf9d45d7b9a0'),(100,1,'2017-02-20 12:13:56','2017-02-20 12:13:56','ed88532c-642d-4d96-ad3d-b632aa248fa6'),(101,1,'2017-02-20 12:14:13','2017-02-20 12:14:13','e7ecebda-2bc3-4dee-aa33-9c7f2e2f47ae'),(102,1,'2017-02-20 12:14:33','2017-02-20 12:14:33','7fb54043-d229-42c2-a067-569c53e850fd'),(103,1,'2017-02-20 12:14:57','2017-02-20 12:14:57','9811cda8-f90b-4e56-ab5b-19ac68bdc5f3'),(104,1,'2017-02-20 12:15:19','2017-02-20 12:15:19','115e46f1-3825-4fbd-8cff-5a1c7f5922f7'),(105,1,'2017-02-20 12:15:33','2017-02-20 12:15:33','8dbbd2ec-abf0-488a-8f33-8de653326156'),(106,1,'2017-02-20 12:16:01','2017-02-20 12:16:01','970e4421-4290-4f2b-95a2-97b33a63ba83'),(107,1,'2017-02-20 12:16:27','2017-02-20 12:16:27','ef94ba9b-4834-4113-8693-50b980a1381d'),(108,1,'2017-02-20 12:16:56','2017-02-20 12:16:56','534e9d48-f1ef-483a-80fc-66a1ed1e7b08'),(109,1,'2017-02-20 12:17:19','2017-02-20 12:17:19','a43b73d3-3a16-46c6-9d44-c564c303c7fb'),(110,1,'2017-02-20 12:17:34','2017-02-20 12:17:34','2898af58-b112-4a9a-88cb-610419bf8e73'),(111,1,'2017-02-20 12:17:57','2017-02-20 12:17:57','08fd0901-782f-4b3a-9b2c-03fc0ce49b83'),(112,1,'2017-02-20 12:18:13','2017-02-20 12:18:13','4301b36c-d8bc-4bc0-ac86-b62c36066c61'),(113,1,'2017-02-20 12:18:28','2017-02-20 12:18:28','b24b5721-113e-450e-8227-a398728b50c5'),(114,1,'2017-02-20 12:18:45','2017-02-20 12:18:45','cd0a6fb0-c278-4878-863c-122091c13329'),(115,1,'2017-02-20 12:18:59','2017-02-20 12:18:59','5b81bcea-21d1-459d-9e02-0622360dc008'),(116,1,'2017-02-20 12:19:16','2017-02-20 12:19:16','04522df8-2158-4f71-a844-cd78330c694a'),(117,1,'2017-02-20 12:19:52','2017-02-20 12:19:52','d267681a-9a17-44bb-ae19-1b20cfef3253'),(118,1,'2017-02-20 12:19:58','2017-02-20 12:19:58','d71f9a3d-8b44-4d56-8a97-b91783188a97'),(119,1,'2017-02-20 12:23:37','2017-02-20 12:23:37','0a2726e3-6e16-44f7-a2b5-5c33fa268e02'),(122,1,'2017-02-20 12:30:05','2017-02-20 12:30:05','ac266e9f-0a99-46f5-8eac-777afd5875cf'),(124,1,'2017-02-20 12:33:06','2017-02-20 12:33:06','70c4cc5e-cb58-49a5-bc65-e652243bbaf9'),(126,1,'2017-02-20 12:38:04','2017-02-20 12:38:04','d97c15ca-7246-4680-b5c9-318f820a24c9'),(128,1,'2017-02-20 12:39:49','2017-02-20 12:39:49','67362bf6-1110-4d16-b188-ad49ac685b91'),(130,1,'2017-02-20 12:41:54','2017-02-20 12:41:54','f1e6fd1f-cfdb-4475-8bf7-dcb4e1435799'),(132,1,'2017-02-20 12:43:36','2017-02-20 12:43:36','3f03993f-25cf-4225-be6c-e1b1d3e8d6fa');
/*!40000 ALTER TABLE `craft_categories` ENABLE KEYS */;
UNLOCK TABLES;
COMMIT;

--
-- Table structure for table `craft_categorygroups`
--

/*!40101 SET @saved_cs_client     = @@character_set_client */;
/*!40101 SET character_set_client = utf8 */;
CREATE TABLE `craft_categorygroups` (
  `id` int(11) NOT NULL AUTO_INCREMENT,
  `structureId` int(11) NOT NULL,
  `fieldLayoutId` int(11) DEFAULT NULL,
  `name` varchar(255) COLLATE utf8_unicode_ci NOT NULL,
  `handle` varchar(255) COLLATE utf8_unicode_ci NOT NULL,
  `hasUrls` tinyint(1) unsigned NOT NULL DEFAULT '1',
  `template` varchar(500) COLLATE utf8_unicode_ci DEFAULT NULL,
  `dateCreated` datetime NOT NULL,
  `dateUpdated` datetime NOT NULL,
  `uid` char(36) COLLATE utf8_unicode_ci NOT NULL DEFAULT '0',
  PRIMARY KEY (`id`),
  UNIQUE KEY `craft_categorygroups_name_unq_idx` (`name`),
  UNIQUE KEY `craft_categorygroups_handle_unq_idx` (`handle`),
  KEY `craft_categorygroups_structureId_fk` (`structureId`),
  KEY `craft_categorygroups_fieldLayoutId_fk` (`fieldLayoutId`),
  CONSTRAINT `craft_categorygroups_fieldLayoutId_fk` FOREIGN KEY (`fieldLayoutId`) REFERENCES `craft_fieldlayouts` (`id`) ON DELETE SET NULL,
  CONSTRAINT `craft_categorygroups_structureId_fk` FOREIGN KEY (`structureId`) REFERENCES `craft_structures` (`id`) ON DELETE CASCADE
) ENGINE=InnoDB AUTO_INCREMENT=2 DEFAULT CHARSET=utf8 COLLATE=utf8_unicode_ci;
/*!40101 SET character_set_client = @saved_cs_client */;

--
-- Dumping data for table `craft_categorygroups`
--

LOCK TABLES `craft_categorygroups` WRITE;
/*!40000 ALTER TABLE `craft_categorygroups` DISABLE KEYS */;
SET autocommit=0;
INSERT INTO `craft_categorygroups` VALUES (1,40,283,'Allergener','allergener',0,NULL,'2017-02-20 12:11:43','2017-02-20 12:53:12','455abe09-9fb8-465d-bb4a-f01de586643d');
/*!40000 ALTER TABLE `craft_categorygroups` ENABLE KEYS */;
UNLOCK TABLES;
COMMIT;

--
-- Table structure for table `craft_categorygroups_i18n`
--

/*!40101 SET @saved_cs_client     = @@character_set_client */;
/*!40101 SET character_set_client = utf8 */;
CREATE TABLE `craft_categorygroups_i18n` (
  `id` int(11) NOT NULL AUTO_INCREMENT,
  `groupId` int(11) NOT NULL,
  `locale` char(12) COLLATE utf8_unicode_ci NOT NULL,
  `urlFormat` text COLLATE utf8_unicode_ci,
  `nestedUrlFormat` text COLLATE utf8_unicode_ci,
  `dateCreated` datetime NOT NULL,
  `dateUpdated` datetime NOT NULL,
  `uid` char(36) COLLATE utf8_unicode_ci NOT NULL DEFAULT '0',
  PRIMARY KEY (`id`),
  UNIQUE KEY `craft_categorygroups_i18n_groupId_locale_unq_idx` (`groupId`,`locale`),
  KEY `craft_categorygroups_i18n_locale_fk` (`locale`),
  CONSTRAINT `craft_categorygroups_i18n_groupId_fk` FOREIGN KEY (`groupId`) REFERENCES `craft_categorygroups` (`id`) ON DELETE CASCADE,
  CONSTRAINT `craft_categorygroups_i18n_locale_fk` FOREIGN KEY (`locale`) REFERENCES `craft_locales` (`locale`) ON DELETE CASCADE ON UPDATE CASCADE
) ENGINE=InnoDB AUTO_INCREMENT=2 DEFAULT CHARSET=utf8 COLLATE=utf8_unicode_ci;
/*!40101 SET character_set_client = @saved_cs_client */;

--
-- Dumping data for table `craft_categorygroups_i18n`
--

LOCK TABLES `craft_categorygroups_i18n` WRITE;
/*!40000 ALTER TABLE `craft_categorygroups_i18n` DISABLE KEYS */;
SET autocommit=0;
INSERT INTO `craft_categorygroups_i18n` VALUES (1,1,'nb_no',NULL,NULL,'2017-02-20 12:11:43','2017-02-20 12:11:43','752d8cc5-0f26-4840-b9e5-fe781d54a955');
/*!40000 ALTER TABLE `craft_categorygroups_i18n` ENABLE KEYS */;
UNLOCK TABLES;
COMMIT;

--
-- Table structure for table `craft_content`
--

/*!40101 SET @saved_cs_client     = @@character_set_client */;
/*!40101 SET character_set_client = utf8 */;
CREATE TABLE `craft_content` (
  `id` int(11) NOT NULL AUTO_INCREMENT,
  `elementId` int(11) NOT NULL,
  `locale` char(12) COLLATE utf8_unicode_ci NOT NULL,
  `title` varchar(255) COLLATE utf8_unicode_ci DEFAULT NULL,
  `field_fokuspunkt` varchar(255) COLLATE utf8_unicode_ci DEFAULT NULL,
  `field_alt` text COLLATE utf8_unicode_ci,
  `field_rikTekst` text COLLATE utf8_unicode_ci,
  `field_renTekst` text COLLATE utf8_unicode_ci,
  `field_tittel` text COLLATE utf8_unicode_ci,
  `field_defaultField1` text COLLATE utf8_unicode_ci,
  `field_bildeposisjon` varchar(255) COLLATE utf8_unicode_ci DEFAULT NULL,
  `field_bildetekstposisjon` varchar(255) COLLATE utf8_unicode_ci DEFAULT NULL,
  `field_bildetekst` text COLLATE utf8_unicode_ci,
  `field_mellomrom` varchar(255) COLLATE utf8_unicode_ci DEFAULT 'begge',
  `field_bildetekstChkbox` tinyint(1) unsigned NOT NULL DEFAULT '0',
  `field_bildeChkbox` tinyint(1) unsigned NOT NULL DEFAULT '0',
  `field_tekstChkbox` tinyint(1) unsigned NOT NULL DEFAULT '0',
  `field_antallKolonner` varchar(255) COLLATE utf8_unicode_ci DEFAULT '1',
  `dateCreated` datetime NOT NULL,
  `dateUpdated` datetime NOT NULL,
  `uid` char(36) COLLATE utf8_unicode_ci NOT NULL DEFAULT '0',
  PRIMARY KEY (`id`),
  UNIQUE KEY `craft_content_elementId_locale_unq_idx` (`elementId`,`locale`),
  KEY `craft_content_title_idx` (`title`),
  KEY `craft_content_locale_fk` (`locale`),
  CONSTRAINT `craft_content_elementId_fk` FOREIGN KEY (`elementId`) REFERENCES `craft_elements` (`id`) ON DELETE CASCADE,
  CONSTRAINT `craft_content_locale_fk` FOREIGN KEY (`locale`) REFERENCES `craft_locales` (`locale`) ON DELETE CASCADE ON UPDATE CASCADE
) ENGINE=InnoDB AUTO_INCREMENT=148 DEFAULT CHARSET=utf8 COLLATE=utf8_unicode_ci;
/*!40101 SET character_set_client = @saved_cs_client */;

--
-- Dumping data for table `craft_content`
--

LOCK TABLES `craft_content` WRITE;
/*!40000 ALTER TABLE `craft_content` DISABLE KEYS */;
SET autocommit=0;
INSERT INTO `craft_content` VALUES (1,1,'nb_no',NULL,NULL,NULL,NULL,NULL,NULL,NULL,NULL,NULL,NULL,NULL,0,0,0,NULL,'2014-10-08 10:49:48','2016-03-23 14:49:38','22bdfcbe-634e-4e2b-aa58-5153c4ae4ef9'),(2,2,'nb_no','Forside',NULL,NULL,'<p>På historiske Kristiansten festning i Trondheim ligger <strong>Restaurant Kommandanten</strong> i den gamle kommandant-boligen.</p>',NULL,'Festningen servering og kulturarena',NULL,NULL,NULL,NULL,NULL,0,0,0,NULL,'2017-02-10 15:29:45','2017-02-28 16:32:45','d6ca2150-f1fe-43cb-8385-067cc8c01b13'),(3,3,'nb_no','Restaurant',NULL,NULL,'<p>Vi byr på gode mat og drikkeopplevelser på Trondheims tak, med kortreist mat fra de trønderske fylker. Her kan du slappe av i solen ved vår populære uteserveringen, se solnedgangen over Trondheim i festlig lag, eller hygge deg med et godt måltid inne i restauranten</p>',NULL,'Restaurant Kommandanten',NULL,NULL,NULL,NULL,NULL,0,0,0,NULL,'2017-02-10 15:30:01','2017-02-28 16:34:05','2de41c30-d3e4-4900-b8ac-c0b825607f0a'),(4,4,'nb_no','Selskap',NULL,NULL,NULL,NULL,NULL,NULL,NULL,NULL,NULL,NULL,0,0,0,NULL,'2017-02-10 15:30:11','2017-02-10 15:30:11','b64aba46-1ddf-4115-9465-311d19ab8ff9'),(5,5,'nb_no','Kristiansten festning',NULL,NULL,NULL,NULL,NULL,NULL,NULL,NULL,NULL,NULL,0,0,0,NULL,'2017-02-10 15:30:28','2017-02-10 15:30:28','119ff3d7-090c-4631-b2dd-a9d5f861c0c5'),(6,6,'nb_no','Dsc8592','29.72% 79.08%','',NULL,NULL,NULL,NULL,NULL,NULL,NULL,NULL,0,0,0,NULL,'2017-02-10 15:59:56','2017-02-28 16:34:03','e65593a4-01e6-46cc-9df2-c92888790c93'),(7,7,'nb_no','Dsc8599','81.12% 61.22%','',NULL,NULL,NULL,NULL,NULL,NULL,NULL,NULL,0,0,0,NULL,'2017-02-10 15:59:58','2017-02-28 16:19:03','0027f69d-070a-4e86-ae96-e27597e123d6'),(8,8,'nb_no','Dsc8592','50.35% 67.35%','',NULL,NULL,NULL,NULL,NULL,NULL,NULL,NULL,0,0,0,NULL,'2017-02-10 16:06:03','2017-02-11 17:11:21','3af0565a-ad46-43d5-948a-0de65cb425e8'),(9,9,'nb_no','Dsc8599','17.48% 65.82%','',NULL,NULL,NULL,NULL,NULL,NULL,NULL,NULL,0,0,0,NULL,'2017-02-10 16:06:04','2017-02-28 16:31:10','6d15ca0f-b6c7-450e-b539-f19b62e1b120'),(11,15,'nb_no','Clock',NULL,NULL,NULL,NULL,NULL,NULL,NULL,NULL,NULL,NULL,0,0,0,NULL,'2017-02-11 01:29:54','2017-02-11 01:29:54','d9b01d02-ff0a-4cc4-9448-793edc41931a'),(12,16,'nb_no','Icon Booking',NULL,NULL,NULL,NULL,NULL,NULL,NULL,NULL,NULL,NULL,0,0,0,NULL,'2017-02-11 23:41:31','2017-02-11 23:41:31','741e6559-74cd-4bc5-b026-3201172b1bea'),(14,27,'nb_no','Icon Search',NULL,NULL,NULL,NULL,NULL,NULL,NULL,NULL,NULL,NULL,0,0,0,NULL,'2017-02-13 15:17:03','2017-02-13 15:17:03','46be460f-43d4-4847-863c-bb90842dd40c'),(15,28,'nb_no','Icon Silhouette',NULL,NULL,NULL,NULL,NULL,NULL,NULL,NULL,NULL,NULL,0,0,0,NULL,'2017-02-13 15:17:05','2017-02-13 15:17:05','a0fe43d0-0d9f-4953-8989-9b377f0df88d'),(16,29,'nb_no','Icon Soup',NULL,NULL,NULL,NULL,NULL,NULL,NULL,NULL,NULL,NULL,0,0,0,NULL,'2017-02-13 15:17:07','2017-02-13 15:17:07','cb6f838e-8a68-4c0d-8026-d8392cd9ddbe'),(19,37,'nb_no',NULL,NULL,NULL,'<h2>Restauranten</h2>\r\n<p>Lorem ipsum dolor sit amet, consectetur adipiscing elit, sed do eiusmod tempor incididunt ut labore et dolore magna aliqua. Ut enim ad minim veniam, quis nostrud exercitation ullamco laboris nisi.</p>\r\n<p><a href=\"{entry:3:url}\"><strong>Les mer</strong></a></p>',NULL,NULL,NULL,'right','left','','begge',0,1,1,'1','2017-02-14 02:00:52','2017-02-28 16:31:46','a50da08a-3030-46a2-a6d7-9780d2d15cb3'),(20,38,'nb_no',NULL,NULL,NULL,'<h2>Restauranten</h2>\r\n<p><br />Lorem ipsum dolor sit amet</p>',NULL,NULL,NULL,'full','left','','ingen',0,1,0,NULL,'2017-02-14 02:00:52','2017-02-28 15:59:56','b4c6f468-c81b-4af8-bb4a-a6c5e42aafa8'),(24,45,'nb_no',NULL,NULL,NULL,'<h2>Selskap</h2>\r\n<p>Lorem ipsum dolor sit amet, bryllup adipiscing elit, sed do eiusmod dåp og minnestund incididunt ut labore et dolore magna aliqua. Juleord og juleselskap enim ad minim veniam, quis nostrud exercitation ullamco laboris nisi.</p>\r\n<p><br /></p>\r\n<p><a href=\"{entry:4:url}\">Les mer</a></p>',NULL,NULL,NULL,'right','left','','begge',0,1,1,'1','2017-02-14 16:36:11','2017-02-28 16:27:32','9957e56d-7e05-418b-aa89-39e43ebc04da'),(25,46,'nb_no',NULL,NULL,NULL,'<h2>Historiske omgivelser</h2>\r\n<p>Lorem ipsum dolor sit amet, bryllup adipiscing elit, sed do eiusmod dåp og minnestund incididunt ut labore et dolore magna aliqua. Juleord og juleselskap enim ad minim veniam, quis nostrud exercitation ullamco laboris nisi.</p>\r\n<p><a href=\"{entry:4:url}\">Les mer</a></p>',NULL,NULL,NULL,'left','left','','begge',0,1,1,NULL,'2017-02-14 16:36:11','2017-02-28 16:27:33','ed09056d-94e9-4e32-878d-e59e378895a6'),(66,88,'nb_no','Festningens smørbrød',NULL,NULL,NULL,NULL,NULL,NULL,NULL,NULL,NULL,'begge',0,0,0,NULL,'2017-02-19 23:33:17','2017-02-20 14:31:09','e5bb0b25-111b-4522-be8c-317ef7ebaf97'),(67,90,'nb_no','Icon Allergen Egg',NULL,NULL,NULL,NULL,NULL,NULL,NULL,NULL,NULL,'begge',0,0,0,NULL,'2017-02-20 12:10:31','2017-02-20 12:10:31','0205dca6-2fd2-4375-b0bb-334680857c48'),(68,91,'nb_no','Icon Allergen Fisk',NULL,NULL,NULL,NULL,NULL,NULL,NULL,NULL,NULL,'begge',0,0,0,NULL,'2017-02-20 12:10:31','2017-02-20 12:10:31','45eb7db2-6162-4562-bbe2-0a2daa8b1247'),(69,92,'nb_no','Icon Allergen Hvete',NULL,NULL,NULL,NULL,NULL,NULL,NULL,NULL,NULL,'begge',0,0,0,NULL,'2017-02-20 12:10:32','2017-02-20 12:10:32','cafb6f51-93ec-4321-bf90-745047121546'),(70,93,'nb_no','Icon Allergen Melk',NULL,NULL,NULL,NULL,NULL,NULL,NULL,NULL,NULL,'begge',0,0,0,NULL,'2017-02-20 12:10:33','2017-02-20 12:10:33','4f54e114-5cd2-444d-8b27-cab27643751e'),(71,94,'nb_no','Icon Allergen Nuts',NULL,NULL,NULL,NULL,NULL,NULL,NULL,NULL,NULL,'begge',0,0,0,NULL,'2017-02-20 12:10:33','2017-02-20 12:10:33','48e2fe4e-dbda-4871-93d0-6207fd20ba43'),(72,95,'nb_no','Icon Allergen Peanuts',NULL,NULL,NULL,NULL,NULL,NULL,NULL,NULL,NULL,'begge',0,0,0,NULL,'2017-02-20 12:10:34','2017-02-20 12:10:34','57241404-bc4f-4fee-be20-3fbcffa3c386'),(73,96,'nb_no','Icon Allergen Skalldyr',NULL,NULL,NULL,NULL,NULL,NULL,NULL,NULL,NULL,'begge',0,0,0,NULL,'2017-02-20 12:10:35','2017-02-20 12:10:35','78cca000-2a46-400b-b234-a59e7f2e6553'),(74,97,'nb_no','Icon Allergen Soya',NULL,NULL,NULL,NULL,NULL,NULL,NULL,NULL,NULL,'begge',0,0,0,NULL,'2017-02-20 12:10:35','2017-02-20 12:10:35','1d5cd59f-43fb-4dca-813b-b025d4a6e660'),(75,98,'nb_no','Hvete',NULL,NULL,NULL,NULL,NULL,NULL,NULL,NULL,NULL,'begge',0,0,0,NULL,'2017-02-20 12:12:49','2017-02-20 12:12:49','460ef13f-d326-4ddf-9c29-cafd1d840050'),(76,99,'nb_no','Rug',NULL,NULL,NULL,NULL,NULL,NULL,NULL,NULL,NULL,'begge',0,0,0,NULL,'2017-02-20 12:13:23','2017-02-20 12:13:23','1afe50b9-fdfa-44ee-8dda-f2863539b4b0'),(77,100,'nb_no','Bygg',NULL,NULL,NULL,NULL,NULL,NULL,NULL,NULL,NULL,'begge',0,0,0,NULL,'2017-02-20 12:13:56','2017-02-20 12:13:56','797fe2d6-dc71-4dab-b827-2e23b641c32a'),(78,101,'nb_no','Havre',NULL,NULL,NULL,NULL,NULL,NULL,NULL,NULL,NULL,'begge',0,0,0,NULL,'2017-02-20 12:14:13','2017-02-20 12:14:13','d7187faf-a62b-404e-9597-7369d933e00b'),(79,102,'nb_no','Spelt',NULL,NULL,NULL,NULL,NULL,NULL,NULL,NULL,NULL,'begge',0,0,0,NULL,'2017-02-20 12:14:33','2017-02-20 12:14:33','e7fc510a-80bf-4ba6-990f-67a9fdfce639'),(80,103,'nb_no','Korasanhvete',NULL,NULL,NULL,NULL,NULL,NULL,NULL,NULL,NULL,'begge',0,0,0,NULL,'2017-02-20 12:14:57','2017-02-20 12:14:57','aa105bbd-85e6-4600-a44a-57f04230a5a7'),(81,104,'nb_no','Skalldyr',NULL,NULL,NULL,NULL,NULL,NULL,NULL,NULL,NULL,'begge',0,0,0,NULL,'2017-02-20 12:15:19','2017-02-20 12:15:19','96f7c4c1-5ee2-48ea-9d3e-acbbc354bb86'),(82,105,'nb_no','Egg',NULL,NULL,NULL,NULL,NULL,NULL,NULL,NULL,NULL,'begge',0,0,0,NULL,'2017-02-20 12:15:33','2017-02-20 12:15:33','8630e734-9021-480b-a46e-b935e1d721b6'),(83,106,'nb_no','Fisk',NULL,NULL,NULL,NULL,NULL,NULL,NULL,NULL,NULL,'begge',0,0,0,NULL,'2017-02-20 12:16:01','2017-02-20 12:16:01','fe71a400-38bf-45b7-bf06-f195d0f8ff40'),(84,107,'nb_no','Peanøtter',NULL,NULL,NULL,NULL,NULL,NULL,NULL,NULL,NULL,'begge',0,0,0,NULL,'2017-02-20 12:16:27','2017-02-20 12:16:27','b57cc3cf-2a86-4a49-80d4-131d1aa032a8'),(85,108,'nb_no','Soya',NULL,NULL,NULL,NULL,NULL,NULL,NULL,NULL,NULL,'begge',0,0,0,NULL,'2017-02-20 12:16:56','2017-02-20 12:16:56','a5324e1a-cc76-418f-9c6c-bf2f270d3c86'),(86,109,'nb_no','Melk',NULL,NULL,NULL,NULL,NULL,NULL,NULL,NULL,NULL,'begge',0,0,0,NULL,'2017-02-20 12:17:19','2017-02-20 12:17:19','bc822609-d3c5-41a0-bcd3-acc7e3fe7f4d'),(87,110,'nb_no','Mandler',NULL,NULL,NULL,NULL,NULL,NULL,NULL,NULL,NULL,'begge',0,0,0,NULL,'2017-02-20 12:17:34','2017-02-20 12:17:34','91bdfee6-fae2-4d78-acb4-553051f46e98'),(88,111,'nb_no','Hasselnøtter',NULL,NULL,NULL,NULL,NULL,NULL,NULL,NULL,NULL,'begge',0,0,0,NULL,'2017-02-20 12:17:57','2017-02-20 12:17:57','0a45f2d5-1db5-4509-8bdc-c5943da9ec43'),(89,112,'nb_no','Valnøtter',NULL,NULL,NULL,NULL,NULL,NULL,NULL,NULL,NULL,'begge',0,0,0,NULL,'2017-02-20 12:18:12','2017-02-20 12:18:12','59582c30-3b05-4dcd-987c-405273d29dae'),(90,113,'nb_no','Kasjunøtter',NULL,NULL,NULL,NULL,NULL,NULL,NULL,NULL,NULL,'begge',0,0,0,NULL,'2017-02-20 12:18:27','2017-02-20 12:18:27','0934d7d5-1c03-456c-9035-81151b6c6c43'),(91,114,'nb_no','Pekannøtter',NULL,NULL,NULL,NULL,NULL,NULL,NULL,NULL,NULL,'begge',0,0,0,NULL,'2017-02-20 12:18:44','2017-02-20 12:18:44','c8bd3226-bca3-40e1-a108-db0c00272a21'),(92,115,'nb_no','Pistasienøtter',NULL,NULL,NULL,NULL,NULL,NULL,NULL,NULL,NULL,'begge',0,0,0,NULL,'2017-02-20 12:18:59','2017-02-20 12:18:59','33240930-14b4-47e8-b789-f1807fb2f9d6'),(93,116,'nb_no','Paranøtter',NULL,NULL,NULL,NULL,NULL,NULL,NULL,NULL,NULL,'begge',0,0,0,NULL,'2017-02-20 12:19:16','2017-02-20 12:19:16','7dcd01ad-9737-41bd-9c91-ab05c44876c7'),(94,117,'nb_no','Nøtter',NULL,NULL,NULL,NULL,NULL,NULL,NULL,NULL,NULL,'begge',0,0,0,NULL,'2017-02-20 12:19:52','2017-02-20 12:19:52','b0f8c0ad-af74-474b-8e92-ff87b6158b9e'),(95,118,'nb_no','Macadamianøtter',NULL,NULL,NULL,NULL,NULL,NULL,NULL,NULL,NULL,'begge',0,0,0,NULL,'2017-02-20 12:19:58','2017-02-20 12:19:58','8e9ee098-748d-4928-adff-9d84c843ec5d'),(96,119,'nb_no','Korn',NULL,NULL,NULL,NULL,NULL,NULL,NULL,NULL,NULL,'begge',0,0,0,NULL,'2017-02-20 12:23:37','2017-02-20 12:23:37','f29af806-5a78-430e-9cbe-d8aa06efc81c'),(97,120,'nb_no','Icon Allergen Celery',NULL,NULL,NULL,NULL,NULL,NULL,NULL,NULL,NULL,'begge',0,0,0,NULL,'2017-02-20 12:27:07','2017-02-20 12:29:51','3eb05191-b4dd-47d6-a1aa-f8c6ec1e8524'),(99,122,'nb_no','Selleri',NULL,NULL,NULL,NULL,NULL,NULL,NULL,NULL,NULL,'begge',0,0,0,NULL,'2017-02-20 12:30:05','2017-02-20 12:30:05','ece6f2c6-ca4f-4624-9fa2-b2eb4eaa9ca0'),(100,123,'nb_no','Icon Allergen Sennep',NULL,NULL,NULL,NULL,NULL,NULL,NULL,NULL,NULL,'begge',0,0,0,NULL,'2017-02-20 12:33:01','2017-02-20 12:33:01','2dc6ef4e-fdf2-49fb-a5f0-c6924f75b80a'),(101,124,'nb_no','Sennep',NULL,NULL,NULL,NULL,NULL,NULL,NULL,NULL,NULL,'begge',0,0,0,NULL,'2017-02-20 12:33:06','2017-02-20 12:33:06','5b7bfa3e-969a-42ee-8e6d-df18fc786f87'),(102,125,'nb_no','Icon Allergen Sesame',NULL,NULL,NULL,NULL,NULL,NULL,NULL,NULL,NULL,'begge',0,0,0,NULL,'2017-02-20 12:37:58','2017-02-20 12:37:58','43fe5846-3e8f-4816-89fe-a5783038478c'),(103,126,'nb_no','Sesamfrø',NULL,NULL,NULL,NULL,NULL,NULL,NULL,NULL,NULL,'begge',0,0,0,NULL,'2017-02-20 12:38:04','2017-02-20 12:38:04','f7b79ba2-a367-4aee-ac23-7b20fbccbe41'),(104,127,'nb_no','Icon Allergen Sulfit',NULL,NULL,NULL,NULL,NULL,NULL,NULL,NULL,NULL,'begge',0,0,0,NULL,'2017-02-20 12:39:38','2017-02-20 12:39:38','6b29e43d-a57c-4518-aab1-353b079d66ac'),(105,128,'nb_no','Sulfitt',NULL,NULL,NULL,NULL,NULL,NULL,NULL,NULL,NULL,'begge',0,0,0,NULL,'2017-02-20 12:39:49','2017-02-20 12:39:49','cb80d575-a0cb-4f7b-b955-fb7e3452e87b'),(106,129,'nb_no','Icon Allergen Lupin',NULL,NULL,NULL,NULL,NULL,NULL,NULL,NULL,NULL,'begge',0,0,0,NULL,'2017-02-20 12:41:49','2017-02-20 12:41:49','0475ebec-3e68-4679-8613-0becf271d04e'),(107,130,'nb_no','Lupin',NULL,NULL,NULL,NULL,NULL,NULL,NULL,NULL,NULL,'begge',0,0,0,NULL,'2017-02-20 12:41:54','2017-02-20 12:41:54','e956188d-d527-4e76-a3e8-8ea2452381b0'),(108,131,'nb_no','Icon Allergen Softshell',NULL,NULL,NULL,NULL,NULL,NULL,NULL,NULL,NULL,'begge',0,0,0,NULL,'2017-02-20 12:43:31','2017-02-20 12:43:31','cbe2d938-74e0-48f1-8df7-af89a2ff7583'),(109,132,'nb_no','Bløtdyr',NULL,NULL,NULL,NULL,NULL,NULL,NULL,NULL,NULL,'begge',0,0,0,NULL,'2017-02-20 12:43:36','2017-02-20 12:43:36','870a40e2-9d2d-4f64-ae2f-d0c0fbf60d62'),(110,134,'nb_no','Smørbrød med røkt ørret',NULL,NULL,NULL,NULL,NULL,NULL,NULL,NULL,NULL,'begge',0,0,0,NULL,'2017-02-20 12:55:20','2017-02-20 14:31:00','547c6963-a690-4011-ab7f-aa8ef08d5cc8'),(111,136,'nb_no','Finnbiff',NULL,NULL,NULL,NULL,NULL,NULL,NULL,NULL,NULL,'begge',0,0,0,NULL,'2017-02-20 12:56:14','2017-02-20 14:30:53','e6fe4aed-aaf0-4b75-b0b6-6f2b26c67273'),(112,138,'nb_no','Soppsuppe',NULL,NULL,NULL,NULL,NULL,NULL,NULL,NULL,NULL,'begge',0,0,0,NULL,'2017-02-20 12:59:47','2017-02-20 14:30:41','f0471648-8f52-4098-b91d-5ef134cb84d0'),(113,140,'nb_no','Kommandantens burger',NULL,NULL,NULL,NULL,NULL,NULL,NULL,NULL,NULL,'begge',0,0,0,NULL,'2017-02-20 13:00:23','2017-02-20 14:30:33','b234ecfc-43c2-4b1a-a2ae-ed7045e6f110'),(114,142,'nb_no','Festningens kaker',NULL,NULL,NULL,NULL,NULL,NULL,NULL,NULL,NULL,'begge',0,0,0,NULL,'2017-02-20 13:01:03','2017-02-20 14:30:26','baec2065-df26-4859-9569-fa1c75a350e5'),(115,144,'nb_no','Deletallerken (min 2 pers)',NULL,NULL,NULL,NULL,NULL,NULL,NULL,NULL,NULL,'begge',0,0,0,NULL,'2017-02-20 13:03:05','2017-02-20 13:03:05','d527e4cf-9868-4fbb-8909-45e540e89a04'),(116,146,'nb_no','Torsk',NULL,NULL,NULL,NULL,NULL,NULL,NULL,NULL,NULL,'begge',0,0,0,NULL,'2017-02-20 13:03:42','2017-02-20 14:29:34','7b03541d-8010-4aa9-952e-a2c6df3096a2'),(117,148,'nb_no','Rein',NULL,NULL,NULL,NULL,NULL,NULL,NULL,NULL,NULL,'begge',0,0,0,NULL,'2017-02-20 13:04:06','2017-02-20 13:04:06','f6dfb8d2-62f4-47eb-ada1-249c60989c2b'),(118,150,'nb_no','Ostefat',NULL,NULL,NULL,NULL,NULL,NULL,NULL,NULL,NULL,'begge',0,0,0,NULL,'2017-02-20 13:04:39','2017-02-20 13:04:39','b413024a-fb0a-4ccd-80b8-ecb661cc497d'),(119,152,'nb_no','Frukt og fløteis',NULL,NULL,NULL,NULL,NULL,NULL,NULL,NULL,NULL,'begge',0,0,0,NULL,'2017-02-20 13:05:15','2017-02-20 13:05:15','ff805d87-b9c0-4b6a-9cc8-309a09b46abf'),(120,154,'nb_no','Hvit sjokolade og kaffe',NULL,NULL,NULL,NULL,NULL,NULL,NULL,NULL,NULL,'begge',0,0,0,NULL,'2017-02-20 13:06:03','2017-02-20 13:06:03','aba26a3d-8071-42ae-9222-f5307d961e8f'),(121,158,'nb_no','Icon Sandwich',NULL,NULL,NULL,NULL,NULL,NULL,NULL,NULL,NULL,'begge',0,0,0,NULL,'2017-02-21 12:06:56','2017-02-21 12:06:56','539c0b27-b868-4b72-be0d-a30655361ce7'),(122,159,'nb_no',NULL,NULL,NULL,'<h3>Lokale råvarer</h3>\r\n<p>Lorem ipsum dolor sit amet, consectetur adipiscing elit, sed do eiusmod tempor incididunt ut l abore et dolore magna aliqua. Ut enim ad minim veniam, quis nostrud exercitation ullamco laboris nisi. sed do eiusmod tempor incididunt ut l abore et dolore magna aliqua. Ut enim ad minim veniam, quis nostrud exercitation ullamco laboris nisi. sed do eiusmod tempor incididunt ut l abore et dolore magna aliqua. Ut enim Lorem ipsum dolor sit amet, consectetur adipiscing elit, sed do eiusmod tempor incididunt ut l abore et dolore magna aliqua. Ut enim ad minim veniam, quis nostrud exercitation ullamco laboris nisi. sed do eiusmod tempor incididunt ut l abore et dolore magna aliqua. Ut enim ad minim veniam, quis nostrud exercitation ullamco laboris nisi. sed do eiusmod tempor incididunt ut l abore et dolore magna aliqua. Ut enim <br /></p>',NULL,NULL,NULL,'full','drop-left','<p>Lorem ipsum</p>','begge',0,1,1,'2','2017-02-26 19:25:41','2017-02-28 01:12:00','7d7e50bb-1ffa-46bb-9fdc-f588678bd81c'),(123,160,'nb_no',NULL,NULL,NULL,'<h3>Ukens 3-rettere</h3>\r\n<p>Lorem ipsum dolor sit amet, consectetur adipiscing elit, sed do eiusmod tempor incididunt ut l abore et dolore magna aliqua. Ut enim ad minim veniam, quis nostrud exercitation ullamco laboris nisi. sed do eiusmod tempor incididunt ut l abore et dolore magna aliqua. Ut enim ad minim veniam, quis nostrud exercitation ullamco laboris nisi. sed do eiusmod tempor incididunt ut l abore et dolore magna aliqua. Ut enim <br /></p>',NULL,NULL,NULL,'left','left','','under',0,1,1,'1','2017-02-26 19:25:41','2017-02-28 01:12:00','7bc2f227-c3bc-4ef6-91f9-0375b2d93ec4'),(124,161,'nb_no',NULL,NULL,NULL,'<h3>Uteservering</h3>\r\n<p>Lorem ipsum dolor sit amet, consectetur adipiscing elit, sed do eiusmod tempor incididunt ut l abore et dolore magna aliqua. Ut enim ad minim veniam, quis nostrud exercitation ullamco laboris nisi. sed do eiusmod tempor incididunt ut l abore et dolore magna aliqua. Ut enim ad minim veniam, quis nostrud exercitation ullamco laboris nisi. sed do eiusmod tempor incididunt ut l abore et dolore magna aliqua. Ut enim <br /></p>',NULL,NULL,NULL,'right','left','','under',0,1,1,'1','2017-02-26 19:25:41','2017-02-28 01:02:22','202fa085-26a3-4d45-9df4-c10b0e58e04e'),(125,162,'nb_no','Img 7658','52.8% 77.66%','',NULL,NULL,NULL,NULL,NULL,NULL,NULL,'begge',0,0,0,'1','2017-02-28 01:05:04','2017-02-28 16:32:43','7d1d8929-e1a7-4af4-8c8a-b7d2c0cef655'),(126,163,'nb_no','Img 7671',NULL,NULL,NULL,NULL,NULL,NULL,NULL,NULL,NULL,'begge',0,0,0,'1','2017-02-28 01:05:06','2017-02-28 01:05:06','4ac14464-f08f-40c6-9da6-5a60e28b5e83'),(127,164,'nb_no','Img 7685',NULL,NULL,NULL,NULL,NULL,NULL,NULL,NULL,NULL,'begge',0,0,0,'1','2017-02-28 01:05:09','2017-02-28 01:05:09','a3493b49-e3ba-467a-a83e-8717a6648bd3'),(128,165,'nb_no','Img 7686',NULL,NULL,NULL,NULL,NULL,NULL,NULL,NULL,NULL,'begge',0,0,0,'1','2017-02-28 01:05:11','2017-02-28 01:05:11','896e9e6f-1f82-4b93-9289-5b25f2cf85cf'),(129,166,'nb_no','Img 7705','70.28% 55.33%','',NULL,NULL,NULL,NULL,NULL,NULL,NULL,'begge',0,0,0,'1','2017-02-28 01:05:14','2017-02-28 16:17:01','a7846df1-3f57-43ff-a9bd-c905b8ee41e5'),(130,167,'nb_no','Img 7707',NULL,NULL,NULL,NULL,NULL,NULL,NULL,NULL,NULL,'begge',0,0,0,'1','2017-02-28 01:11:44','2017-02-28 01:11:44','62226af7-2be4-4bb1-ae41-75d9dad45af5'),(131,168,'nb_no',NULL,NULL,NULL,'',NULL,NULL,NULL,'full','drop-left','<p>ullamco laboris nisi. sed do eiusmod tempor incididunt ut l abore et dolore magnostrud exercitation ullamco laboris nisi.sed do. </p>\r\n<p><strong>Eiusmod tempor incididunt ut l abore et dolore magna aliqua. </strong></p>\r\n<p>Ut enim ad minim veniam, quis nostrud exercitation ullamco laboris nisi.sed do. </p>','begge',1,1,0,'1','2017-02-28 01:12:00','2017-02-28 01:13:30','5845a646-eb0f-4e97-adea-a026e5e23142'),(132,169,'nb_no',NULL,NULL,NULL,NULL,NULL,NULL,NULL,NULL,NULL,NULL,'begge',0,0,0,'1','2017-02-28 15:55:09','2017-02-28 15:59:23','215be5e6-3498-4e18-8d4d-e3d021795ca6'),(133,172,'nb_no','Dsc0649',NULL,NULL,NULL,NULL,NULL,NULL,NULL,NULL,NULL,'begge',0,0,0,'1','2017-02-28 16:22:38','2017-02-28 16:22:38','9f3415a5-c0ca-4aa5-abec-928437cfdf43'),(134,173,'nb_no','Dsc0649 2',NULL,NULL,NULL,NULL,NULL,NULL,NULL,NULL,NULL,'begge',0,0,0,'1','2017-02-28 16:22:39','2017-02-28 16:22:39','d5c2591a-7a6a-473e-a293-9b02c64d5cbc'),(135,174,'nb_no','Dsc0651','50.7% 62.07%','',NULL,NULL,NULL,NULL,NULL,NULL,NULL,'begge',0,0,0,'1','2017-02-28 16:22:42','2017-02-28 16:31:44','95b8886f-298c-46e9-97a6-da716a689359'),(136,175,'nb_no','Dsc0658','28.67% 23.91%','',NULL,NULL,NULL,NULL,NULL,NULL,NULL,'begge',0,0,0,'1','2017-02-28 16:22:46','2017-02-28 16:30:29','9138ad58-6ac1-4d55-8164-f29a23552aa4'),(137,176,'nb_no','Dsc0662','48.95% 34.18%','',NULL,NULL,NULL,NULL,NULL,NULL,NULL,'begge',0,0,0,'1','2017-02-28 16:22:48','2017-02-28 16:29:40','a6e44463-d745-447d-895c-76dc450fc41c'),(138,177,'nb_no','Dsc6944',NULL,NULL,NULL,NULL,NULL,NULL,NULL,NULL,NULL,'begge',0,0,0,'1','2017-02-28 16:22:50','2017-02-28 16:22:50','0e4bb080-d0cc-4090-bd89-adde9332d835'),(139,178,'nb_no','Dsc6970',NULL,NULL,NULL,NULL,NULL,NULL,NULL,NULL,NULL,'begge',0,0,0,'1','2017-02-28 16:22:52','2017-02-28 16:22:52','88840c96-d73e-4209-91a3-ec2d669d2547'),(140,179,'nb_no','Dsc7004',NULL,NULL,NULL,NULL,NULL,NULL,NULL,NULL,NULL,'begge',0,0,0,'1','2017-02-28 16:22:54','2017-02-28 16:22:54','3689e777-7715-42c4-b8db-921f40b5f43b'),(141,180,'nb_no','Dsc7150',NULL,NULL,NULL,NULL,NULL,NULL,NULL,NULL,NULL,'begge',0,0,0,'1','2017-02-28 16:22:56','2017-02-28 16:22:56','84a61edb-8fce-4baf-a200-233dfbef13c1'),(142,181,'nb_no','Dsc7256',NULL,NULL,NULL,NULL,NULL,NULL,NULL,NULL,NULL,'begge',0,0,0,'1','2017-02-28 16:22:58','2017-02-28 16:22:58','442c6aa2-49a6-4dbe-8019-3d8ef0d96a64'),(143,182,'nb_no','Kommandanten',NULL,NULL,NULL,NULL,NULL,NULL,NULL,NULL,NULL,'begge',0,0,0,'1','2017-02-28 16:22:59','2017-02-28 16:22:59','1d6b0ab5-2c59-4ae9-942f-1e30be41840f'),(145,184,'nb_no',NULL,NULL,NULL,'<p><strong>FESTNINGEN SERVERING OG KULTURARENA</strong></p>\r\n<p><strong>Tlf:</strong> <a href=\"tel:2045052666\">450 52 666</a><br /><strong>E-post:</strong> <a href=\"mailto:%20kommandanten@festningenservering.no\">kommandanten@festningenservering.no</a><br /><strong>Adresse:</strong> Kristianstensbakken 30, 7016 Trondheim<br /><strong>Postadresse:</strong> Postboks 4085, Bakklandet, 7454 Trondheim<br /></p>',NULL,NULL,NULL,NULL,NULL,NULL,'begge',0,0,0,'1','2017-02-28 16:46:29','2017-02-28 16:56:02','a3b49c72-3ffc-421c-874e-a5308eb71f22'),(146,185,'nb_no','Logo Bg',NULL,NULL,NULL,NULL,NULL,NULL,NULL,NULL,NULL,'begge',0,0,0,'1','2017-02-28 16:47:02','2017-02-28 16:47:02','0ceff75c-c0d9-4ed5-87d5-24a499ef60a5'),(147,186,'nb_no','Logo Silhouette',NULL,NULL,NULL,NULL,NULL,NULL,NULL,NULL,NULL,'begge',0,0,0,'1','2017-02-28 16:49:46','2017-02-28 16:49:46','94ab33dc-91ff-42c2-890b-c3e558cfb913');
/*!40000 ALTER TABLE `craft_content` ENABLE KEYS */;
UNLOCK TABLES;
COMMIT;

--
-- Table structure for table `craft_cpnav_layouts`
--

/*!40101 SET @saved_cs_client     = @@character_set_client */;
/*!40101 SET character_set_client = utf8 */;
CREATE TABLE `craft_cpnav_layouts` (
  `id` int(11) NOT NULL AUTO_INCREMENT,
  `name` varchar(255) COLLATE utf8_unicode_ci DEFAULT NULL,
  `isDefault` tinyint(1) unsigned NOT NULL DEFAULT '0',
  `permissions` text COLLATE utf8_unicode_ci,
  `dateCreated` datetime NOT NULL,
  `dateUpdated` datetime NOT NULL,
  `uid` char(36) COLLATE utf8_unicode_ci NOT NULL DEFAULT '0',
  PRIMARY KEY (`id`)
) ENGINE=InnoDB AUTO_INCREMENT=2 DEFAULT CHARSET=utf8 COLLATE=utf8_unicode_ci;
/*!40101 SET character_set_client = @saved_cs_client */;

--
-- Dumping data for table `craft_cpnav_layouts`
--

LOCK TABLES `craft_cpnav_layouts` WRITE;
/*!40000 ALTER TABLE `craft_cpnav_layouts` DISABLE KEYS */;
SET autocommit=0;
INSERT INTO `craft_cpnav_layouts` VALUES (1,'Default',1,NULL,'2015-10-25 12:33:16','2015-10-25 12:33:16','33b57956-f2e1-4083-8cab-fe3c86d701c2');
/*!40000 ALTER TABLE `craft_cpnav_layouts` ENABLE KEYS */;
UNLOCK TABLES;
COMMIT;

--
-- Table structure for table `craft_cpnav_navs`
--

/*!40101 SET @saved_cs_client     = @@character_set_client */;
/*!40101 SET character_set_client = utf8 */;
CREATE TABLE `craft_cpnav_navs` (
  `id` int(11) NOT NULL AUTO_INCREMENT,
  `layoutId` int(11) DEFAULT NULL,
  `handle` varchar(255) COLLATE utf8_unicode_ci DEFAULT NULL,
  `prevLabel` varchar(255) COLLATE utf8_unicode_ci DEFAULT NULL,
  `currLabel` varchar(255) COLLATE utf8_unicode_ci DEFAULT NULL,
  `enabled` tinyint(1) unsigned NOT NULL DEFAULT '1',
  `order` int(10) DEFAULT '0',
  `prevUrl` varchar(255) COLLATE utf8_unicode_ci DEFAULT NULL,
  `url` varchar(255) COLLATE utf8_unicode_ci DEFAULT NULL,
  `icon` varchar(255) COLLATE utf8_unicode_ci DEFAULT NULL,
  `customIcon` text COLLATE utf8_unicode_ci,
  `manualNav` tinyint(1) unsigned NOT NULL DEFAULT '0',
  `newWindow` tinyint(1) unsigned NOT NULL DEFAULT '0',
  `dateCreated` datetime NOT NULL,
  `dateUpdated` datetime NOT NULL,
  `uid` char(36) COLLATE utf8_unicode_ci NOT NULL DEFAULT '0',
  PRIMARY KEY (`id`),
  KEY `craft_cpnav_navs_layoutId_fk` (`layoutId`),
  CONSTRAINT `craft_cpnav_navs_layoutId_fk` FOREIGN KEY (`layoutId`) REFERENCES `craft_cpnav_layouts` (`id`) ON DELETE SET NULL
) ENGINE=InnoDB AUTO_INCREMENT=22 DEFAULT CHARSET=utf8 COLLATE=utf8_unicode_ci;
/*!40101 SET character_set_client = @saved_cs_client */;

--
-- Dumping data for table `craft_cpnav_navs`
--

LOCK TABLES `craft_cpnav_navs` WRITE;
/*!40000 ALTER TABLE `craft_cpnav_navs` DISABLE KEYS */;
SET autocommit=0;
INSERT INTO `craft_cpnav_navs` VALUES (1,1,'dashboard','Kontrollpanel','Kontrollpanel',1,0,'dashboard','dashboard','gauge',NULL,0,0,'2015-10-25 12:33:16','2016-12-13 10:27:59','8389e86d-0c7f-4ab2-ae0e-dbfc180a967b'),(3,1,'assets','Filer','Filer',1,2,'assets','assets','assets',NULL,0,0,'2015-10-25 12:33:16','2016-12-13 10:28:01','e81b6a91-78f4-4302-9c73-99f416a526a0'),(5,1,'settings','Innstillinger','Innstillinger',1,4,'settings','settings','settings',NULL,0,0,'2016-01-19 15:33:51','2016-12-13 10:28:08','6fd29f8c-59cd-4003-835d-14a411012823'),(15,1,'seomatic','SEOmatic','SEOmatic',1,4,'seomatic','seomatic','iconSvg-seomatic',NULL,0,0,'2016-06-14 12:18:20','2016-12-13 10:28:10','f22a3452-e1b2-4c14-86b5-7de93e35175f'),(16,1,'entries','Artikler','Artikler',1,1,'entries','entries','section',NULL,0,0,'2017-02-10 15:29:46','2017-02-10 15:29:46','97e0d61c-bf0d-43fe-b61d-dbbaf87d92a5'),(17,1,'amnav','a&m nav','a&m nav',1,3,'amnav','amnav','iconSvg-amnav',NULL,0,0,'2017-02-10 16:45:55','2017-02-10 16:45:55','f7c41d95-77ad-46fd-a0a2-9281d8c053ef'),(18,1,'sproutforms','Sprout Forms','Sprout Forms',1,5,'sproutforms','sproutforms','iconSvg-sproutforms',NULL,0,0,'2017-02-13 13:39:02','2017-02-13 13:39:02','c3b803f9-972e-4323-b597-4ccb349f6c93'),(19,1,'categories','Kategorier','Kategorier',1,2,'categories','categories','categories',NULL,0,0,'2017-02-20 12:11:44','2017-02-20 12:11:44','182c0859-5d10-4cdd-9f98-7b3d9d69fce1'),(20,1,'fieldmanager','Field Manager','Field Manager',1,5,'fieldmanager','fieldmanager','iconSvg-fieldmanager',NULL,0,0,'2017-02-26 18:42:03','2017-02-26 18:42:03','cfff4191-7a74-4eb7-81a0-50a6c76a3ae7'),(21,1,'globals','Globaler','Globaler',1,2,'globals/footer','globals/footer','globe',NULL,0,0,'2017-02-28 16:46:30','2017-02-28 16:46:30','cb071c56-e4aa-46e0-ae62-0f7fbb46560c');
/*!40000 ALTER TABLE `craft_cpnav_navs` ENABLE KEYS */;
UNLOCK TABLES;
COMMIT;

--
-- Table structure for table `craft_deprecationerrors`
--

/*!40101 SET @saved_cs_client     = @@character_set_client */;
/*!40101 SET character_set_client = utf8 */;
CREATE TABLE `craft_deprecationerrors` (
  `id` int(11) NOT NULL AUTO_INCREMENT,
  `key` varchar(255) COLLATE utf8_unicode_ci NOT NULL,
  `fingerprint` varchar(255) COLLATE utf8_unicode_ci NOT NULL,
  `lastOccurrence` datetime NOT NULL,
  `file` varchar(255) COLLATE utf8_unicode_ci NOT NULL,
  `line` smallint(6) unsigned NOT NULL,
  `class` varchar(255) COLLATE utf8_unicode_ci DEFAULT NULL,
  `method` varchar(255) COLLATE utf8_unicode_ci DEFAULT NULL,
  `template` varchar(255) COLLATE utf8_unicode_ci DEFAULT NULL,
  `templateLine` smallint(6) unsigned DEFAULT NULL,
  `message` varchar(255) COLLATE utf8_unicode_ci DEFAULT NULL,
  `traces` text COLLATE utf8_unicode_ci,
  `dateCreated` datetime NOT NULL,
  `dateUpdated` datetime NOT NULL,
  `uid` char(36) COLLATE utf8_unicode_ci NOT NULL DEFAULT '0',
  PRIMARY KEY (`id`),
  UNIQUE KEY `craft_deprecationerrors_key_fingerprint_unq_idx` (`key`,`fingerprint`)
) ENGINE=InnoDB DEFAULT CHARSET=utf8 COLLATE=utf8_unicode_ci;
/*!40101 SET character_set_client = @saved_cs_client */;

--
-- Dumping data for table `craft_deprecationerrors`
--

LOCK TABLES `craft_deprecationerrors` WRITE;
/*!40000 ALTER TABLE `craft_deprecationerrors` DISABLE KEYS */;
SET autocommit=0;
/*!40000 ALTER TABLE `craft_deprecationerrors` ENABLE KEYS */;
UNLOCK TABLES;
COMMIT;

--
-- Table structure for table `craft_elementindexsettings`
--

/*!40101 SET @saved_cs_client     = @@character_set_client */;
/*!40101 SET character_set_client = utf8 */;
CREATE TABLE `craft_elementindexsettings` (
  `id` int(11) NOT NULL AUTO_INCREMENT,
  `type` varchar(150) COLLATE utf8_unicode_ci NOT NULL,
  `settings` text COLLATE utf8_unicode_ci,
  `dateCreated` datetime NOT NULL,
  `dateUpdated` datetime NOT NULL,
  `uid` char(36) COLLATE utf8_unicode_ci NOT NULL DEFAULT '0',
  PRIMARY KEY (`id`),
  UNIQUE KEY `craft_elementindexsettings_type_unq_idx` (`type`)
) ENGINE=InnoDB DEFAULT CHARSET=utf8 COLLATE=utf8_unicode_ci;
/*!40101 SET character_set_client = @saved_cs_client */;

--
-- Dumping data for table `craft_elementindexsettings`
--

LOCK TABLES `craft_elementindexsettings` WRITE;
/*!40000 ALTER TABLE `craft_elementindexsettings` DISABLE KEYS */;
SET autocommit=0;
/*!40000 ALTER TABLE `craft_elementindexsettings` ENABLE KEYS */;
UNLOCK TABLES;
COMMIT;

--
-- Table structure for table `craft_elements`
--

/*!40101 SET @saved_cs_client     = @@character_set_client */;
/*!40101 SET character_set_client = utf8 */;
CREATE TABLE `craft_elements` (
  `id` int(11) NOT NULL AUTO_INCREMENT,
  `type` varchar(150) COLLATE utf8_unicode_ci NOT NULL,
  `enabled` tinyint(1) unsigned NOT NULL DEFAULT '1',
  `archived` tinyint(1) unsigned NOT NULL DEFAULT '0',
  `dateCreated` datetime NOT NULL,
  `dateUpdated` datetime NOT NULL,
  `uid` char(36) COLLATE utf8_unicode_ci NOT NULL DEFAULT '0',
  PRIMARY KEY (`id`),
  KEY `craft_elements_type_idx` (`type`),
  KEY `craft_elements_enabled_idx` (`enabled`),
  KEY `craft_elements_archived_dateCreated_idx` (`archived`,`dateCreated`)
) ENGINE=InnoDB AUTO_INCREMENT=187 DEFAULT CHARSET=utf8 COLLATE=utf8_unicode_ci;
/*!40101 SET character_set_client = @saved_cs_client */;

--
-- Dumping data for table `craft_elements`
--

LOCK TABLES `craft_elements` WRITE;
/*!40000 ALTER TABLE `craft_elements` DISABLE KEYS */;
SET autocommit=0;
INSERT INTO `craft_elements` VALUES (1,'User',1,0,'2014-10-08 10:49:48','2016-03-23 14:49:38','ffb29a05-dcce-4b95-85c8-cba0b3353fca'),(2,'Entry',1,0,'2017-02-10 15:29:45','2017-02-28 16:32:45','6a016481-1e9d-456f-812b-255cc187ff46'),(3,'Entry',1,0,'2017-02-10 15:30:01','2017-02-28 16:34:05','eb7eecf6-95e4-4de9-82fb-b049b1b60f53'),(4,'Entry',1,0,'2017-02-10 15:30:11','2017-02-10 15:30:11','2227b0ce-63f8-4802-b0ea-666e2bcd005c'),(5,'Entry',1,0,'2017-02-10 15:30:28','2017-02-10 15:30:28','9890e5f7-00e3-4efd-96e4-809cc8b9851f'),(6,'Asset',1,0,'2017-02-10 15:59:56','2017-02-28 16:34:03','bcaaffb2-9153-483b-89bf-a2f46405e3d9'),(7,'Asset',1,0,'2017-02-10 15:59:58','2017-02-28 16:19:03','ea9da6c8-4d5e-4fb2-842c-81b304e92d01'),(8,'Asset',1,0,'2017-02-10 16:06:03','2017-02-11 17:11:21','c84a3dc7-c37a-4e38-8104-2383ad1da2fc'),(9,'Asset',1,0,'2017-02-10 16:06:04','2017-02-28 16:31:10','e2fb57dd-5977-4449-8b4d-84a60a441b1c'),(10,'MatrixBlock',1,0,'2017-02-10 16:12:46','2017-02-14 13:02:47','c195184a-7fd0-4af3-a26b-de59359b212f'),(11,'MatrixBlock',1,0,'2017-02-10 16:12:46','2017-02-14 13:02:47','6711fdf2-2aaa-4fc7-8d0f-cfc20c546412'),(15,'Asset',1,0,'2017-02-11 01:29:54','2017-02-11 01:29:54','e1df8374-166e-4c4f-8ca5-d467ab334536'),(16,'Asset',1,0,'2017-02-11 23:41:31','2017-02-11 23:41:31','745bc06a-6755-49e8-8f45-5921540279bd'),(18,'MatrixBlock',1,0,'2017-02-12 16:23:11','2017-02-13 22:57:24','97e727e6-d31b-4ff6-bfb4-aa4483e35677'),(20,'SproutForms_Form',1,0,'2017-02-13 13:39:12','2017-02-15 12:42:45','4887373a-2976-479f-a3ee-c2053a57be3e'),(21,'SproutForms_Form',1,0,'2017-02-13 13:39:16','2017-02-13 13:39:20','8de0790f-9c84-4d2f-8b5e-d823f7b17f9e'),(27,'Asset',1,0,'2017-02-13 15:17:03','2017-02-13 15:17:03','61277cbc-8a7d-4495-bef6-019e5c70bbdc'),(28,'Asset',1,0,'2017-02-13 15:17:05','2017-02-13 15:17:05','9db976cd-6c74-4a3f-87a8-9b4a929db414'),(29,'Asset',1,0,'2017-02-13 15:17:07','2017-02-13 15:17:07','430d6928-4a13-443e-920c-03069b229c74'),(30,'SuperTable_Block',1,0,'2017-02-13 15:18:39','2017-02-13 15:27:22','296d0afe-7fc4-41e2-9873-759572cc5659'),(35,'SuperTable_Block',1,0,'2017-02-13 23:12:10','2017-02-14 19:12:31','5d49ea6e-509a-43f8-846c-7e176905c5ac'),(37,'Neo_Block',1,0,'2017-02-14 02:00:52','2017-02-28 16:31:46','f6da1dee-8186-4245-a839-2af3622aaf68'),(38,'Neo_Block',1,0,'2017-02-14 02:00:52','2017-02-28 15:59:56','abb3d85b-0da1-4723-8217-c116f5b3bcab'),(39,'SuperTable_Block',1,0,'2017-02-14 13:22:52','2017-02-28 16:32:45','0f04f0be-9828-44b5-a677-30b6e088ea28'),(40,'SuperTable_Block',1,0,'2017-02-14 13:22:52','2017-02-28 16:32:45','34413804-ac15-4393-8b0d-0faf798e2e37'),(41,'SuperTable_Block',1,0,'2017-02-14 14:35:09','2017-02-14 19:12:31','836ef85d-7d68-4140-b3a9-c64e5d035d6f'),(45,'Neo_Block',1,0,'2017-02-14 16:36:11','2017-02-28 16:27:32','780beb4c-fdc4-49dc-a213-257128f1acbf'),(46,'Neo_Block',1,0,'2017-02-14 16:36:11','2017-02-28 16:27:33','401b677e-3acc-4241-97b8-2ae84dd43100'),(51,'SuperTable_Block',1,0,'2017-02-14 17:40:52','2017-02-28 16:32:45','93c538d4-1e07-4e54-a2f8-f8c3c145f1d1'),(88,'Entry',1,0,'2017-02-19 23:33:17','2017-02-20 14:31:09','45aa43f2-5675-4486-a88c-f69ff7f34f1f'),(89,'MatrixBlock',1,0,'2017-02-19 23:38:07','2017-02-28 16:34:05','bf108b20-6f5a-455b-b6a7-1de0f68abd15'),(90,'Asset',1,0,'2017-02-20 12:10:31','2017-02-20 12:10:31','d1cc237c-2489-470c-aa64-d45ecae6258d'),(91,'Asset',1,0,'2017-02-20 12:10:31','2017-02-20 12:10:31','47d7435b-8c60-4bfe-9cb6-6c832bb3b7ce'),(92,'Asset',1,0,'2017-02-20 12:10:32','2017-02-20 12:10:32','74064304-7799-4299-9555-7ee0139117bc'),(93,'Asset',1,0,'2017-02-20 12:10:33','2017-02-20 12:10:33','6a3ce1c2-3d36-45d9-83ce-ef32c085cbd6'),(94,'Asset',1,0,'2017-02-20 12:10:33','2017-02-20 12:10:33','233d26ba-57f0-4389-b320-984bfd1ff20e'),(95,'Asset',1,0,'2017-02-20 12:10:34','2017-02-20 12:10:34','68da69df-4c3f-4850-b235-9087f06571fb'),(96,'Asset',1,0,'2017-02-20 12:10:35','2017-02-20 12:10:35','025e87d4-b2ad-4eb5-a849-81a263fd689d'),(97,'Asset',1,0,'2017-02-20 12:10:35','2017-02-20 12:10:35','7c41d758-038d-4eb0-a16a-771d1fe2997a'),(98,'Category',1,0,'2017-02-20 12:12:49','2017-02-20 12:12:49','3af4f066-888d-45ef-9fa1-a0c1ffa91ddb'),(99,'Category',1,0,'2017-02-20 12:13:23','2017-02-20 12:13:23','2ba0076e-bf99-48c9-991c-b82d78fffa8d'),(100,'Category',1,0,'2017-02-20 12:13:56','2017-02-20 12:13:56','b9b00319-9977-4457-96c0-ac756460f1b5'),(101,'Category',1,0,'2017-02-20 12:14:13','2017-02-20 12:14:13','b9c17e53-6598-412b-9f5e-986407210f9c'),(102,'Category',1,0,'2017-02-20 12:14:33','2017-02-20 12:14:33','dced8852-fb3c-4ea9-8920-da379d78608f'),(103,'Category',1,0,'2017-02-20 12:14:57','2017-02-20 12:14:57','024ca52d-85f5-4e3a-9def-e6c26c7d3b77'),(104,'Category',1,0,'2017-02-20 12:15:19','2017-02-20 12:15:19','d7ade329-214b-4eed-8f07-9a98fe3a3623'),(105,'Category',1,0,'2017-02-20 12:15:33','2017-02-20 12:15:33','296e5877-1368-4ffd-aeb6-bb9afe4eb705'),(106,'Category',1,0,'2017-02-20 12:16:01','2017-02-20 12:16:01','65963d99-2da0-49c3-988b-0e17c8169673'),(107,'Category',1,0,'2017-02-20 12:16:27','2017-02-20 12:16:27','e1ff2417-5071-4322-a8da-ff4db8e12816'),(108,'Category',1,0,'2017-02-20 12:16:56','2017-02-20 12:16:56','4d5f80b3-4fbe-4e8e-98aa-14ada8850346'),(109,'Category',1,0,'2017-02-20 12:17:19','2017-02-20 12:17:19','139b0063-b499-4737-9139-48ccdf798416'),(110,'Category',1,0,'2017-02-20 12:17:34','2017-02-20 12:17:34','14c7b946-f1b7-4deb-89a2-1c99b82d9ee1'),(111,'Category',1,0,'2017-02-20 12:17:57','2017-02-20 12:17:57','d62f0789-7480-4842-8c2a-93fcf052dca3'),(112,'Category',1,0,'2017-02-20 12:18:12','2017-02-20 12:18:12','d627a74a-e968-4c59-b55f-a2d07ee84cf1'),(113,'Category',1,0,'2017-02-20 12:18:27','2017-02-20 12:18:27','87d734ca-7830-4c19-ac14-f9d7ea2e22c2'),(114,'Category',1,0,'2017-02-20 12:18:44','2017-02-20 12:18:44','5ad06843-9b98-4dcc-8d0d-24067857dab6'),(115,'Category',1,0,'2017-02-20 12:18:59','2017-02-20 12:18:59','0a63a1b6-9712-404a-b692-8641a5a3fd73'),(116,'Category',1,0,'2017-02-20 12:19:16','2017-02-20 12:19:16','efb1f8a1-7b98-4c73-9ed1-c258652bb2c6'),(117,'Category',1,0,'2017-02-20 12:19:52','2017-02-20 12:19:52','cc4735be-c7d3-46ff-87d4-078a86c1f978'),(118,'Category',1,0,'2017-02-20 12:19:58','2017-02-20 12:19:58','8471051e-f79a-466a-8fd4-23dc23aad1f5'),(119,'Category',1,0,'2017-02-20 12:23:37','2017-02-20 12:23:37','638858a7-a781-4df9-b077-e4a825c35964'),(120,'Asset',1,0,'2017-02-20 12:27:07','2017-02-20 12:29:51','084fed38-fd24-44e8-a649-1224f7038aac'),(122,'Category',1,0,'2017-02-20 12:30:05','2017-02-20 12:30:05','0d8f6b11-ea1a-4be5-92db-1481387ddc6b'),(123,'Asset',1,0,'2017-02-20 12:33:01','2017-02-20 12:33:01','6a5dc013-c7fe-4e61-b6ac-204f2313ed24'),(124,'Category',1,0,'2017-02-20 12:33:06','2017-02-20 12:33:06','fe94ca51-c67f-4878-a6ba-b42afab7f4dc'),(125,'Asset',1,0,'2017-02-20 12:37:58','2017-02-20 12:37:58','28c9e672-9667-49b5-9f70-767165888a30'),(126,'Category',1,0,'2017-02-20 12:38:04','2017-02-20 12:38:04','fbdeae1e-05fa-4b8f-9e70-0dbddd3e7db8'),(127,'Asset',1,0,'2017-02-20 12:39:38','2017-02-20 12:39:38','e1cbba86-ab76-4bb5-9429-98d2d4c606e0'),(128,'Category',1,0,'2017-02-20 12:39:49','2017-02-20 12:39:49','9cd8d24c-2b0c-4136-8653-db686182fa11'),(129,'Asset',1,0,'2017-02-20 12:41:49','2017-02-20 12:41:49','356e28c7-2233-4bfc-b5b8-40875cd6e148'),(130,'Category',1,0,'2017-02-20 12:41:54','2017-02-20 12:41:54','fa102733-39de-484d-b4e3-0629800033c6'),(131,'Asset',1,0,'2017-02-20 12:43:31','2017-02-20 12:43:31','4db6cc9b-e213-49cf-901e-3d67673cb08e'),(132,'Category',1,0,'2017-02-20 12:43:36','2017-02-20 12:43:36','a0fe7ad4-95e5-4784-bb30-155936208923'),(133,'SuperTable_Block',1,0,'2017-02-20 12:53:49','2017-02-20 14:31:09','633307d2-eace-46e2-b5ef-ab917f40c2d5'),(134,'Entry',1,0,'2017-02-20 12:55:20','2017-02-20 14:31:00','cc7b50ca-76f2-4d08-80e8-f057326c391b'),(135,'SuperTable_Block',1,0,'2017-02-20 12:55:20','2017-02-20 14:31:00','22e2b3a4-b551-4ae6-bf13-a073a8880794'),(136,'Entry',1,0,'2017-02-20 12:56:13','2017-02-20 14:30:53','b426e3c2-e6d2-414c-a0ef-cb48d53df1df'),(137,'SuperTable_Block',1,0,'2017-02-20 12:56:14','2017-02-20 14:30:53','cc345410-102b-4450-a949-6442a6542244'),(138,'Entry',1,0,'2017-02-20 12:59:47','2017-02-20 14:30:40','46e247f2-58ab-4ef2-a2de-5c3f45cf333f'),(139,'SuperTable_Block',1,0,'2017-02-20 12:59:47','2017-02-20 14:30:41','d2d6970b-a999-40c8-97db-dbd4dea89fe6'),(140,'Entry',1,0,'2017-02-20 13:00:23','2017-02-20 14:30:33','238f622f-4ddf-4b79-98a9-2c3c3088c7f1'),(141,'SuperTable_Block',1,0,'2017-02-20 13:00:23','2017-02-20 14:30:33','d2c3a503-dc2d-447c-9d1a-86ade90db83e'),(142,'Entry',1,0,'2017-02-20 13:01:03','2017-02-20 14:30:26','86918a31-96cb-47aa-82ad-937f4057612a'),(143,'SuperTable_Block',1,0,'2017-02-20 13:01:03','2017-02-20 14:30:26','dd5783ee-7f2b-4e0d-908a-9d0398d24208'),(144,'Entry',1,0,'2017-02-20 13:03:04','2017-02-20 13:03:04','3d04a4c8-4343-4684-b9d8-71584e28d30c'),(145,'SuperTable_Block',1,0,'2017-02-20 13:03:05','2017-02-20 13:03:05','4ef639a1-c54c-4a39-b47c-141ece3b2817'),(146,'Entry',1,0,'2017-02-20 13:03:42','2017-02-20 14:29:34','cd78cf36-84b7-4e18-92ea-cb141869266c'),(147,'SuperTable_Block',1,0,'2017-02-20 13:03:42','2017-02-20 14:29:34','15c22b3b-de00-4e60-bf01-cf9a69050a1f'),(148,'Entry',1,0,'2017-02-20 13:04:06','2017-02-20 13:04:06','3c2d3c05-1e73-4f6b-9303-40175e778d96'),(149,'SuperTable_Block',1,0,'2017-02-20 13:04:06','2017-02-20 13:04:06','a79507a1-0528-415b-86b0-5da9875e1002'),(150,'Entry',1,0,'2017-02-20 13:04:39','2017-02-20 13:04:39','d2d68484-5d41-4f12-a437-f84b3702120f'),(151,'SuperTable_Block',1,0,'2017-02-20 13:04:39','2017-02-20 13:04:39','f661c147-a3e0-4263-839e-de516256d20c'),(152,'Entry',1,0,'2017-02-20 13:05:15','2017-02-20 13:05:15','aa95b42a-37a8-40f0-a9ae-fec0952ff183'),(153,'SuperTable_Block',1,0,'2017-02-20 13:05:15','2017-02-20 13:05:15','63013a55-92ce-4625-a06c-2545f579dbaa'),(154,'Entry',1,0,'2017-02-20 13:06:03','2017-02-20 13:06:03','761d313f-58ab-4db5-90b9-4353e6b428d4'),(155,'SuperTable_Block',1,0,'2017-02-20 13:06:03','2017-02-20 13:06:03','a6a164a3-b400-48a4-850e-b7e35a9bd876'),(156,'MatrixBlock',1,0,'2017-02-20 13:34:12','2017-02-28 16:34:05','f64491cd-1a6b-4c03-b7bf-46efea43c9ca'),(157,'MatrixBlock',1,0,'2017-02-20 13:34:12','2017-02-28 16:34:05','3dae0cb6-5b2b-4b2f-ae29-8beade5b8341'),(158,'Asset',1,0,'2017-02-21 12:06:56','2017-02-21 12:06:56','da9b30d3-ded7-4528-af17-cf278f5cc831'),(159,'Neo_Block',1,0,'2017-02-26 19:25:41','2017-02-28 01:12:00','c2ee3df6-ca47-44fd-93b6-843b3049fa39'),(160,'Neo_Block',1,0,'2017-02-26 19:25:41','2017-02-28 01:12:00','36c3dd33-99c5-4ebc-988c-f99b66462865'),(161,'Neo_Block',1,0,'2017-02-26 19:25:41','2017-02-28 01:02:22','c0700e48-ed16-421d-800b-4fb489c7de46'),(162,'Asset',1,0,'2017-02-28 01:05:04','2017-02-28 16:32:43','aa47b873-7d5e-4aa6-9892-7317676b2c9c'),(163,'Asset',1,0,'2017-02-28 01:05:06','2017-02-28 01:05:06','6e56d6bd-1465-4e42-bafd-deef4a29ca89'),(164,'Asset',1,0,'2017-02-28 01:05:09','2017-02-28 01:05:09','f8886de8-9b0e-4b68-85df-42470938ae48'),(165,'Asset',1,0,'2017-02-28 01:05:11','2017-02-28 01:05:11','73cbe3a9-5374-4233-83b4-344f2df90ada'),(166,'Asset',1,0,'2017-02-28 01:05:13','2017-02-28 16:17:01','292a7faf-e652-4be4-b66c-73faa27b1d7b'),(167,'Asset',1,0,'2017-02-28 01:11:44','2017-02-28 01:11:44','fea08bad-8a20-4cee-bb37-742e5c24f663'),(168,'Neo_Block',1,0,'2017-02-28 01:12:00','2017-02-28 01:13:30','3cac6cc3-cc2a-473d-acae-01511f331419'),(169,'Neo_Block',1,0,'2017-02-28 15:55:09','2017-02-28 15:59:23','dfff89f0-dbf8-4572-a8fd-5a4010912cc1'),(170,'SuperTable_Block',1,0,'2017-02-28 15:55:09','2017-02-28 15:59:23','3fe80443-e9d3-448c-b02a-f255511889c0'),(171,'SuperTable_Block',1,0,'2017-02-28 15:58:54','2017-02-28 15:59:23','bc75c9c2-1f0e-407e-b3d3-c68ab5185905'),(172,'Asset',1,0,'2017-02-28 16:22:38','2017-02-28 16:22:38','77154043-f05b-41ba-9b57-7f8a8196d157'),(173,'Asset',1,0,'2017-02-28 16:22:39','2017-02-28 16:22:39','55092ed4-90bd-42f4-8576-74dbb1f0881d'),(174,'Asset',1,0,'2017-02-28 16:22:42','2017-02-28 16:31:44','9ecf04d8-8bcd-4afa-8cca-93ea4eb2b841'),(175,'Asset',1,0,'2017-02-28 16:22:46','2017-02-28 16:30:29','a0691ed3-a74b-40b3-9b3a-d3b61e7af573'),(176,'Asset',1,0,'2017-02-28 16:22:48','2017-02-28 16:29:40','0f81ef53-8bf2-451f-a434-6c2eba9fec1f'),(177,'Asset',1,0,'2017-02-28 16:22:50','2017-02-28 16:22:50','7aa1bf75-d8ec-4382-ab74-92d7660ad0b8'),(178,'Asset',1,0,'2017-02-28 16:22:52','2017-02-28 16:22:52','24f31573-bf48-4ddd-b46c-d8f6e6356e7e'),(179,'Asset',1,0,'2017-02-28 16:22:54','2017-02-28 16:22:54','ba0ea161-17db-406e-a0dd-b7601523ee62'),(180,'Asset',1,0,'2017-02-28 16:22:56','2017-02-28 16:22:56','646bb37f-304f-4db8-bcf3-d838dd53ae49'),(181,'Asset',1,0,'2017-02-28 16:22:58','2017-02-28 16:22:58','bc84642a-3fdb-4229-bf8d-42a1bb0e00b3'),(182,'Asset',1,0,'2017-02-28 16:22:59','2017-02-28 16:22:59','fc4c8358-845f-4145-aebb-c625cdc4c983'),(184,'GlobalSet',1,0,'2017-02-28 16:46:29','2017-02-28 16:56:02','420e7d80-61ea-404c-bec8-3f7d71c05874'),(185,'Asset',1,0,'2017-02-28 16:47:02','2017-02-28 16:47:02','95b11bc1-ee8a-4daa-b2fe-541972334999'),(186,'Asset',1,0,'2017-02-28 16:49:46','2017-02-28 16:49:46','28ae8b3a-d6a7-42c8-b0fc-00e515a8b36d');
/*!40000 ALTER TABLE `craft_elements` ENABLE KEYS */;
UNLOCK TABLES;
COMMIT;

--
-- Table structure for table `craft_elements_i18n`
--

/*!40101 SET @saved_cs_client     = @@character_set_client */;
/*!40101 SET character_set_client = utf8 */;
CREATE TABLE `craft_elements_i18n` (
  `id` int(11) NOT NULL AUTO_INCREMENT,
  `elementId` int(11) NOT NULL,
  `locale` char(12) COLLATE utf8_unicode_ci NOT NULL,
  `slug` varchar(255) COLLATE utf8_unicode_ci DEFAULT NULL,
  `uri` varchar(255) COLLATE utf8_unicode_ci DEFAULT NULL,
  `enabled` tinyint(1) unsigned NOT NULL DEFAULT '1',
  `dateCreated` datetime NOT NULL,
  `dateUpdated` datetime NOT NULL,
  `uid` char(36) COLLATE utf8_unicode_ci NOT NULL DEFAULT '0',
  PRIMARY KEY (`id`),
  UNIQUE KEY `craft_elements_i18n_elementId_locale_unq_idx` (`elementId`,`locale`),
  UNIQUE KEY `craft_elements_i18n_uri_locale_unq_idx` (`uri`,`locale`),
  KEY `craft_elements_i18n_slug_locale_idx` (`slug`,`locale`),
  KEY `craft_elements_i18n_enabled_idx` (`enabled`),
  KEY `craft_elements_i18n_locale_fk` (`locale`),
  CONSTRAINT `craft_elements_i18n_elementId_fk` FOREIGN KEY (`elementId`) REFERENCES `craft_elements` (`id`) ON DELETE CASCADE,
  CONSTRAINT `craft_elements_i18n_locale_fk` FOREIGN KEY (`locale`) REFERENCES `craft_locales` (`locale`) ON DELETE CASCADE ON UPDATE CASCADE
) ENGINE=InnoDB AUTO_INCREMENT=187 DEFAULT CHARSET=utf8 COLLATE=utf8_unicode_ci;
/*!40101 SET character_set_client = @saved_cs_client */;

--
-- Dumping data for table `craft_elements_i18n`
--

LOCK TABLES `craft_elements_i18n` WRITE;
/*!40000 ALTER TABLE `craft_elements_i18n` DISABLE KEYS */;
SET autocommit=0;
INSERT INTO `craft_elements_i18n` VALUES (1,1,'nb_no','',NULL,1,'2014-10-08 10:49:48','2016-03-23 14:49:39','43ed65e2-12cd-4f2c-bf52-00955b97ea18'),(2,2,'nb_no','forside','__home__',1,'2017-02-10 15:29:45','2017-02-28 16:32:45','dffac779-91e9-47d9-b1fb-2b8f226c6b2d'),(3,3,'nb_no','restaurant','restaurant',1,'2017-02-10 15:30:01','2017-02-28 16:34:05','00095e77-2a86-428b-8eef-716d47acf019'),(4,4,'nb_no','selskap','selskap',1,'2017-02-10 15:30:11','2017-02-10 15:30:11','787f19d1-448b-44ef-a779-afe73061d76e'),(5,5,'nb_no','kristiansten-festning','kristiansten-festning',1,'2017-02-10 15:30:28','2017-02-10 15:30:28','d49fca60-1972-460a-86a3-9293c546e456'),(6,6,'nb_no','dsc8592',NULL,1,'2017-02-10 15:59:56','2017-02-28 16:34:03','54c1b339-f9f1-4b88-b801-af60eda9da75'),(7,7,'nb_no','dsc8599',NULL,1,'2017-02-10 15:59:58','2017-02-28 16:19:03','7f2371bc-b4c9-4308-b935-3988ca41310d'),(8,8,'nb_no','dsc8592',NULL,1,'2017-02-10 16:06:03','2017-02-11 17:11:21','badd5f67-a4a9-4c2f-bd20-a5aae5d2865c'),(9,9,'nb_no','dsc8599',NULL,1,'2017-02-10 16:06:04','2017-02-28 16:31:10','d944e5f9-c4ae-47b3-90ce-0f23228b1ba5'),(10,10,'nb_no','',NULL,1,'2017-02-10 16:12:46','2017-02-14 13:02:47','90b89686-91d9-4dc9-8c12-e578e31ca573'),(11,11,'nb_no','',NULL,1,'2017-02-10 16:12:46','2017-02-14 13:02:47','a2bf4817-41e1-40b4-9fdc-82b3ea8bddd3'),(15,15,'nb_no','clock',NULL,1,'2017-02-11 01:29:54','2017-02-11 01:29:54','77f544b4-39cf-4d87-86cc-c2e6fc098c78'),(16,16,'nb_no','icon-booking',NULL,1,'2017-02-11 23:41:31','2017-02-11 23:41:31','783dd338-2119-4877-8511-316fc4c30373'),(18,18,'nb_no','',NULL,1,'2017-02-12 16:23:11','2017-02-13 22:57:24','b3cca169-9e11-4b83-80f3-02836517c7f6'),(20,20,'nb_no','',NULL,1,'2017-02-13 13:39:12','2017-02-15 12:42:45','7055bf66-e24d-4899-8367-c1c36b959061'),(21,21,'nb_no','',NULL,1,'2017-02-13 13:39:16','2017-02-13 13:39:20','11dd2ed7-a98e-41d8-937e-703432cd796e'),(27,27,'nb_no','icon-search',NULL,1,'2017-02-13 15:17:03','2017-02-13 15:17:03','34a68757-9a5c-48de-8f6f-5b3d2c0c5414'),(28,28,'nb_no','icon-silhouette',NULL,1,'2017-02-13 15:17:05','2017-02-13 15:17:05','2e44014b-c46f-4382-8729-703357307ceb'),(29,29,'nb_no','icon-soup',NULL,1,'2017-02-13 15:17:07','2017-02-13 15:17:07','7395cd02-7379-44f0-b4ed-77cc345c8738'),(30,30,'nb_no','',NULL,1,'2017-02-13 15:18:39','2017-02-13 15:27:22','9f0d0613-d53c-431e-b80a-7f04c35e24fb'),(35,35,'nb_no','',NULL,1,'2017-02-13 23:12:10','2017-02-14 19:12:31','86cf276e-4de4-455c-9851-72a5d51516f7'),(37,37,'nb_no','',NULL,1,'2017-02-14 02:00:52','2017-02-28 16:31:46','b3f66cf2-1624-4ed2-9970-893be8ef949b'),(38,38,'nb_no','',NULL,1,'2017-02-14 02:00:52','2017-02-28 15:59:56','feb7ff66-bf08-4245-b0ab-c19201d75f4d'),(39,39,'nb_no','',NULL,1,'2017-02-14 13:22:52','2017-02-28 16:32:45','a1609447-e5e5-45f0-9392-20ddbafab86e'),(40,40,'nb_no','',NULL,1,'2017-02-14 13:22:52','2017-02-28 16:32:45','bfb85b27-f10a-4d30-991e-24984b0235c2'),(41,41,'nb_no','',NULL,1,'2017-02-14 14:35:09','2017-02-14 19:12:31','8e0e48fc-7de4-4551-9add-439a597148a8'),(45,45,'nb_no','',NULL,1,'2017-02-14 16:36:11','2017-02-28 16:27:32','d57e53fc-2bb7-46c5-9732-f41d603cec73'),(46,46,'nb_no','',NULL,1,'2017-02-14 16:36:11','2017-02-28 16:27:33','e653b9b8-58e7-48b3-9302-ffbf8ddef47e'),(51,51,'nb_no','',NULL,1,'2017-02-14 17:40:52','2017-02-28 16:32:45','93852d7b-140b-447f-a84b-4a30685395d3'),(88,88,'nb_no','festningens-smørbrød',NULL,1,'2017-02-19 23:33:17','2017-02-20 14:31:09','85ba6abd-fd95-4732-947d-2d50b3c2b6fb'),(89,89,'nb_no','',NULL,1,'2017-02-19 23:38:07','2017-02-28 16:34:05','0255d2e6-79a3-4051-99f9-0a5e83084aeb'),(90,90,'nb_no','icon-allergen-egg',NULL,1,'2017-02-20 12:10:31','2017-02-20 12:10:31','cb1d7a2c-d7fa-481c-92e6-bdaa50be6801'),(91,91,'nb_no','icon-allergen-fisk',NULL,1,'2017-02-20 12:10:31','2017-02-20 12:10:31','27262b9b-897b-493a-85a8-e337ee7ba0e3'),(92,92,'nb_no','icon-allergen-hvete',NULL,1,'2017-02-20 12:10:32','2017-02-20 12:10:32','2b835ab5-1fa5-476e-9067-1b59abbecb55'),(93,93,'nb_no','icon-allergen-melk',NULL,1,'2017-02-20 12:10:33','2017-02-20 12:10:33','563abfec-adee-43c4-b751-766992e6ad6a'),(94,94,'nb_no','icon-allergen-nuts',NULL,1,'2017-02-20 12:10:33','2017-02-20 12:10:33','4cdf73c3-e2a0-4b87-b593-39bb0f8e7c0c'),(95,95,'nb_no','icon-allergen-peanuts',NULL,1,'2017-02-20 12:10:34','2017-02-20 12:10:34','da26c125-32af-43d9-8e71-60273e978975'),(96,96,'nb_no','icon-allergen-skalldyr',NULL,1,'2017-02-20 12:10:35','2017-02-20 12:10:35','6135e365-fdef-44ed-8ac8-92fc5fcd57a4'),(97,97,'nb_no','icon-allergen-soya',NULL,1,'2017-02-20 12:10:35','2017-02-20 12:10:35','c25baaa3-52a1-4be9-bd8c-cd4b675737dc'),(98,98,'nb_no','hvete',NULL,1,'2017-02-20 12:12:49','2017-02-20 12:23:48','7ce1ba0c-dae4-46bd-b4a2-a95de8c0604c'),(99,99,'nb_no','rug',NULL,1,'2017-02-20 12:13:23','2017-02-20 12:24:00','5d504dd4-9c42-4e97-a74d-bf6c128e8930'),(100,100,'nb_no','bygg',NULL,1,'2017-02-20 12:13:56','2017-02-20 12:23:58','0ac59e64-0ae0-4060-b6d1-00ea9cacf78f'),(101,101,'nb_no','havre',NULL,1,'2017-02-20 12:14:13','2017-02-20 12:23:56','5070952b-5428-4b77-9b08-35d64e81c55f'),(102,102,'nb_no','spelt',NULL,1,'2017-02-20 12:14:33','2017-02-20 12:23:54','43735b46-0ed9-4ec4-b495-12be36a02a93'),(103,103,'nb_no','korasanhvete',NULL,1,'2017-02-20 12:14:57','2017-02-20 12:23:52','6b24f98f-fb27-4d2b-a41d-91918a973886'),(104,104,'nb_no','skalldyr',NULL,1,'2017-02-20 12:15:19','2017-02-20 12:15:21','b463817a-7d6b-4811-9490-4357f92807bb'),(105,105,'nb_no','egg',NULL,1,'2017-02-20 12:15:33','2017-02-20 12:15:36','8a52d529-aa23-4fab-b9d9-3f9989ba0ad6'),(106,106,'nb_no','fisk',NULL,1,'2017-02-20 12:16:01','2017-02-20 12:16:03','56b7c2cd-0881-4e5a-8af0-4d1e052ed8a4'),(107,107,'nb_no','peanøtter',NULL,1,'2017-02-20 12:16:27','2017-02-20 12:16:29','d06f076b-2030-442f-a3e3-f0289bd3b94a'),(108,108,'nb_no','soya',NULL,1,'2017-02-20 12:16:56','2017-02-20 12:16:58','f1636ccc-552d-409e-ad33-4f5f876fbd43'),(109,109,'nb_no','melk',NULL,1,'2017-02-20 12:17:19','2017-02-20 12:17:21','6c758aa6-edeb-4cf2-af20-46e56c902b9d'),(110,110,'nb_no','mandler',NULL,1,'2017-02-20 12:17:34','2017-02-20 12:43:47','2ad977df-af13-419b-a9dd-6d13ef6a0e17'),(111,111,'nb_no','hasselnøtter',NULL,1,'2017-02-20 12:17:57','2017-02-20 12:21:06','6cb18484-680b-4f72-912e-167200e1a0ff'),(112,112,'nb_no','valnøtter',NULL,1,'2017-02-20 12:18:13','2017-02-20 12:21:04','038aa15f-704d-4341-9b44-6f7e1d983a43'),(113,113,'nb_no','kasjunøtter',NULL,1,'2017-02-20 12:18:28','2017-02-20 12:21:00','17468309-cc5f-47fc-ada5-18fdfa5e221a'),(114,114,'nb_no','pekannøtter',NULL,1,'2017-02-20 12:18:45','2017-02-20 12:21:03','d11768f9-ef1a-45f3-9b78-0610c39d6f4b'),(115,115,'nb_no','pistasienøtter',NULL,1,'2017-02-20 12:18:59','2017-02-20 12:20:56','dbec1694-1a39-47de-8b77-fcad054a5d5d'),(116,116,'nb_no','paranøtter',NULL,1,'2017-02-20 12:19:16','2017-02-20 12:20:17','787383c1-99b6-4e41-a322-af3534b1b811'),(117,117,'nb_no','nøtter',NULL,1,'2017-02-20 12:19:52','2017-02-20 12:20:00','b013e243-db1d-47e3-af5a-91c9e4f26bc0'),(118,118,'nb_no','macadamianøtter',NULL,1,'2017-02-20 12:19:58','2017-02-20 12:20:00','1ea7f4fc-585a-4612-8c74-908748b7b70c'),(119,119,'nb_no','korn',NULL,1,'2017-02-20 12:23:37','2017-02-20 12:43:57','5fac5200-b588-4266-8bbe-f741923929a6'),(120,120,'nb_no','icon-allergen-celery',NULL,1,'2017-02-20 12:27:08','2017-02-20 12:29:51','86264a59-dd9b-4c57-893d-d4f0b79ebd0b'),(122,122,'nb_no','selleri',NULL,1,'2017-02-20 12:30:05','2017-02-20 12:30:06','ba44121c-a127-4cf4-b879-dee855dd55a1'),(123,123,'nb_no','icon-allergen-sennep',NULL,1,'2017-02-20 12:33:01','2017-02-20 12:33:01','5ff294a6-8313-4234-8b96-7feefb1c89a7'),(124,124,'nb_no','sennep',NULL,1,'2017-02-20 12:33:06','2017-02-20 12:33:07','e1ebb732-7945-4be4-91e8-67a464d77a71'),(125,125,'nb_no','icon-allergen-sesame',NULL,1,'2017-02-20 12:37:58','2017-02-20 12:37:58','64fc09f7-6654-4f63-80fb-58200821a05f'),(126,126,'nb_no','sesamfrø',NULL,1,'2017-02-20 12:38:04','2017-02-20 12:38:05','c81dd27f-8fdc-405d-ae66-04596065fc07'),(127,127,'nb_no','icon-allergen-sulfit',NULL,1,'2017-02-20 12:39:38','2017-02-20 12:39:38','bf97d0db-666b-4226-a3ca-d576548c95a8'),(128,128,'nb_no','sulfitt',NULL,1,'2017-02-20 12:39:49','2017-02-20 12:39:51','a7034caf-17a8-4a31-ba78-0981391aa739'),(129,129,'nb_no','icon-allergen-lupin',NULL,1,'2017-02-20 12:41:49','2017-02-20 12:41:49','c1eedceb-b2a0-4f9e-b1c1-8556e9f176d2'),(130,130,'nb_no','lupin',NULL,1,'2017-02-20 12:41:54','2017-02-20 12:41:57','8f39fda6-bb6a-4fab-b6a6-f158d4850a83'),(131,131,'nb_no','icon-allergen-softshell',NULL,1,'2017-02-20 12:43:31','2017-02-20 12:43:31','53e52023-19e1-4d9a-98c2-12ba54ae50a1'),(132,132,'nb_no','bløtdyr',NULL,1,'2017-02-20 12:43:36','2017-02-20 12:43:38','f8efa800-ccee-4d08-8e55-aaf309d40fb4'),(133,133,'nb_no','',NULL,1,'2017-02-20 12:53:49','2017-02-20 14:31:09','0aa5eab1-e29a-48c3-8f67-15f6c6bcc47e'),(134,134,'nb_no','smørbrød-med-røkt-ørret',NULL,1,'2017-02-20 12:55:20','2017-02-20 14:31:00','fbff7f4d-fef7-4892-89cb-94a7a00b5422'),(135,135,'nb_no','',NULL,1,'2017-02-20 12:55:20','2017-02-20 14:31:00','9fb7d427-39e1-43a0-acdd-f45cd2327a08'),(136,136,'nb_no','finnbiff',NULL,1,'2017-02-20 12:56:14','2017-02-20 14:30:53','56fac926-3879-4565-a8ef-df56e8ffd6c9'),(137,137,'nb_no','',NULL,1,'2017-02-20 12:56:14','2017-02-20 14:30:53','d983bf07-4052-4503-84ac-170621261403'),(138,138,'nb_no','soppsuppe',NULL,1,'2017-02-20 12:59:47','2017-02-20 14:30:41','9f5491b6-c194-42ed-9bad-426a3d3c5fd3'),(139,139,'nb_no','',NULL,1,'2017-02-20 12:59:47','2017-02-20 14:30:41','2cc25827-2f52-4389-a9d7-a9223368b515'),(140,140,'nb_no','kommandantens-burger',NULL,1,'2017-02-20 13:00:23','2017-02-20 14:30:33','ad0a342a-a1a1-4778-9dbd-029834e2f2f2'),(141,141,'nb_no','',NULL,1,'2017-02-20 13:00:23','2017-02-20 14:30:33','5adb24f8-f995-4065-9d6b-8740c7e09117'),(142,142,'nb_no','festningens-kaker',NULL,1,'2017-02-20 13:01:03','2017-02-20 14:30:26','4125dca3-9821-4a6a-8d4d-0959877b03ba'),(143,143,'nb_no','',NULL,1,'2017-02-20 13:01:03','2017-02-20 14:30:26','a3222963-83fe-4531-92be-ae97ed4c2fe1'),(144,144,'nb_no','deletallerken-min-2-pers',NULL,1,'2017-02-20 13:03:05','2017-02-20 13:03:05','edd76b1e-dba7-4077-99b5-a65dc9baeb3f'),(145,145,'nb_no','',NULL,1,'2017-02-20 13:03:05','2017-02-20 13:03:05','797fd2f7-8f47-40c9-826b-5fa2476eba97'),(146,146,'nb_no','torsk',NULL,1,'2017-02-20 13:03:42','2017-02-20 14:29:34','6adb00f6-5f85-4fe7-82a7-36faa045e2eb'),(147,147,'nb_no','',NULL,1,'2017-02-20 13:03:42','2017-02-20 14:29:34','e331c78b-9345-45ea-8c6c-5dfc003b628e'),(148,148,'nb_no','rein',NULL,1,'2017-02-20 13:04:06','2017-02-20 13:04:06','e051b303-f96f-408b-a0c5-6e51285adb20'),(149,149,'nb_no','',NULL,1,'2017-02-20 13:04:06','2017-02-20 13:04:06','8b906d8f-f5a2-4b63-867b-94fdd7a9ba53'),(150,150,'nb_no','ostefat',NULL,1,'2017-02-20 13:04:39','2017-02-20 13:04:39','99de0ae6-3f14-448c-b99a-344478715ca7'),(151,151,'nb_no','',NULL,1,'2017-02-20 13:04:39','2017-02-20 13:04:39','2366db5f-51b0-4f8c-b1a8-3a2cbbe78706'),(152,152,'nb_no','frukt-og-fløteis',NULL,1,'2017-02-20 13:05:15','2017-02-20 13:05:15','8de81357-65f9-463d-82c4-cbea79190157'),(153,153,'nb_no','',NULL,1,'2017-02-20 13:05:15','2017-02-20 13:05:15','8dcab5bc-80c9-4f1e-a859-286cdb1568bd'),(154,154,'nb_no','hvit-sjokolade-og-kaffe',NULL,1,'2017-02-20 13:06:03','2017-02-20 13:06:03','56386686-fc36-4a00-919a-16a74047d825'),(155,155,'nb_no','',NULL,1,'2017-02-20 13:06:03','2017-02-20 13:06:03','028e156e-8fc7-4289-a02a-3a016c5c1d53'),(156,156,'nb_no','',NULL,1,'2017-02-20 13:34:12','2017-02-28 16:34:05','e9a9f093-366c-4e3c-b16f-93aa01d24bcb'),(157,157,'nb_no','',NULL,1,'2017-02-20 13:34:12','2017-02-28 16:34:05','bc14f292-7304-401c-9513-dfcf09512855'),(158,158,'nb_no','icon-sandwich',NULL,1,'2017-02-21 12:06:56','2017-02-21 12:06:56','6b21b5ae-f1d3-4e54-ab43-b4fead36c29e'),(159,159,'nb_no','',NULL,1,'2017-02-26 19:25:41','2017-02-28 01:12:00','a73a3f14-41dd-4e76-bd77-80c082024e61'),(160,160,'nb_no','',NULL,1,'2017-02-26 19:25:41','2017-02-28 01:12:00','578bd25f-3d09-4ad5-a8f4-565f9b21ed30'),(161,161,'nb_no','',NULL,1,'2017-02-26 19:25:41','2017-02-28 01:02:22','1fca3f80-8ca8-4da8-8e74-0af7b2742ea3'),(162,162,'nb_no','img-7658',NULL,1,'2017-02-28 01:05:04','2017-02-28 16:32:43','f32885ad-dcd8-434f-9ee1-0d372708ea08'),(163,163,'nb_no','img-7671',NULL,1,'2017-02-28 01:05:07','2017-02-28 01:05:07','1fcc31e0-7e5c-40aa-806b-3cf044612042'),(164,164,'nb_no','img-7685',NULL,1,'2017-02-28 01:05:09','2017-02-28 01:05:09','3718816f-d424-4182-8e35-dace65f42687'),(165,165,'nb_no','img-7686',NULL,1,'2017-02-28 01:05:11','2017-02-28 01:05:11','3fea3c12-a48a-4fd0-a110-d32378441b75'),(166,166,'nb_no','img-7705',NULL,1,'2017-02-28 01:05:14','2017-02-28 16:17:01','e1b63aa1-b128-41b4-b37d-2679b3a8737d'),(167,167,'nb_no','img-7707',NULL,1,'2017-02-28 01:11:44','2017-02-28 01:11:44','9455683d-f47e-49a5-9891-97bc586c5705'),(168,168,'nb_no','',NULL,1,'2017-02-28 01:12:00','2017-02-28 01:13:30','07d1772f-4bdf-4f47-baae-7746ba7f555b'),(169,169,'nb_no','',NULL,1,'2017-02-28 15:55:09','2017-02-28 15:59:23','6701bf50-ba50-4bba-b4dc-1ac9256bb288'),(170,170,'nb_no','',NULL,1,'2017-02-28 15:55:09','2017-02-28 15:59:23','f7329ee1-7202-4955-b41d-6177fac633f8'),(171,171,'nb_no','',NULL,1,'2017-02-28 15:58:54','2017-02-28 15:59:23','f1198174-4d7f-4aee-a3a3-0e9f39beed26'),(172,172,'nb_no','dsc0649',NULL,1,'2017-02-28 16:22:38','2017-02-28 16:22:38','65ec0ecb-cab4-4884-9e61-1bbda0fd248c'),(173,173,'nb_no','dsc0649-2',NULL,1,'2017-02-28 16:22:39','2017-02-28 16:22:39','304ca0d1-ebba-48c7-bee8-718fbb86e5be'),(174,174,'nb_no','dsc0651',NULL,1,'2017-02-28 16:22:42','2017-02-28 16:31:44','fe62a0cb-0f59-4ebf-8257-aadf8d003af3'),(175,175,'nb_no','dsc0658',NULL,1,'2017-02-28 16:22:46','2017-02-28 16:30:29','407ba249-b952-4f58-91d9-bb75c28876bd'),(176,176,'nb_no','dsc0662',NULL,1,'2017-02-28 16:22:48','2017-02-28 16:29:40','ee8194ab-fc08-4a18-9a6a-02981e0c365b'),(177,177,'nb_no','dsc6944',NULL,1,'2017-02-28 16:22:50','2017-02-28 16:22:50','b4d5ef99-c125-44c7-92a0-da40b4a93db0'),(178,178,'nb_no','dsc6970',NULL,1,'2017-02-28 16:22:52','2017-02-28 16:22:52','4a873262-7b03-4c8c-84b4-b0812a91fedc'),(179,179,'nb_no','dsc7004',NULL,1,'2017-02-28 16:22:54','2017-02-28 16:22:54','2d713f95-a3e1-4e1f-a30a-ce3d2316e58b'),(180,180,'nb_no','dsc7150',NULL,1,'2017-02-28 16:22:56','2017-02-28 16:22:56','cb3d3e33-3009-490e-85dc-be8234ca57c9'),(181,181,'nb_no','dsc7256',NULL,1,'2017-02-28 16:22:58','2017-02-28 16:22:58','2cf8151b-af3c-4be1-a29f-e05494aa05ed'),(182,182,'nb_no','kommandanten',NULL,1,'2017-02-28 16:22:59','2017-02-28 16:22:59','cdd40856-9eb6-4c4d-9e02-caffc3fa1344'),(184,184,'nb_no','',NULL,1,'2017-02-28 16:46:29','2017-02-28 16:56:03','00e9c697-19a4-451f-8dbf-51cbbfc8c03a'),(185,185,'nb_no','logo-bg',NULL,1,'2017-02-28 16:47:02','2017-02-28 16:47:02','3693b98f-c0b2-4b0b-9370-90ad5c0dbc16'),(186,186,'nb_no','logo-silhouette',NULL,1,'2017-02-28 16:49:46','2017-02-28 16:49:46','17450ba5-f49b-46e6-8728-e817c6529b29');
/*!40000 ALTER TABLE `craft_elements_i18n` ENABLE KEYS */;
UNLOCK TABLES;
COMMIT;

--
-- Table structure for table `craft_emailmessages`
--

/*!40101 SET @saved_cs_client     = @@character_set_client */;
/*!40101 SET character_set_client = utf8 */;
CREATE TABLE `craft_emailmessages` (
  `id` int(11) NOT NULL AUTO_INCREMENT,
  `key` char(150) COLLATE utf8_unicode_ci NOT NULL,
  `locale` char(12) COLLATE utf8_unicode_ci NOT NULL,
  `subject` varchar(1000) COLLATE utf8_unicode_ci NOT NULL,
  `body` text COLLATE utf8_unicode_ci NOT NULL,
  `dateCreated` datetime NOT NULL,
  `dateUpdated` datetime NOT NULL,
  `uid` char(36) COLLATE utf8_unicode_ci NOT NULL DEFAULT '0',
  PRIMARY KEY (`id`),
  UNIQUE KEY `craft_emailmessages_key_locale_unq_idx` (`key`,`locale`),
  KEY `craft_emailmessages_locale_fk` (`locale`),
  CONSTRAINT `craft_emailmessages_locale_fk` FOREIGN KEY (`locale`) REFERENCES `craft_locales` (`locale`) ON DELETE CASCADE ON UPDATE CASCADE
) ENGINE=InnoDB DEFAULT CHARSET=utf8 COLLATE=utf8_unicode_ci;
/*!40101 SET character_set_client = @saved_cs_client */;

--
-- Dumping data for table `craft_emailmessages`
--

LOCK TABLES `craft_emailmessages` WRITE;
/*!40000 ALTER TABLE `craft_emailmessages` DISABLE KEYS */;
SET autocommit=0;
/*!40000 ALTER TABLE `craft_emailmessages` ENABLE KEYS */;
UNLOCK TABLES;
COMMIT;

--
-- Table structure for table `craft_entries`
--

/*!40101 SET @saved_cs_client     = @@character_set_client */;
/*!40101 SET character_set_client = utf8 */;
CREATE TABLE `craft_entries` (
  `id` int(11) NOT NULL,
  `sectionId` int(11) NOT NULL,
  `typeId` int(11) DEFAULT NULL,
  `authorId` int(11) DEFAULT NULL,
  `postDate` datetime DEFAULT NULL,
  `expiryDate` datetime DEFAULT NULL,
  `dateCreated` datetime NOT NULL,
  `dateUpdated` datetime NOT NULL,
  `uid` char(36) COLLATE utf8_unicode_ci NOT NULL DEFAULT '0',
  PRIMARY KEY (`id`),
  KEY `craft_entries_sectionId_idx` (`sectionId`),
  KEY `craft_entries_typeId_idx` (`typeId`),
  KEY `craft_entries_postDate_idx` (`postDate`),
  KEY `craft_entries_expiryDate_idx` (`expiryDate`),
  KEY `craft_entries_authorId_fk` (`authorId`),
  CONSTRAINT `craft_entries_authorId_fk` FOREIGN KEY (`authorId`) REFERENCES `craft_users` (`id`) ON DELETE CASCADE,
  CONSTRAINT `craft_entries_id_fk` FOREIGN KEY (`id`) REFERENCES `craft_elements` (`id`) ON DELETE CASCADE,
  CONSTRAINT `craft_entries_sectionId_fk` FOREIGN KEY (`sectionId`) REFERENCES `craft_sections` (`id`) ON DELETE CASCADE,
  CONSTRAINT `craft_entries_typeId_fk` FOREIGN KEY (`typeId`) REFERENCES `craft_entrytypes` (`id`) ON DELETE CASCADE
) ENGINE=InnoDB DEFAULT CHARSET=utf8 COLLATE=utf8_unicode_ci;
/*!40101 SET character_set_client = @saved_cs_client */;

--
-- Dumping data for table `craft_entries`
--

LOCK TABLES `craft_entries` WRITE;
/*!40000 ALTER TABLE `craft_entries` DISABLE KEYS */;
SET autocommit=0;
INSERT INTO `craft_entries` VALUES (2,1,NULL,NULL,'2017-02-10 15:29:45',NULL,'2017-02-10 15:29:45','2017-02-28 16:32:45','6e42adaa-98b2-47f9-b996-b40c83ff78e0'),(3,2,NULL,NULL,'2017-02-10 15:30:01',NULL,'2017-02-10 15:30:01','2017-02-28 16:34:05','f593a1ff-55df-46c5-bddd-c767fb20131d'),(4,3,NULL,NULL,'2017-02-10 15:30:11',NULL,'2017-02-10 15:30:11','2017-02-10 15:30:11','1bb02571-d859-433a-9bfc-8433822f9381'),(5,4,NULL,NULL,'2017-02-10 15:30:28',NULL,'2017-02-10 15:30:28','2017-02-10 15:30:28','5a1825c0-6840-44ed-a5ee-96c80a73d90b'),(88,5,5,1,'2017-02-19 23:33:00',NULL,'2017-02-19 23:33:17','2017-02-20 14:31:09','11ccadad-901a-4d1c-ae7c-27a0d283e8d8'),(134,5,5,1,'2017-02-20 12:55:00',NULL,'2017-02-20 12:55:20','2017-02-20 14:31:00','7a60c04f-31b3-46fb-8443-723e1e889531'),(136,5,5,1,'2017-02-20 12:56:00',NULL,'2017-02-20 12:56:14','2017-02-20 14:30:53','8637e0f1-3dbb-4b98-986e-17ca82793446'),(138,5,5,1,'2017-02-20 12:59:00',NULL,'2017-02-20 12:59:47','2017-02-20 14:30:41','d4b4cb6d-eabd-4ab5-a821-d182529b1f71'),(140,5,5,1,'2017-02-20 13:00:00',NULL,'2017-02-20 13:00:23','2017-02-20 14:30:33','1017d46e-85d3-43c1-b77c-37661fcfd937'),(142,5,5,1,'2017-02-20 13:01:00',NULL,'2017-02-20 13:01:03','2017-02-20 14:30:26','9ee78d6a-db7c-410e-aa0b-efdb1ba252a9'),(144,5,5,1,'2017-02-20 13:03:04',NULL,'2017-02-20 13:03:05','2017-02-20 13:03:05','9f0534d9-6ee6-4bfa-b730-f26351e7b8cc'),(146,5,5,1,'2017-02-20 13:03:00',NULL,'2017-02-20 13:03:42','2017-02-20 14:29:34','225011ab-ccb0-489e-aa6d-b9bc0f5af6e2'),(148,5,5,1,'2017-02-20 13:04:06',NULL,'2017-02-20 13:04:06','2017-02-20 13:04:06','e68e890b-d8e3-4e05-9745-d6356031fe11'),(150,5,5,1,'2017-02-20 13:04:39',NULL,'2017-02-20 13:04:39','2017-02-20 13:04:39','422cd60c-0875-4eda-82cb-b2af7ad07501'),(152,5,5,1,'2017-02-20 13:05:15',NULL,'2017-02-20 13:05:15','2017-02-20 13:05:15','6bd2b4e2-70ed-47eb-ab8a-4350b1946069'),(154,5,5,1,'2017-02-20 13:06:03',NULL,'2017-02-20 13:06:03','2017-02-20 13:06:03','603978e3-5af0-472a-8d24-0a2161db4394');
/*!40000 ALTER TABLE `craft_entries` ENABLE KEYS */;
UNLOCK TABLES;
COMMIT;

--
-- Table structure for table `craft_entrydrafts`
--

/*!40101 SET @saved_cs_client     = @@character_set_client */;
/*!40101 SET character_set_client = utf8 */;
CREATE TABLE `craft_entrydrafts` (
  `id` int(11) NOT NULL AUTO_INCREMENT,
  `entryId` int(11) NOT NULL,
  `sectionId` int(11) NOT NULL,
  `creatorId` int(11) NOT NULL,
  `locale` char(12) COLLATE utf8_unicode_ci NOT NULL,
  `name` varchar(255) COLLATE utf8_unicode_ci NOT NULL,
  `notes` tinytext COLLATE utf8_unicode_ci,
  `data` mediumtext COLLATE utf8_unicode_ci NOT NULL,
  `dateCreated` datetime NOT NULL,
  `dateUpdated` datetime NOT NULL,
  `uid` char(36) COLLATE utf8_unicode_ci NOT NULL DEFAULT '0',
  PRIMARY KEY (`id`),
  KEY `craft_entrydrafts_entryId_locale_idx` (`entryId`,`locale`),
  KEY `craft_entrydrafts_sectionId_fk` (`sectionId`),
  KEY `craft_entrydrafts_creatorId_fk` (`creatorId`),
  KEY `craft_entrydrafts_locale_fk` (`locale`),
  CONSTRAINT `craft_entrydrafts_creatorId_fk` FOREIGN KEY (`creatorId`) REFERENCES `craft_users` (`id`) ON DELETE CASCADE,
  CONSTRAINT `craft_entrydrafts_entryId_fk` FOREIGN KEY (`entryId`) REFERENCES `craft_entries` (`id`) ON DELETE CASCADE,
  CONSTRAINT `craft_entrydrafts_locale_fk` FOREIGN KEY (`locale`) REFERENCES `craft_locales` (`locale`) ON DELETE CASCADE ON UPDATE CASCADE,
  CONSTRAINT `craft_entrydrafts_sectionId_fk` FOREIGN KEY (`sectionId`) REFERENCES `craft_sections` (`id`) ON DELETE CASCADE
) ENGINE=InnoDB DEFAULT CHARSET=utf8 COLLATE=utf8_unicode_ci;
/*!40101 SET character_set_client = @saved_cs_client */;

--
-- Dumping data for table `craft_entrydrafts`
--

LOCK TABLES `craft_entrydrafts` WRITE;
/*!40000 ALTER TABLE `craft_entrydrafts` DISABLE KEYS */;
SET autocommit=0;
/*!40000 ALTER TABLE `craft_entrydrafts` ENABLE KEYS */;
UNLOCK TABLES;
COMMIT;

--
-- Table structure for table `craft_entrytypes`
--

/*!40101 SET @saved_cs_client     = @@character_set_client */;
/*!40101 SET character_set_client = utf8 */;
CREATE TABLE `craft_entrytypes` (
  `id` int(11) NOT NULL AUTO_INCREMENT,
  `sectionId` int(11) NOT NULL,
  `fieldLayoutId` int(11) DEFAULT NULL,
  `name` varchar(255) COLLATE utf8_unicode_ci NOT NULL,
  `handle` varchar(255) COLLATE utf8_unicode_ci NOT NULL,
  `hasTitleField` tinyint(1) unsigned NOT NULL DEFAULT '1',
  `titleLabel` varchar(255) COLLATE utf8_unicode_ci DEFAULT 'Title',
  `titleFormat` varchar(255) COLLATE utf8_unicode_ci DEFAULT NULL,
  `sortOrder` smallint(6) unsigned DEFAULT NULL,
  `dateCreated` datetime NOT NULL,
  `dateUpdated` datetime NOT NULL,
  `uid` char(36) COLLATE utf8_unicode_ci NOT NULL DEFAULT '0',
  PRIMARY KEY (`id`),
  UNIQUE KEY `craft_entrytypes_name_sectionId_unq_idx` (`name`,`sectionId`),
  UNIQUE KEY `craft_entrytypes_handle_sectionId_unq_idx` (`handle`,`sectionId`),
  KEY `craft_entrytypes_sectionId_fk` (`sectionId`),
  KEY `craft_entrytypes_fieldLayoutId_fk` (`fieldLayoutId`),
  CONSTRAINT `craft_entrytypes_fieldLayoutId_fk` FOREIGN KEY (`fieldLayoutId`) REFERENCES `craft_fieldlayouts` (`id`) ON DELETE SET NULL,
  CONSTRAINT `craft_entrytypes_sectionId_fk` FOREIGN KEY (`sectionId`) REFERENCES `craft_sections` (`id`) ON DELETE CASCADE
) ENGINE=InnoDB AUTO_INCREMENT=6 DEFAULT CHARSET=utf8 COLLATE=utf8_unicode_ci;
/*!40101 SET character_set_client = @saved_cs_client */;

--
-- Dumping data for table `craft_entrytypes`
--

LOCK TABLES `craft_entrytypes` WRITE;
/*!40000 ALTER TABLE `craft_entrytypes` DISABLE KEYS */;
SET autocommit=0;
INSERT INTO `craft_entrytypes` VALUES (1,1,241,'Forside','forside',0,NULL,'{section.name|raw}',1,'2017-02-10 15:29:45','2017-02-14 17:39:10','79338ffb-ed9f-42a6-bb97-9f6ef6310ebc'),(2,2,291,'Restaurant','restaurant',0,NULL,'{section.name|raw}',1,'2017-02-10 15:30:01','2017-02-26 18:48:42','bc770edb-99aa-4ad1-87c8-72fc2d6bd42f'),(3,3,39,'Selskap','selskap',0,NULL,'{section.name|raw}',1,'2017-02-10 15:30:11','2017-02-10 15:30:11','6ef480d0-7020-4a8f-9df9-e1cbfad9ead0'),(4,4,40,'Kristiansten festning','kristianstenFestning',0,NULL,'{section.name|raw}',1,'2017-02-10 15:30:28','2017-02-10 15:30:28','b0cd8f11-ed6e-455f-8736-14a4ad61088b'),(5,5,279,'Oppskrifter','oppskrifter',1,'Tittel',NULL,1,'2017-02-10 15:44:00','2017-02-20 12:49:13','f7f04814-05b8-4a38-8602-2e65739df67a');
/*!40000 ALTER TABLE `craft_entrytypes` ENABLE KEYS */;
UNLOCK TABLES;
COMMIT;

--
-- Table structure for table `craft_entryversions`
--

/*!40101 SET @saved_cs_client     = @@character_set_client */;
/*!40101 SET character_set_client = utf8 */;
CREATE TABLE `craft_entryversions` (
  `id` int(11) NOT NULL AUTO_INCREMENT,
  `entryId` int(11) NOT NULL,
  `sectionId` int(11) NOT NULL,
  `creatorId` int(11) DEFAULT NULL,
  `locale` char(12) COLLATE utf8_unicode_ci NOT NULL,
  `num` smallint(6) unsigned NOT NULL,
  `notes` tinytext COLLATE utf8_unicode_ci,
  `data` mediumtext COLLATE utf8_unicode_ci NOT NULL,
  `dateCreated` datetime NOT NULL,
  `dateUpdated` datetime NOT NULL,
  `uid` char(36) COLLATE utf8_unicode_ci NOT NULL DEFAULT '0',
  PRIMARY KEY (`id`),
  KEY `craft_entryversions_entryId_locale_idx` (`entryId`,`locale`),
  KEY `craft_entryversions_sectionId_fk` (`sectionId`),
  KEY `craft_entryversions_creatorId_fk` (`creatorId`),
  KEY `craft_entryversions_locale_fk` (`locale`),
  CONSTRAINT `craft_entryversions_creatorId_fk` FOREIGN KEY (`creatorId`) REFERENCES `craft_users` (`id`) ON DELETE SET NULL,
  CONSTRAINT `craft_entryversions_entryId_fk` FOREIGN KEY (`entryId`) REFERENCES `craft_entries` (`id`) ON DELETE CASCADE,
  CONSTRAINT `craft_entryversions_locale_fk` FOREIGN KEY (`locale`) REFERENCES `craft_locales` (`locale`) ON DELETE CASCADE ON UPDATE CASCADE,
  CONSTRAINT `craft_entryversions_sectionId_fk` FOREIGN KEY (`sectionId`) REFERENCES `craft_sections` (`id`) ON DELETE CASCADE
) ENGINE=InnoDB AUTO_INCREMENT=148 DEFAULT CHARSET=utf8 COLLATE=utf8_unicode_ci;
/*!40101 SET character_set_client = @saved_cs_client */;

--
-- Dumping data for table `craft_entryversions`
--

LOCK TABLES `craft_entryversions` WRITE;
/*!40000 ALTER TABLE `craft_entryversions` DISABLE KEYS */;
SET autocommit=0;
INSERT INTO `craft_entryversions` VALUES (1,2,1,1,'nb_no',1,NULL,'{\"typeId\":\"1\",\"authorId\":null,\"title\":\"Forside\",\"slug\":\"forside\",\"postDate\":1486740585,\"expiryDate\":null,\"enabled\":1,\"parentId\":null,\"fields\":[]}','2017-02-10 15:29:45','2017-02-10 15:29:45','6f725eda-010b-40c6-a8f8-70da4045b2f9'),(2,3,2,1,'nb_no',1,NULL,'{\"typeId\":\"2\",\"authorId\":null,\"title\":\"Restaurant\",\"slug\":\"restaurant\",\"postDate\":1486740601,\"expiryDate\":null,\"enabled\":1,\"parentId\":null,\"fields\":[]}','2017-02-10 15:30:01','2017-02-10 15:30:01','171011d4-64b8-4100-8d74-9914f8fd59d7'),(3,4,3,1,'nb_no',1,NULL,'{\"typeId\":\"3\",\"authorId\":null,\"title\":\"Selskap\",\"slug\":\"selskap\",\"postDate\":1486740611,\"expiryDate\":null,\"enabled\":1,\"parentId\":null,\"fields\":[]}','2017-02-10 15:30:11','2017-02-10 15:30:11','a6724344-dd40-4374-832e-9f128d0217d3'),(4,5,4,1,'nb_no',1,NULL,'{\"typeId\":\"4\",\"authorId\":null,\"title\":\"Kristiansten festning\",\"slug\":\"kristiansten-festning\",\"postDate\":1486740628,\"expiryDate\":null,\"enabled\":1,\"parentId\":null,\"fields\":[]}','2017-02-10 15:30:28','2017-02-10 15:30:28','c707435e-c18f-4c1e-a883-353fc7ea71af'),(5,2,1,1,'nb_no',2,'','{\"typeId\":null,\"authorId\":null,\"title\":\"Forside\",\"slug\":\"forside\",\"postDate\":1486740585,\"expiryDate\":null,\"enabled\":1,\"parentId\":null,\"fields\":{\"23\":\"<p>P\\u00e5 historiske Kristiansten festning i Trondheim ligger <strong>Restaurant Kommandanten<\\/strong> i den gamle kommandant-boligen.<\\/p>\",\"22\":[\"6\"]}}','2017-02-10 16:00:39','2017-02-10 16:00:39','293a5f00-57a5-4092-8e12-a28cb43b059e'),(6,2,1,1,'nb_no',3,'','{\"typeId\":null,\"authorId\":null,\"title\":\"Forside\",\"slug\":\"forside\",\"postDate\":1486740585,\"expiryDate\":null,\"enabled\":1,\"parentId\":null,\"fields\":{\"23\":\"<p>P\\u00e5 historiske Kristiansten festning i Trondheim ligger <strong>Restaurant Kommandanten<\\/strong> i den gamle kommandant-boligen.<\\/p>\",\"22\":[\"8\"]}}','2017-02-10 16:06:12','2017-02-10 16:06:12','70ec1d5b-cc5d-4580-bf20-40064cd9c993'),(7,2,1,1,'nb_no',4,'','{\"typeId\":null,\"authorId\":null,\"title\":\"Forside\",\"slug\":\"forside\",\"postDate\":1486740585,\"expiryDate\":null,\"enabled\":1,\"parentId\":null,\"fields\":{\"23\":\"<p>P\\u00e5 historiske Kristiansten festning i Trondheim ligger <strong>Restaurant Kommandanten<\\/strong> i den gamle kommandant-boligen.<\\/p>\",\"25\":\"Festningen servering og kulturarena\",\"22\":[\"8\"]}}','2017-02-10 16:07:57','2017-02-10 16:07:57','bd5a985e-fbe3-48ac-a1d6-61d5fc47c3bf'),(8,2,1,1,'nb_no',5,'','{\"typeId\":null,\"authorId\":null,\"title\":\"Forside\",\"slug\":\"forside\",\"postDate\":1486740585,\"expiryDate\":null,\"enabled\":1,\"parentId\":null,\"fields\":{\"26\":{\"new1\":{\"type\":\"blokk\",\"enabled\":\"1\",\"fields\":{\"tittel\":\"\\u00c5pningstider\",\"ikon\":\"\",\"rikTekst\":\"<p>Tirsdag - Fredag<\\/p>\",\"knapp\":[{\"col1\":\"TLF: 450 52 666\",\"col2\":\"tel:+4745052666\"}]}},\"new2\":{\"type\":\"blokk\",\"enabled\":\"1\",\"fields\":{\"tittel\":\"Booking\",\"ikon\":\"\",\"rikTekst\":\"<p>Reserver bord eller book <strong>egne dedikerte selskapslokaler med eget vertskap<\\/strong> og underholdning.&nbsp;<\\/p>\",\"knapp\":[{\"col1\":\"Send epost\",\"col2\":\"mail:kommandanten@festningenservering.no\"}]}}},\"23\":\"<p>P\\u00e5 historiske Kristiansten festning i Trondheim ligger <strong>Restaurant Kommandanten<\\/strong> i den gamle kommandant-boligen.<\\/p>\",\"25\":\"Festningen servering og kulturarena\",\"22\":[\"8\"]}}','2017-02-10 16:12:46','2017-02-10 16:12:46','596975fc-72f6-4527-9fb5-5f828b0c2ec9'),(9,2,1,1,'nb_no',6,'','{\"typeId\":null,\"authorId\":null,\"title\":\"Forside\",\"slug\":\"forside\",\"postDate\":1486740585,\"expiryDate\":null,\"enabled\":1,\"parentId\":null,\"fields\":{\"26\":{\"10\":{\"type\":\"blokk\",\"enabled\":\"1\",\"fields\":{\"tittel\":\"\\u00c5pningstider\",\"ikon\":\"\",\"rikTekst\":\"<table>\\r\\n  <tr>\\r\\n    <th>Tirsdag - Fredag<\\/th>\\r\\n    <th class=\\\"tg-yw4l\\\">11:00 - 23:00<\\/th>\\r\\n  <\\/tr>\\r\\n  <tr>\\r\\n    <td>L\\u00f8rdag - S\\u00f8ndag<\\/td>\\r\\n    <td>11:00 - 23:00<\\/td>\\r\\n  <\\/tr>\\r\\n<\\/table>\",\"knapp\":\"<p>TEL:&nbsp;<a href=\\\"tel: +4645052666\\\">450 52 666<\\/a><\\/p>\"}},\"11\":{\"type\":\"blokk\",\"enabled\":\"1\",\"fields\":{\"tittel\":\"Booking\",\"ikon\":\"\",\"rikTekst\":\"<p>Reserver bord eller book <strong>egne dedikerte selskapslokaler med eget vertskap<\\/strong> og underholdning.&nbsp;<\\/p>\",\"knapp\":\"<p><a href=\\\"mailto:kommandanten@festningenservering.no\\\">Send epost<\\/a><\\/p>\"}}},\"23\":\"<p>P\\u00e5 historiske Kristiansten festning i Trondheim ligger <strong>Restaurant Kommandanten<\\/strong> i den gamle kommandant-boligen.<\\/p>\",\"25\":\"Festningen servering og kulturarena\",\"22\":[\"8\"]}}','2017-02-10 16:19:10','2017-02-10 16:19:10','b8296a0a-78e8-4589-bbbd-d652f9af56c5'),(10,2,1,1,'nb_no',7,'','{\"typeId\":null,\"authorId\":null,\"title\":\"Forside\",\"slug\":\"forside\",\"postDate\":1486740585,\"expiryDate\":null,\"enabled\":1,\"parentId\":null,\"fields\":{\"26\":{\"10\":{\"type\":\"blokk\",\"enabled\":\"1\",\"fields\":{\"tittel\":\"\\u00c5pningstider\",\"ikon\":\"\",\"rikTekst\":\"<table><tbody><tr><th>Tirsdag - Fredag<\\/th>\\r\\n    <th class=\\\"tg-yw4l\\\">11:00 - 23:00<\\/th>\\r\\n  <\\/tr><tr><td>L\\u00f8rdag - S\\u00f8ndag<\\/td>\\r\\n    <td>11:00 - 23:00<\\/td>\\r\\n  <\\/tr><\\/tbody><\\/table>\",\"knapp\":\"<p>TEL:&nbsp;<a href=\\\"tel:204645052666\\\">450 52 666<\\/a><\\/p>\"}},\"11\":{\"type\":\"blokk\",\"enabled\":\"1\",\"fields\":{\"tittel\":\"Booking\",\"ikon\":\"\",\"rikTekst\":\"<p>Reserver bord eller book <strong>egne dedikerte selskapslokaler med eget vertskap<\\/strong> og underholdning.&nbsp;<\\/p>\",\"knapp\":\"<p><a href=\\\"mailto:kommandanten@festningenservering.no\\\">Send epost<\\/a><\\/p>\"}}},\"31\":{\"new1\":{\"type\":\"enkel\",\"enabled\":\"1\",\"fields\":{\"bilde\":[\"9\"],\"overskrift\":\"Restauranten\",\"tekst\":\"<p>Lorem ipsum dolor sit amet, consectetur adipiscing elit, sed do eiusmod tempor incididunt ut labore et dolore magna aliqua. Ut enim ad minim veniam, quis nostrud exercitation ullamco laboris nisi.<br><br><a href=\\\"http:\\/\\/festningen.local\\/restaurant#entry:3\\\"><strong>Les mer<\\/strong><\\/a><\\/p>\",\"posisjon\":\"bildeHoyre\"}},\"new2\":{\"type\":\"dobbel\",\"enabled\":\"1\",\"fields\":{\"bilde\":[\"6\"],\"overskrift\":\"Dobbel restaurant\",\"tekst\":\"<p>Lorem ipsum dolor sit amet, consectetur adipiscing elit, sed do eiusmod tempor incididunt ut labore et dolore magna aliqua. Ut enim ad minim veniam, quis nostrud exercitation ullamco laboris nisi.<br><br><a href=\\\"http:\\/\\/festningen.local\\/restaurant#entry:3\\\"><strong>Les mer<\\/strong><\\/a><\\/p>\",\"posisjon\":\"bildeVenstre\"}}},\"23\":\"<p>P\\u00e5 historiske Kristiansten festning i Trondheim ligger <strong>Restaurant Kommandanten<\\/strong> i den gamle kommandant-boligen.<\\/p>\",\"25\":\"Festningen servering og kulturarena\",\"22\":[\"8\"]}}','2017-02-11 01:12:01','2017-02-11 01:12:01','17335fa2-247e-4223-8839-86d35dcd8ebe'),(11,2,1,1,'nb_no',8,'','{\"typeId\":null,\"authorId\":null,\"title\":\"Forside\",\"slug\":\"forside\",\"postDate\":1486740585,\"expiryDate\":null,\"enabled\":1,\"parentId\":null,\"fields\":{\"26\":{\"10\":{\"type\":\"blokk\",\"enabled\":\"1\",\"fields\":{\"tittel\":\"\\u00c5pningstider\",\"ikon\":\"\",\"rikTekst\":\"<table><tbody><tr><th>Tirsdag - Fredag<\\/th>\\r\\n    <th class=\\\"tg-yw4l\\\">11:00 - 23:00<\\/th>\\r\\n  <\\/tr><tr><td>L\\u00f8rdag - S\\u00f8ndag<\\/td>\\r\\n    <td>11:00 - 23:00<\\/td>\\r\\n  <\\/tr><\\/tbody><\\/table>\",\"knapp\":\"<p>TEL:&nbsp;<a href=\\\"tel:204645052666\\\">450 52 666<\\/a><\\/p>\"}},\"11\":{\"type\":\"blokk\",\"enabled\":\"1\",\"fields\":{\"tittel\":\"Booking\",\"ikon\":\"\",\"rikTekst\":\"<p>Reserver bord eller book <strong>egne dedikerte selskapslokaler med eget vertskap<\\/strong> og underholdning.&nbsp;<\\/p>\",\"knapp\":\"<p><a href=\\\"mailto:kommandanten@festningenservering.no\\\">Send epost<\\/a><\\/p>\"}}},\"31\":{\"13\":{\"type\":\"enkel\",\"enabled\":\"1\",\"fields\":{\"bilde\":[\"9\"],\"posisjon\":\"right\",\"overskrift\":\"Restauranten\",\"tekst\":\"<p>Lorem ipsum dolor sit amet, consectetur adipiscing elit, sed do eiusmod tempor incididunt ut labore et dolore magna aliqua. Ut enim ad minim veniam, quis nostrud exercitation ullamco laboris nisi.<br><br><a href=\\\"http:\\/\\/festningen.local\\/restaurant#entry:3:url\\\"><strong>Les mer<\\/strong><\\/a><\\/p>\"}},\"14\":{\"type\":\"dobbel\",\"enabled\":\"1\",\"fields\":{\"bilde\":[\"6\"],\"overskrift\":\"Dobbel restaurant\",\"tekst\":\"<p>Lorem ipsum dolor sit amet, consectetur adipiscing elit, sed do eiusmod tempor incididunt ut labore et dolore magna aliqua. Ut enim ad minim veniam, quis nostrud exercitation ullamco laboris nisi.<br><br><a href=\\\"http:\\/\\/festningen.local\\/restaurant#entry:3:url\\\"><strong>Les mer<\\/strong><\\/a><\\/p>\",\"posisjon\":\"left\"}}},\"23\":\"<p>P\\u00e5 historiske Kristiansten festning i Trondheim ligger <strong>Restaurant Kommandanten<\\/strong> i den gamle kommandant-boligen.<\\/p>\",\"25\":\"Festningen servering og kulturarena\",\"22\":[\"8\"]}}','2017-02-11 01:14:07','2017-02-11 01:14:07','c6181df6-95c6-40bd-b1b6-373d7e4bea9f'),(12,2,1,1,'nb_no',9,'','{\"typeId\":null,\"authorId\":null,\"title\":\"Forside\",\"slug\":\"forside\",\"postDate\":1486740585,\"expiryDate\":null,\"enabled\":1,\"parentId\":null,\"fields\":{\"26\":{\"10\":{\"type\":\"blokk\",\"enabled\":\"1\",\"fields\":{\"tittel\":\"\\u00c5pningstider\",\"ikon\":\"\",\"rikTekst\":\"<table><tbody><tr><th>Tirsdag - Fredag<\\/th>\\r\\n    <th class=\\\"tg-yw4l\\\">11:00 - 23:00<\\/th>\\r\\n  <\\/tr><tr><td>L\\u00f8rdag - S\\u00f8ndag<\\/td>\\r\\n    <td>11:00 - 23:00<\\/td>\\r\\n  <\\/tr><\\/tbody><\\/table>\",\"knapp\":\"<p>TEL:&nbsp;<a href=\\\"tel:204645052666\\\">450 52 666<\\/a><\\/p>\"}},\"11\":{\"type\":\"blokk\",\"enabled\":\"1\",\"fields\":{\"tittel\":\"Booking\",\"ikon\":\"\",\"rikTekst\":\"<p>Reserver bord eller book <strong>egne dedikerte selskapslokaler med eget vertskap<\\/strong> og underholdning.&nbsp;<\\/p>\",\"knapp\":\"<p><a href=\\\"mailto:kommandanten@festningenservering.no\\\">Send epost<\\/a><\\/p>\"}}},\"31\":{\"13\":{\"type\":\"enkel\",\"enabled\":\"1\",\"fields\":{\"bilde\":[\"9\"],\"posisjon\":\"right\",\"overskrift\":\"Restauranten\",\"tekst\":\"<p>Lorem ipsum dolor sit amet, consectetur adipiscing elit, sed do eiusmod tempor incididunt ut labore et dolore magna aliqua. Ut enim ad minim veniam, quis nostrud exercitation ullamco laboris nisi.<br><br><a href=\\\"http:\\/\\/festningen.local\\/restaurant#entry:3:url\\\"><strong>Les mer<\\/strong><\\/a><\\/p>\"}},\"14\":{\"type\":\"dobbel\",\"enabled\":\"1\",\"fields\":{\"bilde\":[\"6\"],\"overskrift\":\"Dobbel restaurant\",\"tekst\":\"<p>Lorem ipsum dolor sit amet, consectetur adipiscing elit, sed do eiusmod tempor incididunt ut labore et dolore magna aliqua. Ut enim ad minim veniam, quis nostrud exercitation ullamco laboris nisi.<br><br><a href=\\\"http:\\/\\/festningen.local\\/restaurant#entry:3:url\\\"><strong>Les mer<\\/strong><\\/a><\\/p>\",\"posisjon\":\"left\"}}},\"23\":\"<p>P\\u00e5 historiske Kristiansten festning i Trondheim ligger <strong>Restaurant Kommandanten<\\/strong> i den gamle kommandant-boligen.<\\/p>\",\"25\":\"Festningen servering og kulturarena\",\"22\":[\"8\"]}}','2017-02-11 01:18:58','2017-02-11 01:18:58','e2f9ab5e-26bc-4350-bc00-c0d840cc7cc4'),(13,2,1,1,'nb_no',10,'','{\"typeId\":null,\"authorId\":null,\"title\":\"Forside\",\"slug\":\"forside\",\"postDate\":1486740585,\"expiryDate\":null,\"enabled\":1,\"parentId\":null,\"fields\":{\"26\":{\"10\":{\"type\":\"blokk\",\"enabled\":\"1\",\"fields\":{\"tittel\":\"\\u00c5pningstider\",\"ikon\":[\"15\"],\"rikTekst\":\"<table><tbody><tr><th>Tirsdag - Fredag<\\/th>\\r\\n    <th class=\\\"tg-yw4l\\\">11:00 - 23:00<\\/th>\\r\\n  <\\/tr><tr><td>L\\u00f8rdag - S\\u00f8ndag<\\/td>\\r\\n    <td>11:00 - 23:00<\\/td>\\r\\n  <\\/tr><\\/tbody><\\/table>\",\"knapp\":\"<p>TEL:&nbsp;<a href=\\\"tel:204645052666\\\">450 52 666<\\/a><\\/p>\"}},\"11\":{\"type\":\"blokk\",\"enabled\":\"1\",\"fields\":{\"tittel\":\"Booking\",\"ikon\":\"\",\"rikTekst\":\"<p>Reserver bord eller book <strong>egne dedikerte selskapslokaler med eget vertskap<\\/strong> og underholdning.&nbsp;<\\/p>\",\"knapp\":\"<p><a href=\\\"mailto:kommandanten@festningenservering.no\\\">Send epost<\\/a><\\/p>\"}}},\"31\":{\"13\":{\"type\":\"enkel\",\"enabled\":\"1\",\"fields\":{\"bilde\":[\"9\"],\"posisjon\":\"right\",\"overskrift\":\"Restauranten\",\"tekst\":\"<p>Lorem ipsum dolor sit amet, consectetur adipiscing elit, sed do eiusmod tempor incididunt ut labore et dolore magna aliqua. Ut enim ad minim veniam, quis nostrud exercitation ullamco laboris nisi.<br><br><a href=\\\"http:\\/\\/festningen.local\\/restaurant#entry:3:url\\\"><strong>Les mer<\\/strong><\\/a><\\/p>\"}},\"14\":{\"type\":\"dobbel\",\"enabled\":\"1\",\"fields\":{\"bilde\":[\"6\"],\"overskrift\":\"Dobbel restaurant\",\"tekst\":\"<p>Lorem ipsum dolor sit amet, consectetur adipiscing elit, sed do eiusmod tempor incididunt ut labore et dolore magna aliqua. Ut enim ad minim veniam, quis nostrud exercitation ullamco laboris nisi.<br><br><a href=\\\"http:\\/\\/festningen.local\\/restaurant#entry:3:url\\\"><strong>Les mer<\\/strong><\\/a><\\/p>\",\"posisjon\":\"left\"}}},\"23\":\"<p>P\\u00e5 historiske Kristiansten festning i Trondheim ligger <strong>Restaurant Kommandanten<\\/strong> i den gamle kommandant-boligen.<\\/p>\",\"25\":\"Festningen servering og kulturarena\",\"22\":[\"8\"]}}','2017-02-11 01:29:59','2017-02-11 01:29:59','099c42ad-b5a5-49aa-9b8a-ff244231d2c3'),(14,2,1,1,'nb_no',11,'','{\"typeId\":null,\"authorId\":null,\"title\":\"Forside\",\"slug\":\"forside\",\"postDate\":1486740585,\"expiryDate\":null,\"enabled\":1,\"parentId\":null,\"fields\":{\"26\":{\"10\":{\"type\":\"blokk\",\"enabled\":\"1\",\"fields\":{\"tittel\":\"\\u00c5pningstider\",\"ikon\":[\"15\"],\"rikTekst\":\"<table><tbody><tr><th>Tirsdag - Fredag<\\/th>\\r\\n    <th class=\\\"tg-yw4l\\\">11:00 - 23:00<\\/th>\\r\\n  <\\/tr><tr><td>L\\u00f8rdag - S\\u00f8ndag<\\/td>\\r\\n    <td>11:00 - 23:00<\\/td>\\r\\n  <\\/tr><\\/tbody><\\/table><p>M\\u00f8ter og selskap etter avtale<\\/p>\",\"knapp\":\"<p>TEL:&nbsp;<a href=\\\"tel:204645052666\\\">450 52 666<\\/a><\\/p>\"}},\"11\":{\"type\":\"blokk\",\"enabled\":\"1\",\"fields\":{\"tittel\":\"Booking\",\"ikon\":\"\",\"rikTekst\":\"<p>Reserver bord eller book <strong>egne dedikerte selskapslokaler med eget vertskap<\\/strong> og underholdning.&nbsp;<\\/p>\",\"knapp\":\"<p><a href=\\\"mailto:kommandanten@festningenservering.no\\\">Send epost<\\/a><\\/p>\"}}},\"31\":{\"13\":{\"type\":\"enkel\",\"enabled\":\"1\",\"fields\":{\"bilde\":[\"9\"],\"posisjon\":\"right\",\"overskrift\":\"Restauranten\",\"tekst\":\"<p>Lorem ipsum dolor sit amet, consectetur adipiscing elit, sed do eiusmod tempor incididunt ut labore et dolore magna aliqua. Ut enim ad minim veniam, quis nostrud exercitation ullamco laboris nisi.<br><br><a href=\\\"http:\\/\\/festningen.local\\/restaurant#entry:3:url\\\"><strong>Les mer<\\/strong><\\/a><\\/p>\"}},\"14\":{\"type\":\"dobbel\",\"enabled\":\"1\",\"fields\":{\"bilde\":[\"6\"],\"overskrift\":\"Dobbel restaurant\",\"tekst\":\"<p>Lorem ipsum dolor sit amet, consectetur adipiscing elit, sed do eiusmod tempor incididunt ut labore et dolore magna aliqua. Ut enim ad minim veniam, quis nostrud exercitation ullamco laboris nisi.<br><br><a href=\\\"http:\\/\\/festningen.local\\/restaurant#entry:3:url\\\"><strong>Les mer<\\/strong><\\/a><\\/p>\",\"posisjon\":\"left\"}}},\"23\":\"<p>P\\u00e5 historiske Kristiansten festning i Trondheim ligger <strong>Restaurant Kommandanten<\\/strong> i den gamle kommandant-boligen.<\\/p>\",\"25\":\"Festningen servering og kulturarena\",\"22\":[\"8\"]}}','2017-02-11 23:07:18','2017-02-11 23:07:18','2466a28b-5350-404a-99d1-d53e125d406a'),(15,2,1,1,'nb_no',12,'','{\"typeId\":null,\"authorId\":null,\"title\":\"Forside\",\"slug\":\"forside\",\"postDate\":1486740585,\"expiryDate\":null,\"enabled\":1,\"parentId\":null,\"fields\":{\"26\":{\"10\":{\"type\":\"blokk\",\"enabled\":\"1\",\"fields\":{\"tittel\":\"\\u00c5pningstider\",\"ikon\":[\"15\"],\"rikTekst\":\"<table><tbody><tr><th>Tirsdag - Fredag<\\/th>\\r\\n    <th class=\\\"tg-yw4l\\\">11:00 - 23:00<\\/th>\\r\\n  <\\/tr><tr><td>L\\u00f8rdag - S\\u00f8ndag<\\/td>\\r\\n    <td>11:00 - 23:00<\\/td>\\r\\n  <\\/tr><\\/tbody><\\/table>\\r\\n<p><br><\\/p><p>M\\u00f8ter og selskap etter avtale<\\/p>\",\"knapp\":\"<p>TEL:&nbsp;<a href=\\\"tel:204645052666\\\">450 52 666<\\/a><\\/p>\"}},\"11\":{\"type\":\"blokk\",\"enabled\":\"1\",\"fields\":{\"tittel\":\"Booking\",\"ikon\":\"\",\"rikTekst\":\"<p>Reserver bord eller book <strong>egne dedikerte selskapslokaler med eget vertskap<\\/strong> og underholdning.&nbsp;<\\/p>\",\"knapp\":\"<p><a href=\\\"mailto:kommandanten@festningenservering.no\\\">Send epost<\\/a><\\/p>\"}}},\"31\":{\"13\":{\"type\":\"enkel\",\"enabled\":\"1\",\"fields\":{\"bilde\":[\"9\"],\"posisjon\":\"right\",\"overskrift\":\"Restauranten\",\"tekst\":\"<p>Lorem ipsum dolor sit amet, consectetur adipiscing elit, sed do eiusmod tempor incididunt ut labore et dolore magna aliqua. Ut enim ad minim veniam, quis nostrud exercitation ullamco laboris nisi.<br><br><a href=\\\"http:\\/\\/festningen.local\\/restaurant#entry:3:url\\\"><strong>Les mer<\\/strong><\\/a><\\/p>\"}},\"14\":{\"type\":\"dobbel\",\"enabled\":\"1\",\"fields\":{\"bilde\":[\"6\"],\"overskrift\":\"Dobbel restaurant\",\"tekst\":\"<p>Lorem ipsum dolor sit amet, consectetur adipiscing elit, sed do eiusmod tempor incididunt ut labore et dolore magna aliqua. Ut enim ad minim veniam, quis nostrud exercitation ullamco laboris nisi.<br><br><a href=\\\"http:\\/\\/festningen.local\\/restaurant#entry:3:url\\\"><strong>Les mer<\\/strong><\\/a><\\/p>\",\"posisjon\":\"left\"}}},\"23\":\"<p>P\\u00e5 historiske Kristiansten festning i Trondheim ligger <strong>Restaurant Kommandanten<\\/strong> i den gamle kommandant-boligen.<\\/p>\",\"25\":\"Festningen servering og kulturarena\",\"22\":[\"8\"]}}','2017-02-11 23:07:37','2017-02-11 23:07:37','a4eba83f-8aab-4982-9ef6-303b95b4210c'),(16,2,1,1,'nb_no',13,'','{\"typeId\":null,\"authorId\":null,\"title\":\"Forside\",\"slug\":\"forside\",\"postDate\":1486740585,\"expiryDate\":null,\"enabled\":1,\"parentId\":null,\"fields\":{\"26\":{\"10\":{\"type\":\"blokk\",\"enabled\":\"1\",\"fields\":{\"tittel\":\"\\u00c5pningstider\",\"ikon\":[\"15\"],\"rikTekst\":\"<table><tbody><tr><th>Tirsdag - Fredag<\\/th>\\r\\n    <th class=\\\"tg-yw4l\\\">11:00 - 23:00<\\/th>\\r\\n  <\\/tr><tr><td>L\\u00f8rdag - S\\u00f8ndag<\\/td>\\r\\n    <td>11:00 - 23:00<\\/td>\\r\\n  <\\/tr><\\/tbody><\\/table>\\r\\n<p><br><\\/p>\\r\\n<p>M\\u00f8ter og selskap etter avtale<\\/p>\",\"knapp\":\"<p><a href=\\\"tel:45052666\\\">TLF: 450 52 666<\\/a><\\/p>\"}},\"11\":{\"type\":\"blokk\",\"enabled\":\"1\",\"fields\":{\"tittel\":\"Booking\",\"ikon\":\"\",\"rikTekst\":\"<p>Reserver bord eller book <strong>egne dedikerte selskapslokaler med eget vertskap<\\/strong> og underholdning.&nbsp;<\\/p>\",\"knapp\":\"<p><a href=\\\"mailto:kommandanten@festningenservering.no\\\">Send epost<\\/a><\\/p>\"}}},\"31\":{\"13\":{\"type\":\"enkel\",\"enabled\":\"1\",\"fields\":{\"bilde\":[\"9\"],\"posisjon\":\"right\",\"overskrift\":\"Restauranten\",\"tekst\":\"<p>Lorem ipsum dolor sit amet, consectetur adipiscing elit, sed do eiusmod tempor incididunt ut labore et dolore magna aliqua. Ut enim ad minim veniam, quis nostrud exercitation ullamco laboris nisi.<br><br><a href=\\\"http:\\/\\/festningen.local\\/restaurant#entry:3:url\\\"><strong>Les mer<\\/strong><\\/a><\\/p>\"}},\"14\":{\"type\":\"dobbel\",\"enabled\":\"1\",\"fields\":{\"bilde\":[\"6\"],\"overskrift\":\"Dobbel restaurant\",\"tekst\":\"<p>Lorem ipsum dolor sit amet, consectetur adipiscing elit, sed do eiusmod tempor incididunt ut labore et dolore magna aliqua. Ut enim ad minim veniam, quis nostrud exercitation ullamco laboris nisi.<br><br><a href=\\\"http:\\/\\/festningen.local\\/restaurant#entry:3:url\\\"><strong>Les mer<\\/strong><\\/a><\\/p>\",\"posisjon\":\"left\"}}},\"23\":\"<p>P\\u00e5 historiske Kristiansten festning i Trondheim ligger <strong>Restaurant Kommandanten<\\/strong> i den gamle kommandant-boligen.<\\/p>\",\"25\":\"Festningen servering og kulturarena\",\"22\":[\"8\"]}}','2017-02-11 23:17:30','2017-02-11 23:17:30','6913e1d1-c1e1-4ab2-b675-24969b475f95'),(17,2,1,1,'nb_no',14,'','{\"typeId\":null,\"authorId\":null,\"title\":\"Forside\",\"slug\":\"forside\",\"postDate\":1486740585,\"expiryDate\":null,\"enabled\":1,\"parentId\":null,\"fields\":{\"26\":{\"10\":{\"type\":\"blokk\",\"enabled\":\"1\",\"fields\":{\"tittel\":\"\\u00c5pningstider\",\"ikon\":[\"15\"],\"rikTekst\":\"<table><tbody><tr><th>Tirsdag - Fredag<\\/th>\\r\\n    <th class=\\\"tg-yw4l\\\">11:00 - 23:00<\\/th>\\r\\n  <\\/tr><tr><td>L\\u00f8rdag - S\\u00f8ndag<\\/td>\\r\\n    <td>11:00 - 23:00<\\/td>\\r\\n  <\\/tr><\\/tbody><\\/table>\\r\\n<p><br><\\/p>\\r\\n<p>M\\u00f8ter og selskap etter avtale<\\/p>\",\"knapp\":\"<p><a href=\\\"tel:45052666\\\">TLF: 450 52 666<\\/a><\\/p>\"}},\"11\":{\"type\":\"blokk\",\"enabled\":\"1\",\"fields\":{\"tittel\":\"Booking\",\"ikon\":[\"16\"],\"rikTekst\":\"<p>Reserver bord eller book <strong>egne dedikerte selskapslokaler med eget vertskap<\\/strong> og underholdning.&nbsp;<\\/p>\",\"knapp\":\"<p><a href=\\\"mailto:kommandanten@festningenservering.no\\\">Send epost<\\/a><\\/p>\"}}},\"31\":{\"13\":{\"type\":\"enkel\",\"enabled\":\"1\",\"fields\":{\"bilde\":[\"9\"],\"posisjon\":\"right\",\"overskrift\":\"Restauranten\",\"tekst\":\"<p>Lorem ipsum dolor sit amet, consectetur adipiscing elit, sed do eiusmod tempor incididunt ut labore et dolore magna aliqua. Ut enim ad minim veniam, quis nostrud exercitation ullamco laboris nisi.<br><br><a href=\\\"http:\\/\\/festningen.local\\/restaurant#entry:3:url\\\"><strong>Les mer<\\/strong><\\/a><\\/p>\"}},\"14\":{\"type\":\"dobbel\",\"enabled\":\"1\",\"fields\":{\"bilde\":[\"6\"],\"overskrift\":\"Dobbel restaurant\",\"tekst\":\"<p>Lorem ipsum dolor sit amet, consectetur adipiscing elit, sed do eiusmod tempor incididunt ut labore et dolore magna aliqua. Ut enim ad minim veniam, quis nostrud exercitation ullamco laboris nisi.<br><br><a href=\\\"http:\\/\\/festningen.local\\/restaurant#entry:3:url\\\"><strong>Les mer<\\/strong><\\/a><\\/p>\",\"posisjon\":\"left\"}}},\"23\":\"<p>P\\u00e5 historiske Kristiansten festning i Trondheim ligger <strong>Restaurant Kommandanten<\\/strong> i den gamle kommandant-boligen.<\\/p>\",\"25\":\"Festningen servering og kulturarena\",\"22\":[\"8\"]}}','2017-02-11 23:41:35','2017-02-11 23:41:35','d48cb831-94ed-4771-a307-95a02aa1c801'),(18,2,1,1,'nb_no',15,'','{\"typeId\":null,\"authorId\":null,\"title\":\"Forside\",\"slug\":\"forside\",\"postDate\":1486740585,\"expiryDate\":null,\"enabled\":1,\"parentId\":null,\"fields\":{\"26\":{\"11\":{\"type\":\"blokk\",\"enabled\":\"1\",\"fields\":{\"tittel\":\"Booking\",\"ikon\":[\"16\"],\"rikTekst\":\"<p>Reserver bord eller book <strong>egne dedikerte selskapslokaler med eget vertskap<\\/strong> og underholdning.&nbsp;<\\/p>\",\"knapp\":\"<p><a href=\\\"mailto:kommandanten@festningenservering.no\\\">Send epost<\\/a><\\/p>\"}},\"10\":{\"type\":\"blokk\",\"enabled\":\"1\",\"fields\":{\"tittel\":\"\\u00c5pningstider\",\"ikon\":[\"15\"],\"rikTekst\":\"<table><tbody><tr><th>Tirsdag - Fredag<\\/th>\\r\\n    <th class=\\\"tg-yw4l\\\">11:00 - 23:00<\\/th>\\r\\n  <\\/tr><tr><td>L\\u00f8rdag - S\\u00f8ndag<\\/td>\\r\\n    <td>11:00 - 23:00<\\/td>\\r\\n  <\\/tr><\\/tbody><\\/table>\\r\\n<p><br><\\/p>\\r\\n<p>M\\u00f8ter og selskap etter avtale<\\/p>\",\"knapp\":\"<p><a href=\\\"tel:45052666\\\">TLF: 450 52 666<\\/a><\\/p>\"}}},\"31\":{\"13\":{\"type\":\"enkel\",\"enabled\":\"1\",\"fields\":{\"bilde\":[\"9\"],\"posisjon\":\"right\",\"overskrift\":\"Restauranten\",\"tekst\":\"<p>Lorem ipsum dolor sit amet, consectetur adipiscing elit, sed do eiusmod tempor incididunt ut labore et dolore magna aliqua. Ut enim ad minim veniam, quis nostrud exercitation ullamco laboris nisi.<br><br><a href=\\\"http:\\/\\/festningen.local\\/restaurant#entry:3:url\\\"><strong>Les mer<\\/strong><\\/a><\\/p>\"}},\"14\":{\"type\":\"dobbel\",\"enabled\":\"1\",\"fields\":{\"bilde\":[\"6\"],\"overskrift\":\"Dobbel restaurant\",\"tekst\":\"<p>Lorem ipsum dolor sit amet, consectetur adipiscing elit, sed do eiusmod tempor incididunt ut labore et dolore magna aliqua. Ut enim ad minim veniam, quis nostrud exercitation ullamco laboris nisi.<br><br><a href=\\\"http:\\/\\/festningen.local\\/restaurant#entry:3:url\\\"><strong>Les mer<\\/strong><\\/a><\\/p>\",\"posisjon\":\"left\"}}},\"23\":\"<p>P\\u00e5 historiske Kristiansten festning i Trondheim ligger <strong>Restaurant Kommandanten<\\/strong> i den gamle kommandant-boligen.<\\/p>\",\"25\":\"Festningen servering og kulturarena\",\"22\":[\"8\"]}}','2017-02-11 23:44:11','2017-02-11 23:44:11','92d72fc3-47d9-4ecf-91be-9faf11b7c702'),(19,2,1,1,'nb_no',16,'','{\"typeId\":null,\"authorId\":null,\"title\":\"Forside\",\"slug\":\"forside\",\"postDate\":1486740585,\"expiryDate\":null,\"enabled\":1,\"parentId\":null,\"fields\":{\"26\":{\"10\":{\"type\":\"blokk\",\"enabled\":\"1\",\"fields\":{\"tittel\":\"\\u00c5pningstider\",\"ikon\":[\"15\"],\"rikTekst\":\"<table><tbody><tr><th>Tirsdag - Fredag<\\/th>\\r\\n    <th class=\\\"tg-yw4l\\\">11:00 - 23:00<\\/th>\\r\\n  <\\/tr><tr><td>L\\u00f8rdag - S\\u00f8ndag<\\/td>\\r\\n    <td>11:00 - 23:00<\\/td>\\r\\n  <\\/tr><\\/tbody><\\/table>\\r\\n<p><br><\\/p>\\r\\n<p>M\\u00f8ter og selskap etter avtale<\\/p>\",\"knapp\":\"<p><a href=\\\"tel:45052666\\\">TLF: 450 52 666<\\/a><\\/p>\"}},\"11\":{\"type\":\"blokk\",\"enabled\":\"1\",\"fields\":{\"tittel\":\"Booking\",\"ikon\":[\"16\"],\"rikTekst\":\"<p>Reserver bord eller book <strong>egne dedikerte selskapslokaler med eget vertskap<\\/strong> og underholdning.&nbsp;<\\/p>\",\"knapp\":\"<p><a href=\\\"mailto:kommandanten@festningenservering.no\\\">Send epost<\\/a><\\/p>\"}}},\"31\":{\"13\":{\"type\":\"enkel\",\"enabled\":\"1\",\"fields\":{\"bilde\":[\"9\"],\"posisjon\":\"right\",\"overskrift\":\"Restauranten\",\"tekst\":\"<p>Lorem ipsum dolor sit amet, consectetur adipiscing elit, sed do eiusmod tempor incididunt ut labore et dolore magna aliqua. Ut enim ad minim veniam, quis nostrud exercitation ullamco laboris nisi.<br><br><a href=\\\"http:\\/\\/festningen.local\\/restaurant#entry:3:url\\\"><strong>Les mer<\\/strong><\\/a><\\/p>\"}},\"14\":{\"type\":\"dobbel\",\"enabled\":\"1\",\"fields\":{\"bilde\":[\"6\"],\"overskrift\":\"Dobbel restaurant\",\"tekst\":\"<p>Lorem ipsum dolor sit amet, consectetur adipiscing elit, sed do eiusmod tempor incididunt ut labore et dolore magna aliqua. Ut enim ad minim veniam, quis nostrud exercitation ullamco laboris nisi.<br><br><a href=\\\"http:\\/\\/festningen.local\\/restaurant#entry:3:url\\\"><strong>Les mer<\\/strong><\\/a><\\/p>\",\"posisjon\":\"left\"}}},\"23\":\"<p>P\\u00e5 historiske Kristiansten festning i Trondheim ligger <strong>Restaurant Kommandanten<\\/strong> i den gamle kommandant-boligen.<\\/p>\",\"25\":\"Festningen servering og kulturarena\",\"22\":[\"8\"]}}','2017-02-11 23:44:34','2017-02-11 23:44:34','04ab2ce0-48d4-4a76-8e03-40ec101fd381'),(20,2,1,1,'nb_no',17,'','{\"typeId\":null,\"authorId\":null,\"title\":\"Forside\",\"slug\":\"forside\",\"postDate\":1486740585,\"expiryDate\":null,\"enabled\":1,\"parentId\":null,\"fields\":{\"26\":{\"10\":{\"type\":\"blokk\",\"enabled\":\"1\",\"fields\":{\"tittel\":\"\\u00c5pningstider\",\"ikon\":[\"15\"],\"rikTekst\":\"<table><tbody><tr><th>Tirsdag - Fredag<\\/th>\\r\\n    <th class=\\\"tg-yw4l\\\">11:00 - 23:00<\\/th>\\r\\n  <\\/tr><tr><td>L\\u00f8rdag - S\\u00f8ndag<\\/td>\\r\\n    <td>11:00 - 23:00<\\/td>\\r\\n  <\\/tr><\\/tbody><\\/table>\\r\\n<p><br><\\/p>\\r\\n<p>M\\u00f8ter og selskap etter avtale<\\/p>\",\"knapp\":\"<p><a href=\\\"tel:45052666\\\">TLF: 450 52 666<\\/a><\\/p>\"}},\"11\":{\"type\":\"blokk\",\"enabled\":\"1\",\"fields\":{\"tittel\":\"Booking\",\"ikon\":[\"16\"],\"rikTekst\":\"<p>Reserver bord eller book <strong>egne dedikerte selskapslokaler med eget vertskap<\\/strong> og underholdning.&nbsp;<\\/p>\",\"knapp\":\"<p><a href=\\\"mailto:kommandanten@festningenservering.no\\\">Send epost<\\/a><\\/p>\"}}},\"31\":{\"13\":{\"type\":\"enkel\",\"enabled\":\"1\",\"fields\":{\"bilde\":[\"9\"],\"posisjon\":\"right\",\"overskrift\":\"Restauranten\",\"tekst\":\"<p>Lorem ipsum dolor sit amet, consectetur adipiscing elit, sed do eiusmod tempor incididunt ut labore et dolore magna aliqua. Ut enim ad minim veniam, quis nostrud exercitation ullamco laboris nisi.<br><br><a href=\\\"http:\\/\\/festningen.local\\/restaurant#entry:3:url\\\"><strong>Les mer<\\/strong><\\/a><\\/p>\"}},\"14\":{\"type\":\"dobbel\",\"enabled\":\"1\",\"fields\":{\"bilde\":[\"6\"],\"overskrift\":\"Dobbel restaurant\",\"tekst\":\"<p>Lorem ipsum dolor sit amet, consectetur adipiscing elit, sed do eiusmod tempor incididunt ut labore et dolore magna aliqua. Ut enim ad minim veniam, quis nostrud exercitation ullamco laboris nisi.<br><br><a href=\\\"http:\\/\\/festningen.local\\/restaurant#entry:3:url\\\"><strong>Les mer<\\/strong><\\/a><\\/p>\",\"posisjon\":\"left\"}},\"new1\":{\"type\":\"enkel\",\"enabled\":\"1\",\"fields\":{\"bilde\":[\"9\"],\"posisjon\":\"left\",\"overskrift\":\"Kuk\",\"tekst\":\"<p>Test<\\/p>\"}}},\"23\":\"<p>P\\u00e5 historiske Kristiansten festning i Trondheim ligger <strong>Restaurant Kommandanten<\\/strong> i den gamle kommandant-boligen.<\\/p>\",\"25\":\"Festningen servering og kulturarena\",\"22\":[\"8\"]}}','2017-02-12 11:42:02','2017-02-12 11:42:02','9d7a4709-b14f-4ad0-ad6e-cb7c94d6e7f1'),(21,2,1,1,'nb_no',18,'','{\"typeId\":null,\"authorId\":null,\"title\":\"Forside\",\"slug\":\"forside\",\"postDate\":1486740585,\"expiryDate\":null,\"enabled\":1,\"parentId\":null,\"fields\":{\"26\":{\"10\":{\"type\":\"blokk\",\"enabled\":\"1\",\"fields\":{\"tittel\":\"\\u00c5pningstider\",\"ikon\":[\"15\"],\"rikTekst\":\"<table><tbody><tr><th>Tirsdag - Fredag<\\/th>\\r\\n    <th class=\\\"tg-yw4l\\\">11:00 - 23:00<\\/th>\\r\\n  <\\/tr><tr><td>L\\u00f8rdag - S\\u00f8ndag<\\/td>\\r\\n    <td>11:00 - 23:00<\\/td>\\r\\n  <\\/tr><\\/tbody><\\/table>\\r\\n<p><br><\\/p>\\r\\n<p>M\\u00f8ter og selskap etter avtale<\\/p>\",\"knapp\":\"<p><a href=\\\"tel:45052666\\\">TLF: 450 52 666<\\/a><\\/p>\"}},\"11\":{\"type\":\"blokk\",\"enabled\":\"1\",\"fields\":{\"tittel\":\"Booking\",\"ikon\":[\"16\"],\"rikTekst\":\"<p>Reserver bord eller book <strong>egne dedikerte selskapslokaler med eget vertskap<\\/strong> og underholdning.&nbsp;<\\/p>\",\"knapp\":\"<p><a href=\\\"mailto:kommandanten@festningenservering.no\\\">Send epost<\\/a><\\/p>\"}}},\"31\":{\"13\":{\"type\":\"enkel\",\"enabled\":\"1\",\"fields\":{\"bilde\":[\"9\"],\"posisjon\":\"right\",\"overskrift\":\"Restauranten\",\"tekst\":\"<p>Lorem ipsum dolor sit amet, consectetur adipiscing elit, sed do eiusmod tempor incididunt ut labore et dolore magna aliqua. Ut enim ad minim veniam, quis nostrud exercitation ullamco laboris nisi.<br><br><a href=\\\"http:\\/\\/festningen.local\\/restaurant#entry:3:url\\\"><strong>Les mer<\\/strong><\\/a><\\/p>\"}},\"14\":{\"type\":\"dobbel\",\"enabled\":\"1\",\"fields\":{\"bilde\":[\"6\"],\"overskrift\":\"Dobbel restaurant\",\"tekst\":\"<p>Lorem ipsum dolor sit amet, consectetur adipiscing elit, sed do eiusmod tempor incididunt ut labore et dolore magna aliqua. Ut enim ad minim veniam, quis nostrud exercitation ullamco laboris nisi.<br><br><a href=\\\"http:\\/\\/festningen.local\\/restaurant#entry:3:url\\\"><strong>Les mer<\\/strong><\\/a><\\/p>\",\"posisjon\":\"left\"}},\"17\":{\"type\":\"enkel\",\"enabled\":\"1\",\"fields\":{\"bilde\":[\"9\"],\"posisjon\":\"left\",\"overskrift\":\"Kuk\",\"tekst\":\"<p>Test<\\/p>\"}}},\"23\":\"<p>P\\u00e5 historiske Kristiansten festning i Trondheim ligger <strong>Restaurant Kommandanten<\\/strong> i den gamle kommandant-boligen.<\\/p>\",\"25\":\"Festningen servering og kulturarena\",\"22\":[\"8\"]}}','2017-02-12 11:42:18','2017-02-12 11:42:18','43334e22-03d9-4178-8b1d-9ddb656768b8'),(22,2,1,1,'nb_no',19,'','{\"typeId\":null,\"authorId\":null,\"title\":\"Forside\",\"slug\":\"forside\",\"postDate\":1486740585,\"expiryDate\":null,\"enabled\":1,\"parentId\":null,\"fields\":{\"26\":{\"10\":{\"type\":\"blokk\",\"enabled\":\"1\",\"fields\":{\"tittel\":\"\\u00c5pningstider\",\"ikon\":[\"15\"],\"rikTekst\":\"<table><tbody><tr><th>Tirsdag - Fredag<\\/th>\\r\\n    <th class=\\\"tg-yw4l\\\">11:00 - 23:00<\\/th>\\r\\n  <\\/tr><tr><td>L\\u00f8rdag - S\\u00f8ndag<\\/td>\\r\\n    <td>11:00 - 23:00<\\/td>\\r\\n  <\\/tr><\\/tbody><\\/table>\\r\\n<p><br><\\/p>\\r\\n<p>M\\u00f8ter og selskap etter avtale<\\/p>\",\"knapp\":\"<p><a href=\\\"tel:45052666\\\">TLF: 450 52 666<\\/a><\\/p>\"}},\"11\":{\"type\":\"blokk\",\"enabled\":\"1\",\"fields\":{\"tittel\":\"Booking\",\"ikon\":[\"16\"],\"rikTekst\":\"<p>Reserver bord eller book <strong>egne dedikerte selskapslokaler med eget vertskap<\\/strong> og underholdning.&nbsp;<\\/p>\",\"knapp\":\"<p><a href=\\\"mailto:kommandanten@festningenservering.no\\\">Send epost<\\/a><\\/p>\"}}},\"31\":{\"13\":{\"type\":\"enkel\",\"enabled\":\"1\",\"fields\":{\"bilde\":[\"9\"],\"posisjon\":\"right\",\"overskrift\":\"Restauranten\",\"tekst\":\"<p>Lorem ipsum dolor sit amet, consectetur adipiscing elit, sed do eiusmod tempor incididunt ut labore et dolore magna aliqua. Ut enim ad minim veniam, quis nostrud exercitation ullamco laboris nisi.<br><br><a href=\\\"http:\\/\\/festningen.local\\/restaurant#entry:3:url\\\"><strong>Les mer<\\/strong><\\/a><\\/p>\"}},\"14\":{\"type\":\"dobbel\",\"enabled\":\"1\",\"fields\":{\"bilde\":[\"6\"],\"overskrift\":\"Dobbel restaurant\",\"tekst\":\"<p>Lorem ipsum dolor sit amet, consectetur adipiscing elit, sed do eiusmod tempor incididunt ut labore et dolore magna aliqua. Ut enim ad minim veniam, quis nostrud exercitation ullamco laboris nisi.<br><br><a href=\\\"http:\\/\\/festningen.local\\/restaurant#entry:3:url\\\"><strong>Les mer<\\/strong><\\/a><\\/p>\",\"posisjon\":\"left\"}},\"17\":{\"type\":\"enkel\",\"enabled\":\"1\",\"fields\":{\"bilde\":[\"9\"],\"posisjon\":\"right\",\"overskrift\":\"Kuk\",\"tekst\":\"<p>Test<\\/p>\"}}},\"23\":\"<p>P\\u00e5 historiske Kristiansten festning i Trondheim ligger <strong>Restaurant Kommandanten<\\/strong> i den gamle kommandant-boligen.<\\/p>\",\"25\":\"Festningen servering og kulturarena\",\"22\":[\"8\"]}}','2017-02-12 14:50:11','2017-02-12 14:50:11','6055f083-12c4-4da1-be96-c9f732836d40'),(23,2,1,1,'nb_no',20,'','{\"typeId\":null,\"authorId\":null,\"title\":\"Forside\",\"slug\":\"forside\",\"postDate\":1486740585,\"expiryDate\":null,\"enabled\":1,\"parentId\":null,\"fields\":{\"26\":{\"10\":{\"type\":\"blokk\",\"enabled\":\"1\",\"fields\":{\"tittel\":\"\\u00c5pningstider\",\"ikon\":[\"15\"],\"rikTekst\":\"<table><tbody><tr><th>Tirsdag - Fredag<\\/th>\\r\\n    <th class=\\\"tg-yw4l\\\">11:00 - 23:00<\\/th>\\r\\n  <\\/tr><tr><td>L\\u00f8rdag - S\\u00f8ndag<\\/td>\\r\\n    <td>11:00 - 23:00<\\/td>\\r\\n  <\\/tr><\\/tbody><\\/table>\\r\\n<p><br><\\/p>\\r\\n<p>M\\u00f8ter og selskap etter avtale<\\/p>\",\"knapp\":\"<p><a href=\\\"tel:45052666\\\">TLF: 450 52 666<\\/a><\\/p>\"}},\"11\":{\"type\":\"blokk\",\"enabled\":\"1\",\"fields\":{\"tittel\":\"Booking\",\"ikon\":[\"16\"],\"rikTekst\":\"<p>Reserver bord eller book <strong>egne dedikerte selskapslokaler med eget vertskap<\\/strong> og underholdning.&nbsp;<\\/p>\",\"knapp\":\"<p><a href=\\\"mailto:kommandanten@festningenservering.no\\\">Send epost<\\/a><\\/p>\"}}},\"31\":{\"13\":{\"type\":\"enkel\",\"enabled\":\"1\",\"fields\":{\"bilde\":[\"9\"],\"posisjon\":\"left\",\"overskrift\":\"Restauranten\",\"tekst\":\"<p>Lorem ipsum dolor sit amet, consectetur adipiscing elit, sed do eiusmod tempor incididunt ut labore et dolore magna aliqua. Ut enim ad minim veniam, quis nostrud exercitation ullamco laboris nisi.<br><br><a href=\\\"http:\\/\\/festningen.local\\/restaurant#entry:3:url\\\"><strong>Les mer<\\/strong><\\/a><\\/p>\"}},\"14\":{\"type\":\"dobbel\",\"enabled\":\"1\",\"fields\":{\"bilde\":[\"6\"],\"overskrift\":\"Dobbel restaurant\",\"tekst\":\"<p>Lorem ipsum dolor sit amet, consectetur adipiscing elit, sed do eiusmod tempor incididunt ut labore et dolore magna aliqua. Ut enim ad minim veniam, quis nostrud exercitation ullamco laboris nisi.<br><br><a href=\\\"http:\\/\\/festningen.local\\/restaurant#entry:3:url\\\"><strong>Les mer<\\/strong><\\/a><\\/p>\",\"posisjon\":\"left\"}},\"17\":{\"type\":\"enkel\",\"enabled\":\"1\",\"fields\":{\"bilde\":[\"9\"],\"posisjon\":\"right\",\"overskrift\":\"Kuk\",\"tekst\":\"<p>Test<\\/p>\"}}},\"23\":\"<p>P\\u00e5 historiske Kristiansten festning i Trondheim ligger <strong>Restaurant Kommandanten<\\/strong> i den gamle kommandant-boligen.<\\/p>\",\"25\":\"Festningen servering og kulturarena\",\"22\":[\"8\"]}}','2017-02-12 14:50:41','2017-02-12 14:50:41','3ef78d2d-0407-4891-85e2-893b20092847'),(24,2,1,1,'nb_no',21,'','{\"typeId\":null,\"authorId\":null,\"title\":\"Forside\",\"slug\":\"forside\",\"postDate\":1486740585,\"expiryDate\":null,\"enabled\":1,\"parentId\":null,\"fields\":{\"26\":{\"10\":{\"type\":\"blokk\",\"enabled\":\"1\",\"fields\":{\"tittel\":\"\\u00c5pningstider\",\"ikon\":[\"15\"],\"rikTekst\":\"<table><tbody><tr><th>Tirsdag - Fredag<\\/th>\\r\\n    <th class=\\\"tg-yw4l\\\">11:00 - 23:00<\\/th>\\r\\n  <\\/tr><tr><td>L\\u00f8rdag - S\\u00f8ndag<\\/td>\\r\\n    <td>11:00 - 23:00<\\/td>\\r\\n  <\\/tr><\\/tbody><\\/table>\\r\\n<p><br><\\/p>\\r\\n<p>M\\u00f8ter og selskap etter avtale<\\/p>\",\"knapp\":\"<p><a href=\\\"tel:45052666\\\">TLF: 450 52 666<\\/a><\\/p>\"}},\"11\":{\"type\":\"blokk\",\"enabled\":\"1\",\"fields\":{\"tittel\":\"Booking\",\"ikon\":[\"16\"],\"rikTekst\":\"<p>Reserver bord eller book <strong>egne dedikerte selskapslokaler med eget vertskap<\\/strong> og underholdning.&nbsp;<\\/p>\",\"knapp\":\"<p><a href=\\\"mailto:kommandanten@festningenservering.no\\\">Send epost<\\/a><\\/p>\"}}},\"31\":{\"13\":{\"type\":\"enkel\",\"enabled\":\"1\",\"fields\":{\"bilde\":[\"9\"],\"posisjon\":\"left\",\"overskrift\":\"Restauranten\",\"tekst\":\"<p>Lorem ipsum dolor sit amet, consectetur adipiscing elit, sed do eiusmod tempor incididunt ut labore et dolore magna aliqua. Ut enim ad minim veniam, quis nostrud exercitation ullamco laboris nisi.<br><br><a href=\\\"http:\\/\\/festningen.local\\/restaurant#entry:3:url\\\"><strong>Les mer<\\/strong><\\/a><\\/p>\"}},\"14\":{\"type\":\"dobbel\",\"enabled\":\"1\",\"fields\":{\"bilde\":[\"6\"],\"overskrift\":\"Dobbel restaurant\",\"tekst\":\"<p>Lorem ipsum dolor sit amet, consectetur adipiscing elit, sed do eiusmod tempor incididunt ut labore et dolore magna aliqua. Ut enim ad minim veniam, quis nostrud exercitation ullamco laboris nisi.<br><br><a href=\\\"http:\\/\\/festningen.local\\/restaurant#entry:3:url\\\"><strong>Les mer<\\/strong><\\/a><\\/p>\",\"posisjon\":\"right\"}},\"17\":{\"type\":\"enkel\",\"enabled\":\"1\",\"fields\":{\"bilde\":[\"9\"],\"posisjon\":\"right\",\"overskrift\":\"Kuk\",\"tekst\":\"<p>Test<\\/p>\"}}},\"23\":\"<p>P\\u00e5 historiske Kristiansten festning i Trondheim ligger <strong>Restaurant Kommandanten<\\/strong> i den gamle kommandant-boligen.<\\/p>\",\"25\":\"Festningen servering og kulturarena\",\"22\":[\"8\"]}}','2017-02-12 15:39:56','2017-02-12 15:39:56','b10aad46-5daa-4e13-aa93-0f949cf8713d'),(25,2,1,1,'nb_no',22,'','{\"typeId\":null,\"authorId\":null,\"title\":\"Forside\",\"slug\":\"forside\",\"postDate\":1486740585,\"expiryDate\":null,\"enabled\":1,\"parentId\":null,\"fields\":{\"26\":{\"10\":{\"type\":\"blokk\",\"enabled\":\"1\",\"fields\":{\"tittel\":\"\\u00c5pningstider\",\"ikon\":[\"15\"],\"rikTekst\":\"<table><tbody><tr><th>Tirsdag - Fredag<\\/th>\\r\\n    <th class=\\\"tg-yw4l\\\">11:00 - 23:00<\\/th>\\r\\n  <\\/tr><tr><td>L\\u00f8rdag - S\\u00f8ndag<\\/td>\\r\\n    <td>11:00 - 23:00<\\/td>\\r\\n  <\\/tr><\\/tbody><\\/table>\\r\\n<p><br><\\/p>\\r\\n<p>M\\u00f8ter og selskap etter avtale<\\/p>\",\"knapp\":\"<p><a href=\\\"tel:45052666\\\">TLF: 450 52 666<\\/a><\\/p>\"}},\"11\":{\"type\":\"blokk\",\"enabled\":\"1\",\"fields\":{\"tittel\":\"Booking\",\"ikon\":[\"16\"],\"rikTekst\":\"<p>Reserver bord eller book <strong>egne dedikerte selskapslokaler med eget vertskap<\\/strong> og underholdning.&nbsp;<\\/p>\",\"knapp\":\"<p><a href=\\\"mailto:kommandanten@festningenservering.no\\\">Send epost<\\/a><\\/p>\"}}},\"31\":{\"13\":{\"type\":\"enkel\",\"enabled\":\"1\",\"fields\":{\"bilde\":[\"9\"],\"posisjon\":\"left\",\"overskrift\":\"Restauranten\",\"tekst\":\"<p>Lorem ipsum dolor sit amet, consectetur adipiscing elit, sed do eiusmod tempor incididunt ut labore et dolore magna aliqua. Ut enim ad minim veniam, quis nostrud exercitation ullamco laboris nisi.Lorem ipsum dolor sit amet, consectetur adipiscing elit, sed do eiusmod tempor incididunt ut labore et dolore magna aliqua. Ut enim ad minim veniam, quis nostrud exercitation ullamco laboris nisi.Lorem ipsum dolor sit amet, consectetur adipiscing elit, sed do eiusmod tempor incididunt ut labore et dolore magna aliqua. Ut enim ad minim veniam, quis nostrud exercitation ullamco laboris nisi.<br><br><a href=\\\"http:\\/\\/festningen.local\\/restaurant#entry:3:url\\\"><strong>Les mer<\\/strong><\\/a><\\/p>\"}},\"14\":{\"type\":\"dobbel\",\"enabled\":\"1\",\"fields\":{\"bilde\":[\"6\"],\"overskrift\":\"Dobbel restaurant\",\"tekst\":\"<p>Lorem ipsum dolor sit amet, consectetur adipiscing elit, sed do eiusmod tempor incididunt ut labore et dolore magna aliqua. Ut enim ad minim veniam, quis nostrud exercitation ullamco laboris nisi.<br><br><a href=\\\"http:\\/\\/festningen.local\\/restaurant#entry:3:url\\\"><strong>Les mer<\\/strong><\\/a><\\/p>\",\"posisjon\":\"right\"}},\"17\":{\"type\":\"enkel\",\"enabled\":\"1\",\"fields\":{\"bilde\":[\"9\"],\"posisjon\":\"right\",\"overskrift\":\"Kuk\",\"tekst\":\"<p>Test<\\/p>\"}}},\"23\":\"<p>P\\u00e5 historiske Kristiansten festning i Trondheim ligger <strong>Restaurant Kommandanten<\\/strong> i den gamle kommandant-boligen.<\\/p>\",\"25\":\"Festningen servering og kulturarena\",\"22\":[\"8\"]}}','2017-02-12 16:01:42','2017-02-12 16:01:42','c1586c28-aeb1-4d7c-a25b-695dedd723f7'),(26,2,1,1,'nb_no',23,'','{\"typeId\":null,\"authorId\":null,\"title\":\"Forside\",\"slug\":\"forside\",\"postDate\":1486740585,\"expiryDate\":null,\"enabled\":1,\"parentId\":null,\"fields\":{\"26\":{\"10\":{\"type\":\"blokk\",\"enabled\":\"1\",\"fields\":{\"tittel\":\"\\u00c5pningstider\",\"ikon\":[\"15\"],\"rikTekst\":\"<table><tbody><tr><th>Tirsdag - Fredag<\\/th>\\r\\n    <th class=\\\"tg-yw4l\\\">11:00 - 23:00<\\/th>\\r\\n  <\\/tr><tr><td>L\\u00f8rdag - S\\u00f8ndag<\\/td>\\r\\n    <td>11:00 - 23:00<\\/td>\\r\\n  <\\/tr><\\/tbody><\\/table>\\r\\n<p><br><\\/p>\\r\\n<p>M\\u00f8ter og selskap etter avtale<\\/p>\",\"knapp\":\"<p><a href=\\\"tel:45052666\\\">TLF: 450 52 666<\\/a><\\/p>\"}},\"11\":{\"type\":\"blokk\",\"enabled\":\"1\",\"fields\":{\"tittel\":\"Booking\",\"ikon\":[\"16\"],\"rikTekst\":\"<p>Reserver bord eller book <strong>egne dedikerte selskapslokaler med eget vertskap<\\/strong> og underholdning.&nbsp;<\\/p>\",\"knapp\":\"<p><a href=\\\"mailto:kommandanten@festningenservering.no\\\">Send epost<\\/a><\\/p>\"}}},\"31\":{\"13\":{\"type\":\"enkel\",\"enabled\":\"1\",\"fields\":{\"bilde\":[\"9\"],\"posisjon\":\"left\",\"overskrift\":\"Restauranten\",\"tekst\":\"<p>Lorem ipsum dolor sit amet, consectetur adipiscing elit, sed do eiusmod tempor incididunt ut labore et dolore magna aliqua. Ut enim ad minim veniam, quis nostrud exercitation ullamco laboris nisi.Lorem ipsum dolor sit amet, consectetur adipiscing elit, sed do eiusmod tempor incididunt ut labore et dolore magna aliqua. Ut enim ad minim veniam, quis nostrud exercitation ullamco laboris nisi.Lorem ipsum dolor sit amet, consectetur adipiscing elit, sed do eiusmod tempor incididunt ut labore et dolore magna aliqua. Ut enim ad minim veniam, quis nostrud exercitation ullamco laboris nisi.<br><br><a href=\\\"http:\\/\\/festningen.local\\/restaurant#entry:3:url\\\"><strong>Les mer<\\/strong><\\/a><\\/p>\"}},\"14\":{\"type\":\"dobbel\",\"enabled\":\"1\",\"fields\":{\"bilde\":[\"6\"],\"overskrift\":\"Dobbel restaurant\",\"tekst\":\"<p>Lorem ipsum dolor sit amet, consectetur adipiscing elit, sed do eiusmod tempor incididunt ut labore et dolore magna aliqua. Ut enim ad minim veniam, quis nostrud exercitation ullamco laboris nisi.<br><br><a href=\\\"http:\\/\\/festningen.local\\/restaurant#entry:3:url\\\"><strong>Les mer<\\/strong><\\/a><\\/p>\",\"posisjon\":\"right\"}},\"17\":{\"type\":\"enkel\",\"enabled\":\"1\",\"fields\":{\"bilde\":[\"9\"],\"posisjon\":\"right\",\"overskrift\":\"Kuk\",\"tekst\":\"<p>Test<\\/p>\"}}},\"46\":{\"new1\":{\"type\":\"enkel\",\"enabled\":\"1\",\"fields\":{\"overskrift\":\"Restauranten\",\"tekst\":\"<p>Lorem ipsum dolor sit amet, consectetur adipiscing elit, sed do eiusmod tempor incididunt ut labore et dolore magna aliqua. Ut enim ad minim veniam, quis nostrud exercitation ullamco laboris nisi.Lorem ipsum dolor sit amet, consectetur adipiscing elit, sed do eiusmod tempor incididunt ut labore et dolore magna aliqua. Ut enim ad minim veniam, quis nostrud exercitation ullamco laboris nisi.Lorem ipsum dolor sit amet, consectetur adipiscing elit, sed do eiusmod tempor incididunt ut labore et dolore magna aliqua. Ut enim ad minim veniam, quis nostrud exercitation ullamco laboris nisi.<br><br><a href=\\\"http:\\/\\/festningen.local\\/restaurant\\\">Les mer<\\/a><\\/p>\",\"bilde\":[\"7\"]}}},\"23\":\"<p>P\\u00e5 historiske Kristiansten festning i Trondheim ligger <strong>Restaurant Kommandanten<\\/strong> i den gamle kommandant-boligen.<\\/p>\",\"25\":\"Festningen servering og kulturarena\",\"22\":[\"8\"]}}','2017-02-12 16:23:11','2017-02-12 16:23:11','19d0f5c8-a4e3-4f32-9d48-3f14c45e649f'),(27,2,1,1,'nb_no',24,'','{\"typeId\":null,\"authorId\":null,\"title\":\"Forside\",\"slug\":\"forside\",\"postDate\":1486740585,\"expiryDate\":null,\"enabled\":1,\"parentId\":null,\"fields\":{\"26\":{\"10\":{\"type\":\"blokk\",\"enabled\":\"1\",\"fields\":{\"tittel\":\"\\u00c5pningstider\",\"ikon\":[\"15\"],\"rikTekst\":\"<table><tbody><tr><th>Tirsdag - Fredag<\\/th>\\r\\n    <th class=\\\"tg-yw4l\\\">11:00 - 23:00<\\/th>\\r\\n  <\\/tr><tr><td>L\\u00f8rdag - S\\u00f8ndag<\\/td>\\r\\n    <td>11:00 - 23:00<\\/td>\\r\\n  <\\/tr><\\/tbody><\\/table>\\r\\n<p><br><\\/p>\\r\\n<p>M\\u00f8ter og selskap etter avtale<\\/p>\",\"knapp\":\"<p><a href=\\\"tel:45052666\\\">TLF: 450 52 666<\\/a><\\/p>\"}},\"11\":{\"type\":\"blokk\",\"enabled\":\"1\",\"fields\":{\"tittel\":\"Booking\",\"ikon\":[\"16\"],\"rikTekst\":\"<p>Reserver bord eller book <strong>egne dedikerte selskapslokaler med eget vertskap<\\/strong> og underholdning.&nbsp;<\\/p>\",\"knapp\":\"<p><a href=\\\"mailto:kommandanten@festningenservering.no\\\">Send epost<\\/a><\\/p>\"}}},\"31\":{\"13\":{\"type\":\"enkel\",\"enabled\":\"1\",\"fields\":{\"bilde\":[\"9\"],\"posisjon\":\"left\",\"overskrift\":\"Restauranten\",\"tekst\":\"<p>Lorem ipsum dolor sit amet, consectetur adipiscing elit, sed do eiusmod tempor incididunt ut labore et dolore magna aliqua. Ut enim ad minim veniam, quis nostrud exercitation ullamco laboris nisi.Lorem ipsum dolor sit amet, consectetur adipiscing elit, sed do eiusmod tempor incididunt ut labore et dolore magna aliqua. Ut enim ad minim veniam, quis nostrud exercitation ullamco laboris nisi.Lorem ipsum dolor sit amet, consectetur adipiscing elit, sed do eiusmod tempor incididunt ut labore et dolore magna aliqua. Ut enim ad minim veniam, quis nostrud exercitation ullamco laboris nisi.<br><br><a href=\\\"http:\\/\\/festningen.local\\/restaurant#entry:3:url\\\"><strong>Les mer<\\/strong><\\/a><\\/p>\"}},\"14\":{\"type\":\"dobbel\",\"enabled\":\"1\",\"fields\":{\"bilde\":[\"6\"],\"overskrift\":\"Dobbel restaurant\",\"tekst\":\"<p>Lorem ipsum dolor sit amet, consectetur adipiscing elit, sed do eiusmod tempor incididunt ut labore et dolore magna aliqua. Ut enim ad minim veniam, quis nostrud exercitation ullamco laboris nisi.<br><br><a href=\\\"http:\\/\\/festningen.local\\/restaurant#entry:3:url\\\"><strong>Les mer<\\/strong><\\/a><\\/p>\",\"posisjon\":\"right\"}},\"17\":{\"type\":\"enkel\",\"enabled\":\"1\",\"fields\":{\"bilde\":[\"9\"],\"posisjon\":\"right\",\"overskrift\":\"Kuk\",\"tekst\":\"<p>Test<\\/p>\"}}},\"46\":{\"18\":{\"type\":\"enkel\",\"enabled\":\"1\",\"fields\":{\"overskrift\":\"Restauranten\",\"tekst\":\"<p>Lorem ipsum dolor sit amet, consectetur adipiscing elit, sed do eiusmod tempor incididunt ut labore et dolore magna aliqua. Ut enim ad minim veniam, quis nostrud exercitation ullamco laboris nisi.Lorem ipsum dolor sit amet, consectetur adipiscing elit, sed do eiusmod tempor incididunt ut labore et dolore magna aliqua. Ut enim ad minim veniam, quis nostrud exercitation ullamco laboris nisi.Lorem ipsum dolor sit amet, consectetur adipiscing elit, sed do eiusmod tempor incididunt ut labore et dolore magna aliqua. Ut enim ad minim veniam, quis nostrud exercitation ullamco laboris nisi.<br><br><a href=\\\"http:\\/\\/festningen.local\\/restaurant\\\">Les mer<\\/a><\\/p>\",\"bilde\":[\"7\"]}},\"new1\":{\"type\":\"menyer\",\"enabled\":\"1\",\"fields\":{\"overskrift\":\"Ukens 3-retter, lunsj og klassisk meny\",\"tekst\":\"<p>Lorem ipsum dolor sit amet, consectetur adipiscing elit, sed do eiusmod tempor incididunt ut l abore et dolore magna aliqua. Ut enim ad minim veniam, quis nostrud exercitation ullamco laboris nisi. sed do eiusmod tempor incididunt ut l abore et dolore magna aliqua. Ut enim ad minim veniam, quis nostrud exercitation ullamco laboris nisi. sed do eiusmod tempor incididunt ut l abore et dolore magna aliqua. Ut enim ad minim veniam, quis nostrud exercitation ullamco laboris nisi.sed do eiusmod tempor incididunt ut l abore et dolore magna aliqua. Ut enim ad minim veniam, quis nostrud exercitation ullamco laboris nisi.<\\/p><p><strong>Les mer &nbsp;&nbsp;<\\/strong><\\/p>\",\"menyer\":[{\"col1\":\"Lunsj\",\"col2\":\"11:00 - 16:00\"},{\"col1\":\"Klassisk\",\"col2\":\"16:00 - 23:00\"},{\"col1\":\"Ukens 3-retter\",\"col2\":\"16:00 - 23:00\"}]}}},\"23\":\"<p>P\\u00e5 historiske Kristiansten festning i Trondheim ligger <strong>Restaurant Kommandanten<\\/strong> i den gamle kommandant-boligen.<\\/p>\",\"25\":\"Festningen servering og kulturarena\",\"22\":[\"8\"]}}','2017-02-12 16:24:57','2017-02-12 16:24:57','4faa5cd2-0807-4d59-992a-6797ceaf15ec'),(28,2,1,1,'nb_no',25,'','{\"typeId\":null,\"authorId\":null,\"title\":\"Forside\",\"slug\":\"forside\",\"postDate\":1486740585,\"expiryDate\":null,\"enabled\":1,\"parentId\":null,\"fields\":{\"26\":{\"10\":{\"type\":\"blokk\",\"enabled\":\"1\",\"fields\":{\"tittel\":\"\\u00c5pningstider\",\"ikon\":[\"15\"],\"rikTekst\":\"<table><tbody><tr><th>Tirsdag - Fredag<\\/th>\\r\\n    <th class=\\\"tg-yw4l\\\">11:00 - 23:00<\\/th>\\r\\n  <\\/tr><tr><td>L\\u00f8rdag - S\\u00f8ndag<\\/td>\\r\\n    <td>11:00 - 23:00<\\/td>\\r\\n  <\\/tr><\\/tbody><\\/table>\\r\\n<p><br><\\/p>\\r\\n<p>M\\u00f8ter og selskap etter avtale<\\/p>\",\"knapp\":\"<p><a href=\\\"tel:45052666\\\">TLF: 450 52 666<\\/a><\\/p>\"}},\"11\":{\"type\":\"blokk\",\"enabled\":\"1\",\"fields\":{\"tittel\":\"Booking\",\"ikon\":[\"16\"],\"rikTekst\":\"<p>Reserver bord eller book <strong>egne dedikerte selskapslokaler med eget vertskap<\\/strong> og underholdning.&nbsp;<\\/p>\",\"knapp\":\"<p><a href=\\\"mailto:kommandanten@festningenservering.no\\\">Send epost<\\/a><\\/p>\"}}},\"31\":{\"13\":{\"type\":\"enkel\",\"enabled\":\"1\",\"fields\":{\"bilde\":[\"9\"],\"posisjon\":\"left\",\"overskrift\":\"Restauranten\",\"tekst\":\"<p>Lorem ipsum dolor sit amet, consectetur adipiscing elit, sed do eiusmod tempor incididunt ut labore et dolore magna aliqua. Ut enim ad minim veniam, quis nostrud exercitation ullamco laboris nisi.Lorem ipsum dolor sit amet, consectetur adipiscing elit, sed do eiusmod tempor incididunt ut labore et dolore magna aliqua. Ut enim ad minim veniam, quis nostrud exercitation ullamco laboris nisi.Lorem ipsum dolor sit amet, consectetur adipiscing elit, sed do eiusmod tempor incididunt ut labore et dolore magna aliqua. Ut enim ad minim veniam, quis nostrud exercitation ullamco laboris nisi.<br><br><a href=\\\"http:\\/\\/festningen.local\\/restaurant#entry:3:url\\\"><strong>Les mer<\\/strong><\\/a><\\/p>\"}},\"14\":{\"type\":\"dobbel\",\"enabled\":\"1\",\"fields\":{\"bilde\":[\"6\"],\"overskrift\":\"Dobbel restaurant\",\"tekst\":\"<p>Lorem ipsum dolor sit amet, consectetur adipiscing elit, sed do eiusmod tempor incididunt ut labore et dolore magna aliqua. Ut enim ad minim veniam, quis nostrud exercitation ullamco laboris nisi.<br><br><a href=\\\"http:\\/\\/festningen.local\\/restaurant#entry:3:url\\\"><strong>Les mer<\\/strong><\\/a><\\/p>\",\"posisjon\":\"right\"}},\"17\":{\"type\":\"enkel\",\"enabled\":\"1\",\"fields\":{\"bilde\":[\"9\"],\"posisjon\":\"right\",\"overskrift\":\"Kuk\",\"tekst\":\"<p>Test<\\/p>\"}}},\"46\":{\"18\":{\"type\":\"enkel\",\"enabled\":\"1\",\"fields\":{\"overskrift\":\"Restauranten\",\"tekst\":\"<p>Lorem ipsum dolor sit amet, consectetur adipiscing elit, sed do eiusmod tempor incididunt ut labore et dolore magna aliqua. Ut enim ad minim veniam, quis nostrud exercitation ullamco laboris nisi.Lorem ipsum dolor sit amet, consectetur adipiscing elit, sed do eiusmod tempor incididunt ut labore.<br><br><a href=\\\"http:\\/\\/festningen.local\\/restaurant\\\"><strong>Les mer<\\/strong><\\/a><\\/p>\",\"bilde\":[\"7\"]}},\"19\":{\"type\":\"menyer\",\"enabled\":\"1\",\"fields\":{\"overskrift\":\"Ukens 3-retter, lunsj og klassisk meny\",\"tekst\":\"<p>Lorem ipsum dolor sit amet, consectetur adipiscing elit, sed do eiusmod tempor incididunt ut l abore et dolore magna aliqua. Ut enim ad minim veniam, quis nostrud exercitation ullamco laboris nisi. sed do eiusmod tempor incididunt ut l abore et dolore magna aliqua. Ut enim ad minim veniam, quis nostrud exercitation ullamco laboris nisi. sed do eiusmod tempor incididunt ut l abore et dolore magna aliqua. Ut enim ad minim veniam, quis nostrud exercitation ullamco laboris nisi.sed do eiusmod tempor incididunt ut l abore et dolore magna aliqua. Ut enim ad minim veniam, quis nostrud exercitation ullamco laboris nisi.<\\/p>\\r\\n<p><strong>Les mer &nbsp;&nbsp;<\\/strong><\\/p>\",\"menyer\":[{\"col1\":\"Lunsj\",\"col2\":\"11:00 - 16:00\"},{\"col1\":\"Klassisk\",\"col2\":\"16:00 - 23:00\"},{\"col1\":\"Ukens 3-retter\",\"col2\":\"16:00 - 23:00\"}]}}},\"23\":\"<p>P\\u00e5 historiske Kristiansten festning i Trondheim ligger <strong>Restaurant Kommandanten<\\/strong> i den gamle kommandant-boligen.<\\/p>\",\"25\":\"Festningen servering og kulturarena\",\"22\":[\"8\"]}}','2017-02-12 16:29:04','2017-02-12 16:29:04','966aa300-d258-42be-98e9-2cce535fa240'),(29,2,1,1,'nb_no',26,'','{\"typeId\":null,\"authorId\":null,\"title\":\"Forside\",\"slug\":\"forside\",\"postDate\":1486740585,\"expiryDate\":null,\"enabled\":1,\"parentId\":null,\"fields\":{\"26\":{\"10\":{\"type\":\"blokk\",\"enabled\":\"1\",\"fields\":{\"tittel\":\"\\u00c5pningstider\",\"ikon\":[\"15\"],\"rikTekst\":\"<table><tbody><tr><th>Tirsdag - Fredag<\\/th>\\r\\n    <th class=\\\"tg-yw4l\\\">11:00 - 23:00<\\/th>\\r\\n  <\\/tr><tr><td>L\\u00f8rdag - S\\u00f8ndag<\\/td>\\r\\n    <td>11:00 - 23:00<\\/td>\\r\\n  <\\/tr><\\/tbody><\\/table>\\r\\n<p><br><\\/p>\\r\\n<p>M\\u00f8ter og selskap etter avtale<\\/p>\",\"knapp\":\"<p><a href=\\\"tel:45052666\\\">TLF: 450 52 666<\\/a><\\/p>\"}},\"11\":{\"type\":\"blokk\",\"enabled\":\"1\",\"fields\":{\"tittel\":\"Booking\",\"ikon\":[\"16\"],\"rikTekst\":\"<p>Reserver bord eller book <strong>egne dedikerte selskapslokaler med eget vertskap<\\/strong> og underholdning.&nbsp;<\\/p>\",\"knapp\":\"<p><a href=\\\"mailto:kommandanten@festningenservering.no\\\">Send epost<\\/a><\\/p>\"}}},\"46\":{\"18\":{\"type\":\"enkel\",\"enabled\":\"1\",\"fields\":{\"overskrift\":\"Restauranten\",\"tekst\":\"<p>Lorem ipsum dolor sit amet, consectetur adipiscing elit, sed do eiusmod tempor incididunt ut labore et dolore magna aliqua. Ut enim ad minim veniam, quis nostrud exercitation ullamco laboris nisi.Lorem ipsum dolor sit amet, consectetur adipiscing elit, sed do eiusmod tempor incididunt ut labore.<br><br><a href=\\\"http:\\/\\/festningen.local\\/restaurant\\\"><strong>Les mer<\\/strong><\\/a><\\/p>\",\"bilde\":[\"7\"]}},\"19\":{\"type\":\"menyer\",\"enabled\":\"1\",\"fields\":{\"overskrift\":\"Ukens 3-retter, lunsj og klassisk meny\",\"tekst\":\"<p>Lorem ipsum dolor sit amet, consectetur adipiscing elit, sed do eiusmod tempor incididunt ut l abore et dolore magna aliqua. Ut enim ad minim veniam, quis nostrud exercitation ullamco laboris nisi. sed do eiusmod tempor incididunt ut l abore et dolore magna aliqua. Ut enim ad minim veniam, quis nostrud exercitation ullamco laboris nisi. sed do eiusmod tempor incididunt ut l abore et dolore magna aliqua. Ut enim ad minim veniam, quis nostrud exercitation ullamco laboris nisi.sed do eiusmod tempor incididunt ut l abore et dolore magna aliqua. Ut enim ad minim veniam, quis nostrud exercitation ullamco laboris nisi.<\\/p>\\r\\n<p><strong>Les mer &nbsp;&nbsp;<\\/strong><\\/p>\",\"menyer\":[{\"col1\":\"Lunsj\",\"col2\":\"11:00 - 16:00\"},{\"col1\":\"Klassisk\",\"col2\":\"16:00 - 23:00\"},{\"col1\":\"Ukens 3-retter\",\"col2\":\"16:00 - 23:00\"}]}}},\"23\":\"<p>P\\u00e5 historiske Kristiansten festning i Trondheim ligger <strong>Restaurant Kommandanten<\\/strong> i den gamle kommandant-boligen.<\\/p>\",\"25\":\"Festningen servering og kulturarena\",\"22\":[\"8\"]}}','2017-02-13 13:36:03','2017-02-13 13:36:03','a1b20017-1487-43ec-87ec-634e96df99a7'),(30,2,1,1,'nb_no',27,'','{\"typeId\":null,\"authorId\":null,\"title\":\"Forside\",\"slug\":\"forside\",\"postDate\":1486740585,\"expiryDate\":null,\"enabled\":1,\"parentId\":null,\"fields\":{\"26\":{\"10\":{\"type\":\"blokk\",\"enabled\":\"1\",\"fields\":{\"tittel\":\"\\u00c5pningstider\",\"ikon\":[\"15\"],\"rikTekst\":\"<table><tbody><tr><th>Tirsdag - Fredag<\\/th>\\r\\n    <th class=\\\"tg-yw4l\\\">11:00 - 23:00<\\/th>\\r\\n  <\\/tr><tr><td>L\\u00f8rdag - S\\u00f8ndag<\\/td>\\r\\n    <td>11:00 - 23:00<\\/td>\\r\\n  <\\/tr><\\/tbody><\\/table>\\r\\n<p><br><\\/p>\\r\\n<p>M\\u00f8ter og selskap etter avtale<\\/p>\",\"knapp\":\"<p><a href=\\\"tel:45052666\\\">TLF: 450 52 666<\\/a><\\/p>\"}},\"11\":{\"type\":\"blokk\",\"enabled\":\"1\",\"fields\":{\"tittel\":\"Booking\",\"ikon\":[\"16\"],\"rikTekst\":\"<p>Reserver bord eller book <strong>egne dedikerte selskapslokaler med eget vertskap<\\/strong> og underholdning.&nbsp;<\\/p>\",\"knapp\":\"<p><a href=\\\"mailto:kommandanten@festningenservering.no\\\">Send epost<\\/a><\\/p>\"}}},\"54\":{\"new0\":{\"modified\":\"1\",\"type\":\"designblokk\",\"enabled\":\"1\",\"collapsed\":\"0\",\"level\":\"0\",\"fields\":{\"type\":{\"new1\":{\"type\":\"enkel\",\"enabled\":\"1\",\"fields\":{\"tittel\":\"Selskap\",\"tekst\":\"<p>Lorem ipsum dolor sit amet, bryllup adipiscing elit, sed do eiusmod d\\u00e5p og minnestund incididunt ut labore et dolore magna aliqua. Juleord og juleselskap enim ad minim veniam, quis nostrud exercitation ullamco laboris nisi.<\\/p><p><strong><a href=\\\"http:\\/\\/festningen.local\\/selskap#entry:4\\\">Les mer<\\/a><\\/strong><\\/p>\",\"bilde\":[\"7\"],\"bildeposisjon\":\"right\"}},\"new2\":{\"type\":\"enkel\",\"enabled\":\"1\",\"fields\":{\"tittel\":\"Historiske omgivelser\",\"tekst\":\"<p>Lorem ipsum dolor sit amet, consectetur adipiscing elit, sed do eiusmod tempor incididunt ut labore et dolore magna aliqua. Ut enim ad minim veniam, quis nostrud exercitation ullamco laboris nisi.<\\/p><p><strong><a href=\\\"http:\\/\\/festningen.local\\/kristiansten-festning#entry:5\\\">Les mer<\\/a><\\/strong><\\/p>\",\"bilde\":[\"6\"],\"bildeposisjon\":\"right\"}},\"new3\":{\"type\":\"tekstOgBilde\",\"enabled\":\"1\",\"fields\":{\"tittel\":\"Tester\",\"tekst\":\"<p>En test lorem ipsum dolor sit amet, consectetur adipiscing elit, sed do eiusmod tempor incididunt ut labore et dolore magna aliqua. Ut enim ad minim veniam, quis nostrud exercitation ullamco laboris nisi.Les mer<\\/p>\",\"kolonner\":\"toKolonner\",\"bilde\":[\"7\"],\"bildetekst\":\"<p>Lorem ipsum dolor sit amet, consectetur adipiscing elit, sed do eiusmod tempor incididunt ut labore et dolore magna aliqua. Ut enim ad minim veniam, quis nostrud exercitation ullamco laboris nisi.&nbsp;Lorem ipsum dolor sit amet, consectetur adipiscing elit, sed do eiusmod tempor incididunt ut labore et dolore magna aliqua. Ut enim ad minim veniam, quis nostrud exercitation ullamco laboris nisi.<\\/p>\"}}}}}},\"46\":{\"18\":{\"type\":\"enkel\",\"enabled\":\"1\",\"fields\":{\"overskrift\":\"Restauranten\",\"tekst\":\"<p>Lorem ipsum dolor sit amet, consectetur adipiscing elit, sed do eiusmod tempor incididunt ut labore et dolore magna aliqua. Ut enim ad minim veniam, quis nostrud exercitation ullamco laboris nisi.Lorem ipsum dolor sit amet, consectetur adipiscing elit, sed do eiusmod tempor incididunt ut labore.<br><br><a href=\\\"http:\\/\\/festningen.local\\/restaurant\\\"><strong>Les mer<\\/strong><\\/a><\\/p>\",\"bilde\":[\"7\"]}},\"19\":{\"type\":\"menyer\",\"enabled\":\"1\",\"fields\":{\"overskrift\":\"Ukens 3-retter, lunsj og klassisk meny\",\"tekst\":\"<p>Lorem ipsum dolor sit amet, consectetur adipiscing elit, sed do eiusmod tempor incididunt ut l abore et dolore magna aliqua. Ut enim ad minim veniam, quis nostrud exercitation ullamco laboris nisi. sed do eiusmod tempor incididunt ut l abore et dolore magna aliqua. Ut enim ad minim veniam, quis nostrud exercitation ullamco laboris nisi. sed do eiusmod tempor incididunt ut l abore et dolore magna aliqua. Ut enim ad minim veniam, quis nostrud exercitation ullamco laboris nisi.sed do eiusmod tempor incididunt ut l abore et dolore magna aliqua. Ut enim ad minim veniam, quis nostrud exercitation ullamco laboris nisi.<\\/p>\\r\\n<p><strong>Les mer &nbsp;&nbsp;<\\/strong><\\/p>\",\"menyer\":[{\"col1\":\"Lunsj\",\"col2\":\"11:00 - 16:00\"},{\"col1\":\"Klassisk\",\"col2\":\"16:00 - 23:00\"},{\"col1\":\"Ukens 3-retter\",\"col2\":\"16:00 - 23:00\"}]}}},\"23\":\"<p>P\\u00e5 historiske Kristiansten festning i Trondheim ligger <strong>Restaurant Kommandanten<\\/strong> i den gamle kommandant-boligen.<\\/p>\",\"25\":\"Festningen servering og kulturarena\",\"22\":[\"8\"]}}','2017-02-13 13:42:47','2017-02-13 13:42:47','f620c068-77ce-46ac-baeb-16efbaa07b8d'),(31,2,1,1,'nb_no',28,'','{\"typeId\":null,\"authorId\":null,\"title\":\"Forside\",\"slug\":\"forside\",\"postDate\":1486740585,\"expiryDate\":null,\"enabled\":1,\"parentId\":null,\"fields\":{\"26\":{\"10\":{\"type\":\"blokk\",\"enabled\":\"1\",\"fields\":{\"tittel\":\"\\u00c5pningstider\",\"ikon\":[\"15\"],\"rikTekst\":\"<table><tbody><tr><th>Tirsdag - Fredag<\\/th>\\r\\n    <th class=\\\"tg-yw4l\\\">11:00 - 23:00<\\/th>\\r\\n  <\\/tr><tr><td>L\\u00f8rdag - S\\u00f8ndag<\\/td>\\r\\n    <td>11:00 - 23:00<\\/td>\\r\\n  <\\/tr><\\/tbody><\\/table>\\r\\n<p><br><\\/p>\\r\\n<p>M\\u00f8ter og selskap etter avtale<\\/p>\",\"knapp\":\"<p><a href=\\\"tel:45052666\\\">TLF: 450 52 666<\\/a><\\/p>\"}},\"11\":{\"type\":\"blokk\",\"enabled\":\"1\",\"fields\":{\"tittel\":\"Booking\",\"ikon\":[\"16\"],\"rikTekst\":\"<p>Reserver bord eller book <strong>egne dedikerte selskapslokaler med eget vertskap<\\/strong> og underholdning.&nbsp;<\\/p>\",\"knapp\":\"<p><a href=\\\"mailto:kommandanten@festningenservering.no\\\">Send epost<\\/a><\\/p>\"}}},\"54\":{\"22\":{\"modified\":\"0\",\"type\":\"designblokk\",\"enabled\":\"1\",\"collapsed\":\"0\",\"level\":\"0\",\"fields\":{\"type\":{\"23\":{\"type\":\"enkel\",\"enabled\":\"1\",\"fields\":{\"tittel\":\"Selskap\",\"tekst\":\"<p>Lorem ipsum dolor sit amet, bryllup adipiscing elit, sed do eiusmod d\\u00e5p og minnestund incididunt ut labore et dolore magna aliqua. Juleord og juleselskap enim ad minim veniam, quis nostrud exercitation ullamco laboris nisi.<\\/p>\\r\\n<p><strong><a href=\\\"http:\\/\\/festningen.local\\/selskap#entry:4:url\\\">Les mer<\\/a><\\/strong><\\/p>\",\"bilde\":[\"7\"],\"bildeposisjon\":\"right\"}},\"24\":{\"type\":\"enkel\",\"enabled\":\"1\",\"fields\":{\"tittel\":\"Historiske omgivelser\",\"tekst\":\"<p>Lorem ipsum dolor sit amet, consectetur adipiscing elit, sed do eiusmod tempor incididunt ut labore et dolore magna aliqua. Ut enim ad minim veniam, quis nostrud exercitation ullamco laboris nisi.<\\/p>\\r\\n<p><strong><a href=\\\"http:\\/\\/festningen.local\\/kristiansten-festning#entry:5:url\\\">Les mer<\\/a><\\/strong><\\/p>\",\"bilde\":[\"6\"],\"bildeposisjon\":\"right\"}},\"25\":{\"type\":\"tekstOgBilde\",\"enabled\":\"1\",\"fields\":{\"tittel\":\"Tester\",\"tekst\":\"<p>En test lorem ipsum dolor sit amet, consectetur adipiscing elit, sed do eiusmod tempor incididunt ut labore et dolore magna aliqua. Ut enim ad minim veniam, quis nostrud exercitation ullamco laboris nisi.Les mer<\\/p>\",\"kolonner\":\"toKolonner\",\"bilde\":[\"7\"],\"bildetekst\":\"<p>Lorem ipsum dolor sit amet, consectetur adipiscing elit, sed do eiusmod tempor incididunt ut labore et dolore magna aliqua. Ut enim ad minim veniam, quis nostrud exercitation ullamco laboris nisi.&nbsp;Lorem ipsum dolor sit amet, consectetur adipiscing elit, sed do eiusmod tempor incididunt ut labore et dolore magna aliqua. Ut enim ad minim veniam, quis nostrud exercitation ullamco laboris nisi.<\\/p>\"}}}}}},\"46\":{\"18\":{\"type\":\"enkel\",\"enabled\":\"1\",\"fields\":{\"overskrift\":\"Restauranten\",\"tekst\":\"<p>Lorem ipsum dolor sit amet, consectetur adipiscing elit, sed do eiusmod tempor incididunt ut labore et dolore magna aliqua. Ut enim ad minim veniam, quis nostrud exercitation ullamco laboris nisi.Lorem ipsum dolor sit amet, consectetur adipiscing elit, sed do eiusmod tempor incididunt ut labore.<br><br><a href=\\\"http:\\/\\/festningen.local\\/restaurant\\\"><strong>Les mer<\\/strong><\\/a><\\/p>\",\"bilde\":[\"7\"]}},\"19\":{\"type\":\"menyer\",\"enabled\":\"1\",\"fields\":{\"overskrift\":\"Ukens 3-retter, lunsj og klassisk meny\",\"ikon\":\"\",\"tekst\":\"<p>Lorem ipsum dolor sit amet, consectetur adipiscing elit, sed do eiusmod tempor incididunt ut l abore et dolore magna aliqua. Ut enim ad minim veniam, quis nostrud exercitation ullamco laboris nisi. sed do eiusmod tempor incididunt ut l abore et dolore magna aliqua. Ut enim ad minim veniam, quis nostrud exercitation ullamco laboris nisi. sed do eiusmod tempor incididunt ut l abore et dolore magna aliqua. Ut enim ad minim veniam, quis nostrud exercitation ullamco laboris nisi.sed do eiusmod tempor incididunt ut l abore et dolore magna aliqua. Ut enim ad minim veniam, quis nostrud exercitation ullamco laboris nisi.<\\/p>\\r\\n<p><strong>Les mer &nbsp;&nbsp;<\\/strong><\\/p>\",\"menyer\":{\"new1\":{\"type\":\"1\",\"fields\":{\"ikon\":[\"29\"],\"tekst\":[{\"col1\":\"Lunsj\",\"col2\":\"11:00 - 16:00\"},{\"col1\":\"Klassisk meny\",\"col2\":\"16:00 - 23:00\"},{\"col1\":\"Ukens 3-retter\",\"col2\":\"16:00 - 23:00\"}]}}}}}},\"23\":\"<p>P\\u00e5 historiske Kristiansten festning i Trondheim ligger <strong>Restaurant Kommandanten<\\/strong> i den gamle kommandant-boligen.<\\/p>\",\"25\":\"Festningen servering og kulturarena\",\"22\":[\"8\"]}}','2017-02-13 15:18:40','2017-02-13 15:18:40','a78a9792-6f28-4984-b445-8df9dbb8dc37'),(32,2,1,1,'nb_no',29,'','{\"typeId\":null,\"authorId\":null,\"title\":\"Forside\",\"slug\":\"forside\",\"postDate\":1486740585,\"expiryDate\":null,\"enabled\":1,\"parentId\":null,\"fields\":{\"26\":{\"10\":{\"type\":\"blokk\",\"enabled\":\"1\",\"fields\":{\"tittel\":\"\\u00c5pningstider\",\"ikon\":[\"15\"],\"rikTekst\":\"<table><tbody><tr><th>Tirsdag - Fredag<\\/th>\\r\\n    <th class=\\\"tg-yw4l\\\">11:00 - 23:00<\\/th>\\r\\n  <\\/tr><tr><td>L\\u00f8rdag - S\\u00f8ndag<\\/td>\\r\\n    <td>11:00 - 23:00<\\/td>\\r\\n  <\\/tr><\\/tbody><\\/table>\\r\\n<p><br><\\/p>\\r\\n<p>M\\u00f8ter og selskap etter avtale<\\/p>\",\"knapp\":\"<p><a href=\\\"tel:45052666\\\">TLF: 450 52 666<\\/a><\\/p>\"}},\"11\":{\"type\":\"blokk\",\"enabled\":\"1\",\"fields\":{\"tittel\":\"Booking\",\"ikon\":[\"16\"],\"rikTekst\":\"<p>Reserver bord eller book <strong>egne dedikerte selskapslokaler med eget vertskap<\\/strong> og underholdning.&nbsp;<\\/p>\",\"knapp\":\"<p><a href=\\\"mailto:kommandanten@festningenservering.no\\\">Send epost<\\/a><\\/p>\"}}},\"54\":{\"22\":{\"modified\":\"0\",\"type\":\"designblokk\",\"enabled\":\"1\",\"collapsed\":\"0\",\"level\":\"0\",\"fields\":{\"type\":{\"23\":{\"type\":\"enkel\",\"enabled\":\"1\",\"fields\":{\"tittel\":\"Selskap\",\"tekst\":\"<p>Lorem ipsum dolor sit amet, bryllup adipiscing elit, sed do eiusmod d\\u00e5p og minnestund incididunt ut labore et dolore magna aliqua. Juleord og juleselskap enim ad minim veniam, quis nostrud exercitation ullamco laboris nisi.<\\/p>\\r\\n<p><strong><a href=\\\"http:\\/\\/festningen.local\\/selskap#entry:4:url\\\">Les mer<\\/a><\\/strong><\\/p>\",\"bilde\":[\"7\"],\"bildeposisjon\":\"right\"}},\"24\":{\"type\":\"enkel\",\"enabled\":\"1\",\"fields\":{\"tittel\":\"Historiske omgivelser\",\"tekst\":\"<p>Lorem ipsum dolor sit amet, consectetur adipiscing elit, sed do eiusmod tempor incididunt ut labore et dolore magna aliqua. Ut enim ad minim veniam, quis nostrud exercitation ullamco laboris nisi.<\\/p>\\r\\n<p><strong><a href=\\\"http:\\/\\/festningen.local\\/kristiansten-festning#entry:5:url\\\">Les mer<\\/a><\\/strong><\\/p>\",\"bilde\":[\"6\"],\"bildeposisjon\":\"right\"}},\"25\":{\"type\":\"tekstOgBilde\",\"enabled\":\"1\",\"fields\":{\"tittel\":\"Tester\",\"tekst\":\"<p>En test lorem ipsum dolor sit amet, consectetur adipiscing elit, sed do eiusmod tempor incididunt ut labore et dolore magna aliqua. Ut enim ad minim veniam, quis nostrud exercitation ullamco laboris nisi.Les mer<\\/p>\",\"kolonner\":\"toKolonner\",\"bilde\":[\"7\"],\"bildetekst\":\"<p>Lorem ipsum dolor sit amet, consectetur adipiscing elit, sed do eiusmod tempor incididunt ut labore et dolore magna aliqua. Ut enim ad minim veniam, quis nostrud exercitation ullamco laboris nisi.&nbsp;Lorem ipsum dolor sit amet, consectetur adipiscing elit, sed do eiusmod tempor incididunt ut labore et dolore magna aliqua. Ut enim ad minim veniam, quis nostrud exercitation ullamco laboris nisi.<\\/p>\"}}}}}},\"46\":{\"18\":{\"type\":\"enkel\",\"enabled\":\"1\",\"fields\":{\"overskrift\":\"Restauranten\",\"tekst\":\"<p>Lorem ipsum dolor sit amet, consectetur adipiscing elit, sed do eiusmod tempor incididunt ut labore et dolore magna aliqua. Ut enim ad minim veniam, quis nostrud exercitation ullamco laboris nisi.Lorem ipsum dolor sit amet, consectetur adipiscing elit, sed do eiusmod tempor incididunt ut labore.<br><br><a href=\\\"http:\\/\\/festningen.local\\/restaurant\\\"><strong>Les mer<\\/strong><\\/a><\\/p>\",\"bilde\":[\"7\"]}},\"19\":{\"type\":\"menyer\",\"enabled\":\"1\",\"fields\":{\"overskrift\":\"Ukens 3-retter, lunsj og klassisk meny\",\"ikon\":\"\",\"tekst\":\"<p>Lorem ipsum dolor sit amet, consectetur adipiscing elit, sed do eiusmod tempor incididunt ut l abore et dolore magna aliqua. Ut enim ad minim veniam, quis nostrud exercitation ullamco laboris nisi. sed do eiusmod tempor incididunt ut l abore et dolore magna aliqua. Ut enim ad minim veniam, quis nostrud exercitation ullamco laboris nisi. sed do eiusmod tempor incididunt ut l abore et dolore magna aliqua. Ut enim ad minim veniam, quis nostrud exercitation ullamco laboris nisi.sed do eiusmod tempor incididunt ut l abore et dolore magna aliqua. Ut enim ad minim veniam, quis nostrud exercitation ullamco laboris nisi.<\\/p>\\r\\n<p><strong>Les mer &nbsp;&nbsp;<\\/strong><\\/p>\",\"menyer\":{\"30\":{\"type\":\"1\",\"fields\":{\"ikon\":[\"29\"],\"tekst\":\"<table><tbody><tr><td>Lunsj<\\/td><td>11:00 - 16:00\\r\\n<\\/td><\\/tr><tr><td>Klassisk<\\/td><td>16:00 - 23:00\\r\\n<\\/td><\\/tr><tr><td>Ukens 3-retter<\\/td><td>16:00 - 23:00\\r\\n<\\/td><\\/tr><\\/tbody><\\/table>\"}}}}}},\"23\":\"<p>P\\u00e5 historiske Kristiansten festning i Trondheim ligger <strong>Restaurant Kommandanten<\\/strong> i den gamle kommandant-boligen.<\\/p>\",\"25\":\"Festningen servering og kulturarena\",\"22\":[\"8\"]}}','2017-02-13 15:26:17','2017-02-13 15:26:17','30944371-e51b-435d-ae34-24422433d2d1'),(33,2,1,1,'nb_no',30,'','{\"typeId\":null,\"authorId\":null,\"title\":\"Forside\",\"slug\":\"forside\",\"postDate\":1486740585,\"expiryDate\":null,\"enabled\":1,\"parentId\":null,\"fields\":{\"26\":{\"10\":{\"type\":\"blokk\",\"enabled\":\"1\",\"fields\":{\"tittel\":\"\\u00c5pningstider\",\"ikon\":[\"15\"],\"rikTekst\":\"<table><tbody><tr><th>Tirsdag - Fredag<\\/th>\\r\\n    <th class=\\\"tg-yw4l\\\">11:00 - 23:00<\\/th>\\r\\n  <\\/tr><tr><td>L\\u00f8rdag - S\\u00f8ndag<\\/td>\\r\\n    <td>11:00 - 23:00<\\/td>\\r\\n  <\\/tr><\\/tbody><\\/table>\\r\\n<p><br><\\/p>\\r\\n<p>M\\u00f8ter og selskap etter avtale<\\/p>\",\"knapp\":\"<p><a href=\\\"tel:45052666\\\">TLF: 450 52 666<\\/a><\\/p>\"}},\"11\":{\"type\":\"blokk\",\"enabled\":\"1\",\"fields\":{\"tittel\":\"Booking\",\"ikon\":[\"16\"],\"rikTekst\":\"<p>Reserver bord eller book <strong>egne dedikerte selskapslokaler med eget vertskap<\\/strong> og underholdning.&nbsp;<\\/p>\",\"knapp\":\"<p><a href=\\\"mailto:kommandanten@festningenservering.no\\\">Send epost<\\/a><\\/p>\"}}},\"54\":{\"22\":{\"modified\":\"0\",\"type\":\"designblokk\",\"enabled\":\"1\",\"collapsed\":\"0\",\"level\":\"0\",\"fields\":{\"type\":{\"23\":{\"type\":\"enkel\",\"enabled\":\"1\",\"fields\":{\"tittel\":\"Selskap\",\"tekst\":\"<p>Lorem ipsum dolor sit amet, bryllup adipiscing elit, sed do eiusmod d\\u00e5p og minnestund incididunt ut labore et dolore magna aliqua. Juleord og juleselskap enim ad minim veniam, quis nostrud exercitation ullamco laboris nisi.<\\/p>\\r\\n<p><strong><a href=\\\"http:\\/\\/festningen.local\\/selskap#entry:4:url\\\">Les mer<\\/a><\\/strong><\\/p>\",\"bilde\":[\"7\"],\"bildeposisjon\":\"right\"}},\"24\":{\"type\":\"enkel\",\"enabled\":\"1\",\"fields\":{\"tittel\":\"Historiske omgivelser\",\"tekst\":\"<p>Lorem ipsum dolor sit amet, consectetur adipiscing elit, sed do eiusmod tempor incididunt ut labore et dolore magna aliqua. Ut enim ad minim veniam, quis nostrud exercitation ullamco laboris nisi.<\\/p>\\r\\n<p><strong><a href=\\\"http:\\/\\/festningen.local\\/kristiansten-festning#entry:5:url\\\">Les mer<\\/a><\\/strong><\\/p>\",\"bilde\":[\"6\"],\"bildeposisjon\":\"right\"}},\"25\":{\"type\":\"tekstOgBilde\",\"enabled\":\"1\",\"fields\":{\"tittel\":\"Tester\",\"tekst\":\"<p>En test lorem ipsum dolor sit amet, consectetur adipiscing elit, sed do eiusmod tempor incididunt ut labore et dolore magna aliqua. Ut enim ad minim veniam, quis nostrud exercitation ullamco laboris nisi.Les mer<\\/p>\",\"kolonner\":\"toKolonner\",\"bilde\":[\"7\"],\"bildetekst\":\"<p>Lorem ipsum dolor sit amet, consectetur adipiscing elit, sed do eiusmod tempor incididunt ut labore et dolore magna aliqua. Ut enim ad minim veniam, quis nostrud exercitation ullamco laboris nisi.&nbsp;Lorem ipsum dolor sit amet, consectetur adipiscing elit, sed do eiusmod tempor incididunt ut labore et dolore magna aliqua. Ut enim ad minim veniam, quis nostrud exercitation ullamco laboris nisi.<\\/p>\"}}}}}},\"46\":{\"18\":{\"type\":\"enkel\",\"enabled\":\"1\",\"fields\":{\"overskrift\":\"Restauranten\",\"tekst\":\"<p>Lorem ipsum dolor sit amet, consectetur adipiscing elit, sed do eiusmod tempor incididunt ut labore et dolore magna aliqua. Ut enim ad minim veniam, quis nostrud exercitation ullamco laboris nisi.Lorem ipsum dolor sit amet, consectetur adipiscing elit, sed do eiusmod tempor incididunt ut labore.<br><br><a href=\\\"http:\\/\\/festningen.local\\/restaurant\\\"><strong>Les mer<\\/strong><\\/a><\\/p>\",\"bilde\":[\"7\"]}},\"19\":{\"type\":\"menyer\",\"enabled\":\"1\",\"fields\":{\"overskrift\":\"Ukens 3-retter, lunsj og klassisk meny\",\"ikon\":\"\",\"tekst\":\"<p>Lorem ipsum dolor sit amet, consectetur adipiscing elit, sed do eiusmod tempor incididunt ut l abore et dolore magna aliqua. Ut enim ad minim veniam, quis nostrud exercitation ullamco laboris nisi. sed do eiusmod tempor incididunt ut l abore et dolore magna aliqua. Ut enim ad minim veniam, quis nostrud exercitation ullamco laboris nisi. sed do eiusmod tempor incididunt ut l abore et dolore magna aliqua. Ut enim ad minim veniam, quis nostrud exercitation ullamco laboris nisi.sed do eiusmod tempor incididunt ut l abore et dolore magna aliqua. Ut enim ad minim veniam, quis nostrud exercitation ullamco laboris nisi.<\\/p>\\r\\n<p><strong>Les mer &nbsp;&nbsp;<\\/strong><\\/p>\",\"menyer\":{\"30\":{\"type\":\"1\",\"fields\":{\"ikon\":[\"29\"],\"tekst\":\"<table><tbody><tr><td>Lunsj<\\/td><td>11:00 - 16:00\\r\\n<\\/td><\\/tr><tr><td>Klassisk<\\/td><td>16:00 - 23:00\\r\\n<\\/td><\\/tr><tr><td>Ukens 3-retter<\\/td><td>16:00 - 23:00\\r\\n<\\/td><\\/tr><\\/tbody><\\/table><p><strong><a href=\\\"http:\\/\\/festningen.local\\/restaurant#entry:3\\\">Les mer<\\/a><\\/strong><\\/p>\"}}}}}},\"23\":\"<p>P\\u00e5 historiske Kristiansten festning i Trondheim ligger <strong>Restaurant Kommandanten<\\/strong> i den gamle kommandant-boligen.<\\/p>\",\"25\":\"Festningen servering og kulturarena\",\"22\":[\"8\"]}}','2017-02-13 15:27:22','2017-02-13 15:27:22','752b9deb-1681-4ee4-817d-abea94b3692f'),(34,2,1,1,'nb_no',31,'','{\"typeId\":null,\"authorId\":null,\"title\":\"Forside\",\"slug\":\"forside\",\"postDate\":1486740585,\"expiryDate\":null,\"enabled\":1,\"parentId\":null,\"fields\":{\"26\":{\"10\":{\"type\":\"blokk\",\"enabled\":\"1\",\"fields\":{\"tittel\":\"\\u00c5pningstider\",\"ikon\":[\"15\"],\"rikTekst\":\"<table><tbody><tr><th>Tirsdag - Fredag<\\/th>\\r\\n    <th class=\\\"tg-yw4l\\\">11:00 - 23:00<\\/th>\\r\\n  <\\/tr><tr><td>L\\u00f8rdag - S\\u00f8ndag<\\/td>\\r\\n    <td>11:00 - 23:00<\\/td>\\r\\n  <\\/tr><\\/tbody><\\/table>\\r\\n<p><br><\\/p>\\r\\n<p>M\\u00f8ter og selskap etter avtale<\\/p>\",\"knapp\":\"<p><a href=\\\"tel:45052666\\\">TLF: 450 52 666<\\/a><\\/p>\"}},\"11\":{\"type\":\"blokk\",\"enabled\":\"1\",\"fields\":{\"tittel\":\"Booking\",\"ikon\":[\"16\"],\"rikTekst\":\"<p>Reserver bord eller book <strong>egne dedikerte selskapslokaler med eget vertskap<\\/strong> og underholdning.&nbsp;<\\/p>\",\"knapp\":\"<p><a href=\\\"mailto:kommandanten@festningenservering.no\\\">Send epost<\\/a><\\/p>\"}}},\"55\":{\"new2\":{\"type\":\"tekstOgBilde\",\"enabled\":\"1\",\"fields\":{\"tittel\":\"Ukens 3-retter, lunsj og klassisk meny\",\"tekst\":\"<p>Lorem ipsum dolor sit amet, consectetur adipiscing elit, sed do eiusmod tempor incididunt ut l abore et dolore magna aliqua. Ut enim ad minim veniam, quis nostrud exercitation ullamco laboris nisi. sed do eiusmod tempor incididunt ut l abore et dolore magna aliqua. Ut enim ad minim veniam, quis nostrud exercitation ullamco laboris nisi. sed do eiusmod tempor incididunt ut l abore et dolore magna aliqua. Ut enim ad minim veniam, quis nostrud exercitation ullamco laboris nisi.sed do eiusmod tempor incididunt ut l abore et dolore magna aliqua. Ut enim ad minim veniam, quis nostrud exercitation ullamco laboris nisi.<\\/p>\\r\\n<p><b>Les mer &nbsp;&nbsp;<\\/b><\\/p>\",\"kolonner\":\"toKolonner\",\"bilde\":\"\",\"bildetekst\":\"<table><tbody><tr><td>Lunsj<\\/td><td>11:00 - 16:00<\\/td><\\/tr><tr><td>Klassisk<\\/td><td>16:00 - 23:00<\\/td><\\/tr><tr><td>Ukens 3-retter<\\/td><td>16:00 - 23:00<\\/td><\\/tr><\\/tbody><\\/table>\\r\\n<p><b><a href=\\\"http:\\/\\/festningen.local\\/restaurant#entry:3:url\\\">Les mer<\\/a><\\/b><\\/p>\"}}},\"46\":{\"18\":{\"type\":\"enkel\",\"enabled\":\"1\",\"fields\":{\"overskrift\":\"Restauranten\",\"tekst\":\"<p>Lorem ipsum dolor sit amet, consectetur adipiscing elit, sed do eiusmod tempor incididunt ut labore et dolore magna aliqua. Ut enim ad minim veniam, quis nostrud exercitation ullamco laboris nisi.Lorem ipsum dolor sit amet, consectetur adipiscing elit, sed do eiusmod tempor incididunt ut labore.<br><br><a href=\\\"http:\\/\\/festningen.local\\/restaurant\\\"><strong>Les mer<\\/strong><\\/a><\\/p>\",\"bilde\":[\"7\"]}}},\"79\":\"\",\"23\":\"<p>P\\u00e5 historiske Kristiansten festning i Trondheim ligger <strong>Restaurant Kommandanten<\\/strong> i den gamle kommandant-boligen.<\\/p>\",\"25\":\"Festningen servering og kulturarena\",\"22\":[\"8\"]}}','2017-02-13 22:57:24','2017-02-13 22:57:24','4efaf5df-dea7-46ae-bfbf-e56b93195509'),(35,2,1,1,'nb_no',32,'','{\"typeId\":null,\"authorId\":null,\"title\":\"Forside\",\"slug\":\"forside\",\"postDate\":1486740585,\"expiryDate\":null,\"enabled\":1,\"parentId\":null,\"fields\":{\"26\":{\"10\":{\"type\":\"blokk\",\"enabled\":\"1\",\"fields\":{\"tittel\":\"\\u00c5pningstider\",\"ikon\":[\"15\"],\"rikTekst\":\"<table><tbody><tr><th>Tirsdag - Fredag<\\/th>\\r\\n    <th class=\\\"tg-yw4l\\\">11:00 - 23:00<\\/th>\\r\\n  <\\/tr><tr><td>L\\u00f8rdag - S\\u00f8ndag<\\/td>\\r\\n    <td>11:00 - 23:00<\\/td>\\r\\n  <\\/tr><\\/tbody><\\/table>\\r\\n<p><br><\\/p>\\r\\n<p>M\\u00f8ter og selskap etter avtale<\\/p>\",\"knapp\":\"<p><a href=\\\"tel:45052666\\\">TLF: 450 52 666<\\/a><\\/p>\"}},\"11\":{\"type\":\"blokk\",\"enabled\":\"1\",\"fields\":{\"tittel\":\"Booking\",\"ikon\":[\"16\"],\"rikTekst\":\"<p>Reserver bord eller book <strong>egne dedikerte selskapslokaler med eget vertskap<\\/strong> og underholdning.&nbsp;<\\/p>\",\"knapp\":\"<p><a href=\\\"mailto:kommandanten@festningenservering.no\\\">Send epost<\\/a><\\/p>\"}}},\"46\":{\"new0\":{\"modified\":\"1\",\"type\":\"designblokk\",\"enabled\":\"1\",\"collapsed\":\"0\",\"level\":\"0\",\"fields\":{\"blokktype\":{\"new1\":{\"type\":\"enkel\",\"enabled\":\"1\",\"fields\":{\"tittel\":\"Restauranten\",\"tekst\":\"<p>Lorem ipsum dolor sit amet, consectetur adipiscing elit, sed do eiusmod tempor incididunt ut labore et dolore magna aliqua. Ut enim ad minim veniam, quis nostrud exercitation ullamco laboris nisi.<\\/p><p><strong>Les mer<\\/strong><\\/p>\",\"bilde\":\"\",\"bildeposisjon\":\"right\"}}}}},\"new1\":{\"modified\":\"1\",\"type\":\"menyer\",\"enabled\":\"1\",\"collapsed\":\"0\",\"level\":\"0\",\"fields\":{\"vareMenyer\":{\"new1\":{\"type\":\"2\",\"fields\":{\"ikon\":[\"29\"],\"tekst\":\"<p><strong>Tester<\\/strong><\\/p>\"}}}}}},\"23\":\"<p>P\\u00e5 historiske Kristiansten festning i Trondheim ligger <strong>Restaurant Kommandanten<\\/strong> i den gamle kommandant-boligen.<\\/p>\",\"25\":\"Festningen servering og kulturarena\",\"22\":[\"8\"]}}','2017-02-13 23:12:10','2017-02-13 23:12:10','a0f1322b-546c-42e1-b7e0-56fb7a7b67ae'),(36,2,1,1,'nb_no',33,'','{\"typeId\":null,\"authorId\":null,\"title\":\"Forside\",\"slug\":\"forside\",\"postDate\":1486740585,\"expiryDate\":null,\"enabled\":1,\"parentId\":null,\"fields\":{\"26\":{\"10\":{\"type\":\"blokk\",\"enabled\":\"1\",\"fields\":{\"tittel\":\"\\u00c5pningstider\",\"ikon\":[\"15\"],\"rikTekst\":\"<table><tbody><tr><th>Tirsdag - Fredag<\\/th>\\r\\n    <th class=\\\"tg-yw4l\\\">11:00 - 23:00<\\/th>\\r\\n  <\\/tr><tr><td>L\\u00f8rdag - S\\u00f8ndag<\\/td>\\r\\n    <td>11:00 - 23:00<\\/td>\\r\\n  <\\/tr><\\/tbody><\\/table>\\r\\n<p><br><\\/p>\\r\\n<p>M\\u00f8ter og selskap etter avtale<\\/p>\",\"knapp\":\"<p><a href=\\\"tel:45052666\\\">TLF: 450 52 666<\\/a><\\/p>\"}},\"11\":{\"type\":\"blokk\",\"enabled\":\"1\",\"fields\":{\"tittel\":\"Booking\",\"ikon\":[\"16\"],\"rikTekst\":\"<p>Reserver bord eller book <strong>egne dedikerte selskapslokaler med eget vertskap<\\/strong> og underholdning.&nbsp;<\\/p>\",\"knapp\":\"<p><a href=\\\"mailto:kommandanten@festningenservering.no\\\">Send epost<\\/a><\\/p>\"}}},\"46\":{\"32\":{\"modified\":\"1\",\"type\":\"designblokk\",\"enabled\":\"1\",\"collapsed\":\"0\",\"level\":\"0\",\"fields\":{\"blokktype\":{\"33\":{\"type\":\"enkel\",\"enabled\":\"1\",\"fields\":{\"tittel\":\"Restauranten\",\"tekst\":\"<p>Lorem ipsum dolor sit amet, consectetur adipiscing elit, sed do eiusmod tempor incididunt ut labore et dolore magna aliqua. Ut enim ad minim veniam, quis nostrud exercitation ullamco laboris nisi.<\\/p>\\r\\n<p><strong>Les mer<\\/strong><\\/p>\",\"bilde\":\"\",\"bildeposisjon\":\"right\"}},\"new1\":{\"type\":\"enkel\",\"enabled\":\"1\",\"fields\":{\"tittel\":\"Restauranten 2\",\"tekst\":\"<p>Lorem ipsum dolor sit amet, consectetur adipiscing elit, sed do eiusmod tempor incididunt ut labore et dolore magna aliqua. Ut enim ad minim veniam, quis nostrud exercitation ullamco laboris nisi.<\\/p>\\r\\n<p><b>Les mer<\\/b><\\/p>\",\"bilde\":\"\",\"bildeposisjon\":\"right\"}}}}},\"34\":{\"modified\":\"0\",\"type\":\"menyer\",\"enabled\":\"1\",\"collapsed\":\"0\",\"level\":\"0\",\"fields\":{\"vareMenyer\":{\"35\":{\"type\":\"2\",\"fields\":{\"ikon\":[\"29\"],\"tekst\":\"<p><strong>Tester<\\/strong><\\/p>\"}}}}}},\"23\":\"<p>P\\u00e5 historiske Kristiansten festning i Trondheim ligger <strong>Restaurant Kommandanten<\\/strong> i den gamle kommandant-boligen.<\\/p>\",\"25\":\"Festningen servering og kulturarena\",\"22\":[\"8\"]}}','2017-02-13 23:13:28','2017-02-13 23:13:28','91497bb3-1b1d-46e7-85d6-45f10c3b886a'),(37,2,1,1,'nb_no',34,'','{\"typeId\":null,\"authorId\":null,\"title\":\"Forside\",\"slug\":\"forside\",\"postDate\":1486740585,\"expiryDate\":null,\"enabled\":1,\"parentId\":null,\"fields\":{\"26\":{\"10\":{\"type\":\"blokk\",\"enabled\":\"1\",\"fields\":{\"tittel\":\"\\u00c5pningstider\",\"ikon\":[\"15\"],\"rikTekst\":\"<table><tbody><tr><th>Tirsdag - Fredag<\\/th>\\r\\n    <th class=\\\"tg-yw4l\\\">11:00 - 23:00<\\/th>\\r\\n  <\\/tr><tr><td>L\\u00f8rdag - S\\u00f8ndag<\\/td>\\r\\n    <td>11:00 - 23:00<\\/td>\\r\\n  <\\/tr><\\/tbody><\\/table>\\r\\n<p><br><\\/p>\\r\\n<p>M\\u00f8ter og selskap etter avtale<\\/p>\",\"knapp\":\"<p><a href=\\\"tel:45052666\\\">TLF: 450 52 666<\\/a><\\/p>\"}},\"11\":{\"type\":\"blokk\",\"enabled\":\"1\",\"fields\":{\"tittel\":\"Booking\",\"ikon\":[\"16\"],\"rikTekst\":\"<p>Reserver bord eller book <strong>egne dedikerte selskapslokaler med eget vertskap<\\/strong> og underholdning.&nbsp;<\\/p>\",\"knapp\":\"<p><a href=\\\"mailto:kommandanten@festningenservering.no\\\">Send epost<\\/a><\\/p>\"}}},\"46\":{\"32\":{\"modified\":\"1\",\"type\":\"designblokk\",\"enabled\":\"1\",\"collapsed\":\"0\",\"level\":\"0\",\"fields\":{\"blokktype\":{\"33\":{\"type\":\"enkel\",\"enabled\":\"1\",\"fields\":{\"tittel\":\"Restauranten\",\"tekst\":\"<p>Lorem ipsum dolor sit amet, consectetur adipiscing elit, sed do eiusmod tempor incididunt ut labore et dolore magna aliqua. Ut enim ad minim veniam, quis nostrud exercitation ullamco laboris nisi.<\\/p>\\r\\n<p><strong>Les mer<\\/strong><\\/p>\",\"bilde\":\"\",\"bildeposisjon\":\"right\"}}}}},\"34\":{\"modified\":\"0\",\"type\":\"menyer\",\"enabled\":\"1\",\"collapsed\":\"0\",\"level\":\"0\",\"fields\":{\"vareMenyer\":{\"35\":{\"type\":\"2\",\"fields\":{\"ikon\":[\"29\"],\"tekst\":\"<p><strong>Tester<\\/strong><\\/p>\"}}}}}},\"23\":\"<p>P\\u00e5 historiske Kristiansten festning i Trondheim ligger <strong>Restaurant Kommandanten<\\/strong> i den gamle kommandant-boligen.<\\/p>\",\"25\":\"Festningen servering og kulturarena\",\"22\":[\"8\"]}}','2017-02-14 00:14:14','2017-02-14 00:14:14','9f70acfc-f751-4901-8ef9-f0073d509dcc'),(38,2,1,1,'nb_no',35,'','{\"typeId\":null,\"authorId\":null,\"title\":\"Forside\",\"slug\":\"forside\",\"postDate\":1486740585,\"expiryDate\":null,\"enabled\":1,\"parentId\":null,\"fields\":{\"26\":{\"10\":{\"type\":\"blokk\",\"enabled\":\"1\",\"fields\":{\"tittel\":\"\\u00c5pningstider\",\"ikon\":[\"15\"],\"rikTekst\":\"<table><tbody><tr><th>Tirsdag - Fredag<\\/th>\\r\\n    <th class=\\\"tg-yw4l\\\">11:00 - 23:00<\\/th>\\r\\n  <\\/tr><tr><td>L\\u00f8rdag - S\\u00f8ndag<\\/td>\\r\\n    <td>11:00 - 23:00<\\/td>\\r\\n  <\\/tr><\\/tbody><\\/table>\\r\\n<p><br><\\/p>\\r\\n<p>M\\u00f8ter og selskap etter avtale<\\/p>\",\"knapp\":\"<p><a href=\\\"tel:45052666\\\">TLF: 450 52 666<\\/a><\\/p>\"}},\"11\":{\"type\":\"blokk\",\"enabled\":\"1\",\"fields\":{\"tittel\":\"Booking\",\"ikon\":[\"16\"],\"rikTekst\":\"<p>Reserver bord eller book <strong>egne dedikerte selskapslokaler med eget vertskap<\\/strong> og underholdning.&nbsp;<\\/p>\",\"knapp\":\"<p><a href=\\\"mailto:kommandanten@festningenservering.no\\\">Send epost<\\/a><\\/p>\"}}},\"46\":{\"34\":{\"modified\":\"0\",\"type\":\"vareMenyer\",\"enabled\":\"1\",\"collapsed\":\"0\",\"level\":\"0\",\"fields\":{\"vareMenyer\":{\"35\":{\"type\":\"2\",\"fields\":{\"ikon\":[\"29\"],\"tekst\":\"<p><strong>Tester<\\/strong><\\/p>\"}}}}},\"new1\":{\"modified\":\"1\",\"type\":\"designblokk\",\"enabled\":\"1\",\"collapsed\":\"0\",\"level\":\"0\",\"fields\":{\"tekstChkbox\":\"\",\"rikTekst\":\"\",\"bildeChkbox\":\"1\",\"bilde\":[\"7\"],\"bildeposisjon\":\"full\",\"bildetekstChkbox\":\"\",\"bildetekst\":\"\",\"tekstposisjon\":\"left\",\"mellomrom\":\"begge\"}},\"new0\":{\"modified\":\"1\",\"type\":\"designblokk\",\"enabled\":\"1\",\"collapsed\":\"0\",\"level\":\"0\",\"fields\":{\"tekstChkbox\":\"1\",\"rikTekst\":\"<p>Lorem ipsum dolor sit amet<\\/p>\",\"bildeChkbox\":\"\",\"bilde\":\"\",\"bildeposisjon\":\"left\",\"bildetekstChkbox\":\"\",\"bildetekst\":\"\",\"tekstposisjon\":\"left\",\"mellomrom\":\"begge\"}}},\"23\":\"<p>P\\u00e5 historiske Kristiansten festning i Trondheim ligger <strong>Restaurant Kommandanten<\\/strong> i den gamle kommandant-boligen.<\\/p>\",\"25\":\"Festningen servering og kulturarena\",\"22\":[\"8\"]}}','2017-02-14 02:00:52','2017-02-14 02:00:52','14359b98-0b8f-423d-bfef-cdefe4d8bce2'),(39,2,1,1,'nb_no',36,'','{\"typeId\":null,\"authorId\":null,\"title\":\"Forside\",\"slug\":\"forside\",\"postDate\":1486740585,\"expiryDate\":null,\"enabled\":1,\"parentId\":null,\"fields\":{\"26\":{\"10\":{\"type\":\"blokk\",\"enabled\":\"1\",\"fields\":{\"tittel\":\"\\u00c5pningstider\",\"ikon\":[\"15\"],\"rikTekst\":\"<table><tbody><tr><th>Tirsdag - Fredag<\\/th>\\r\\n    <th class=\\\"tg-yw4l\\\">11:00 - 23:00<\\/th>\\r\\n  <\\/tr><tr><td>L\\u00f8rdag - S\\u00f8ndag<\\/td>\\r\\n    <td>11:00 - 23:00<\\/td>\\r\\n  <\\/tr><\\/tbody><\\/table>\\r\\n<p><br><\\/p>\\r\\n<p>M\\u00f8ter og selskap etter avtale<\\/p>\",\"knapp\":\"<p><a href=\\\"tel:45052666\\\">TLF: 450 52 666<\\/a><\\/p>\"}},\"11\":{\"type\":\"blokk\",\"enabled\":\"1\",\"fields\":{\"tittel\":\"Booking\",\"ikon\":[\"16\"],\"rikTekst\":\"<p>Reserver bord eller book <strong>egne dedikerte selskapslokaler med eget vertskap<\\/strong> og underholdning.&nbsp;<\\/p>\",\"knapp\":\"<p><a href=\\\"mailto:kommandanten@festningenservering.no\\\">Send epost<\\/a><\\/p>\"}}},\"46\":{\"37\":{\"modified\":\"1\",\"type\":\"designblokk\",\"enabled\":\"1\",\"collapsed\":\"0\",\"level\":\"0\",\"fields\":{\"tekstChkbox\":\"1\",\"rikTekst\":\"<h2>Restauranten<\\/h2><p>Lorem ipsum dolor sit amet<\\/p>\",\"bildeChkbox\":\"1\",\"bilde\":[\"7\"],\"bildeposisjon\":\"right\",\"bildetekstChkbox\":\"\",\"bildetekst\":\"\",\"tekstposisjon\":\"left\",\"mellomrom\":\"begge\"}},\"34\":{\"modified\":\"0\",\"type\":\"vareMenyer\",\"enabled\":\"1\",\"collapsed\":\"0\",\"level\":\"0\",\"fields\":{\"vareMenyer\":{\"35\":{\"type\":\"2\",\"fields\":{\"ikon\":[\"29\"],\"tekst\":\"<p><strong>Tester<\\/strong><\\/p>\"}}}}},\"38\":{\"modified\":\"1\",\"type\":\"designblokk\",\"enabled\":\"1\",\"collapsed\":\"0\",\"level\":\"0\",\"fields\":{\"tekstChkbox\":\"\",\"rikTekst\":\"<h2>Restauranten<\\/h2><p><br>Lorem ipsum dolor sit amet<\\/p>\",\"bildeChkbox\":\"1\",\"bilde\":[\"6\"],\"bildeposisjon\":\"left\",\"bildetekstChkbox\":\"\",\"bildetekst\":\"\",\"tekstposisjon\":\"left\",\"mellomrom\":\"begge\"}}},\"23\":\"<p>P\\u00e5 historiske Kristiansten festning i Trondheim ligger <strong>Restaurant Kommandanten<\\/strong> i den gamle kommandant-boligen.<\\/p>\",\"25\":\"Festningen servering og kulturarena\",\"22\":[\"8\"]}}','2017-02-14 02:02:25','2017-02-14 02:02:25','e05df9fe-e21c-41f0-b994-30c2a3604050'),(40,2,1,1,'nb_no',37,'','{\"typeId\":null,\"authorId\":null,\"title\":\"Forside\",\"slug\":\"forside\",\"postDate\":1486740585,\"expiryDate\":null,\"enabled\":1,\"parentId\":null,\"fields\":{\"26\":{\"10\":{\"type\":\"blokk\",\"enabled\":\"1\",\"fields\":{\"tittel\":\"\\u00c5pningstider\",\"ikon\":[\"15\"],\"rikTekst\":\"<table><tbody><tr><th>Tirsdag - Fredag<\\/th>\\r\\n    <th class=\\\"tg-yw4l\\\">11:00 - 23:00<\\/th>\\r\\n  <\\/tr><tr><td>L\\u00f8rdag - S\\u00f8ndag<\\/td>\\r\\n    <td>11:00 - 23:00<\\/td>\\r\\n  <\\/tr><\\/tbody><\\/table>\\r\\n<p><br><\\/p>\\r\\n<p>M\\u00f8ter og selskap etter avtale<\\/p>\",\"knapp\":\"<p><a href=\\\"tel:45052666\\\">TLF: 450 52 666<\\/a><\\/p>\"}},\"11\":{\"type\":\"blokk\",\"enabled\":\"1\",\"fields\":{\"tittel\":\"Booking\",\"ikon\":[\"16\"],\"rikTekst\":\"<p>Reserver bord eller book <strong>egne dedikerte selskapslokaler med eget vertskap<\\/strong> og underholdning.&nbsp;<\\/p>\",\"knapp\":\"<p><a href=\\\"mailto:kommandanten@festningenservering.no\\\">Send epost<\\/a><\\/p>\"}}},\"46\":{\"37\":{\"modified\":\"0\",\"type\":\"designblokk\",\"enabled\":\"1\",\"collapsed\":\"0\",\"level\":\"0\",\"fields\":{\"tekstChkbox\":\"1\",\"rikTekst\":\"<h2>Restauranten<\\/h2>\\r\\n<p>Lorem ipsum dolor sit amet<\\/p>\",\"bildeChkbox\":\"1\",\"bilde\":[\"7\"],\"bildeposisjon\":\"right\",\"bildetekstChkbox\":\"\",\"bildetekst\":\"\",\"tekstposisjon\":\"left\",\"mellomrom\":\"begge\"}},\"34\":{\"modified\":\"0\",\"type\":\"vareMenyer\",\"enabled\":\"1\",\"collapsed\":\"0\",\"level\":\"0\",\"fields\":{\"vareMenyer\":{\"35\":{\"type\":\"2\",\"fields\":{\"ikon\":[\"29\"],\"tekst\":\"<p><strong>Tester<\\/strong><\\/p>\"}}}}},\"38\":{\"modified\":\"0\",\"type\":\"designblokk\",\"enabled\":\"1\",\"collapsed\":\"0\",\"level\":\"0\",\"fields\":{\"tekstChkbox\":\"\",\"rikTekst\":\"<h2>Restauranten<\\/h2>\\r\\n<p><br>Lorem ipsum dolor sit amet<\\/p>\",\"bildeChkbox\":\"1\",\"bilde\":[\"6\"],\"bildeposisjon\":\"left\",\"bildetekstChkbox\":\"\",\"bildetekst\":\"\",\"tekstposisjon\":\"left\",\"mellomrom\":\"begge\"}}},\"23\":\"<p>P\\u00e5 historiske Kristiansten festning i Trondheim ligger <strong>Restaurant Kommandanten<\\/strong> i den gamle kommandant-boligen.<\\/p>\",\"25\":\"Festningen servering og kulturarena\",\"22\":[\"8\"]}}','2017-02-14 02:02:47','2017-02-14 02:02:47','bc4c685d-cb2f-41b9-a24b-15817b447bfb'),(41,2,1,1,'nb_no',38,'','{\"typeId\":null,\"authorId\":null,\"title\":\"Forside\",\"slug\":\"forside\",\"postDate\":1486740585,\"expiryDate\":null,\"enabled\":1,\"parentId\":null,\"fields\":{\"26\":{\"10\":{\"type\":\"blokk\",\"enabled\":\"1\",\"fields\":{\"tittel\":\"\\u00c5pningstider\",\"ikon\":[\"15\"],\"rikTekst\":\"<table><tbody><tr><th>Tirsdag - Fredag<\\/th>\\r\\n    <th class=\\\"tg-yw4l\\\">11:00 - 23:00<\\/th>\\r\\n  <\\/tr><tr><td>L\\u00f8rdag - S\\u00f8ndag<\\/td>\\r\\n    <td>11:00 - 23:00<\\/td>\\r\\n  <\\/tr><\\/tbody><\\/table>\\r\\n<p><br><\\/p>\\r\\n<p>M\\u00f8ter og selskap etter avtale<\\/p>\",\"knapp\":\"<p><a href=\\\"tel:45052666\\\">TLF: 450 52 666<\\/a><\\/p>\"}},\"11\":{\"type\":\"blokk\",\"enabled\":\"1\",\"fields\":{\"tittel\":\"Booking\",\"ikon\":[\"16\"],\"rikTekst\":\"<p>Reserver bord eller book <strong>egne dedikerte selskapslokaler med eget vertskap<\\/strong> og underholdning.&nbsp;<\\/p>\",\"knapp\":\"<p><a href=\\\"mailto:kommandanten@festningenservering.no\\\">Send epost<\\/a><\\/p>\"}}},\"46\":{\"37\":{\"modified\":\"1\",\"type\":\"designblokk\",\"enabled\":\"1\",\"collapsed\":\"0\",\"level\":\"0\",\"fields\":{\"tekstChkbox\":\"1\",\"rikTekst\":\"<h2>Restauranten<\\/h2>\\r\\n<p>Lorem ipsum dolor sit amet<\\/p><p><strong><\\/strong><a href=\\\"http:\\/\\/festningen.local\\/restaurant#entry:3\\\"><strong>Les mer<\\/strong><\\/a><\\/p>\",\"bildeChkbox\":\"1\",\"bilde\":[\"7\"],\"bildeposisjon\":\"right\",\"bildetekstChkbox\":\"\",\"bildetekst\":\"\",\"tekstposisjon\":\"left\",\"mellomrom\":\"begge\"}},\"34\":{\"modified\":\"0\",\"type\":\"vareMenyer\",\"enabled\":\"1\",\"collapsed\":\"0\",\"level\":\"0\",\"fields\":{\"vareMenyer\":{\"35\":{\"type\":\"2\",\"fields\":{\"ikon\":[\"29\"],\"tekst\":\"<p><strong>Tester<\\/strong><\\/p>\"}}}}},\"38\":{\"modified\":\"0\",\"type\":\"designblokk\",\"enabled\":\"1\",\"collapsed\":\"0\",\"level\":\"0\",\"fields\":{\"tekstChkbox\":\"\",\"rikTekst\":\"<h2>Restauranten<\\/h2>\\r\\n<p><br>Lorem ipsum dolor sit amet<\\/p>\",\"bildeChkbox\":\"1\",\"bilde\":[\"6\"],\"bildeposisjon\":\"left\",\"bildetekstChkbox\":\"\",\"bildetekst\":\"\",\"tekstposisjon\":\"left\",\"mellomrom\":\"begge\"}}},\"23\":\"<p>P\\u00e5 historiske Kristiansten festning i Trondheim ligger <strong>Restaurant Kommandanten<\\/strong> i den gamle kommandant-boligen.<\\/p>\",\"25\":\"Festningen servering og kulturarena\",\"22\":[\"8\"]}}','2017-02-14 12:58:15','2017-02-14 12:58:15','97285f5c-5491-480b-8ee9-341f3b67ca69'),(42,2,1,1,'nb_no',39,'','{\"typeId\":null,\"authorId\":null,\"title\":\"Forside\",\"slug\":\"forside\",\"postDate\":1486740585,\"expiryDate\":null,\"enabled\":1,\"parentId\":null,\"fields\":{\"26\":{\"10\":{\"type\":\"blokk\",\"enabled\":\"1\",\"fields\":{\"tittel\":\"\\u00c5pningstider\",\"ikon\":[\"15\"],\"rikTekst\":\"<table><tbody><tr><th>Tirsdag - Fredag<\\/th>\\r\\n    <th class=\\\"tg-yw4l\\\">11:00 - 23:00<\\/th>\\r\\n  <\\/tr><tr><td>L\\u00f8rdag - S\\u00f8ndag<\\/td>\\r\\n    <td>11:00 - 23:00<\\/td>\\r\\n  <\\/tr><\\/tbody><\\/table>\\r\\n<p><br><\\/p>\\r\\n<p>M\\u00f8ter og selskap etter avtale<\\/p>\",\"knapp\":\"<p><a href=\\\"tel:45052666\\\">TLF: 450 52 666<\\/a><\\/p>\"}},\"11\":{\"type\":\"blokk\",\"enabled\":\"1\",\"fields\":{\"tittel\":\"Booking\",\"ikon\":[\"16\"],\"rikTekst\":\"<p>Reserver bord eller book <strong>egne dedikerte selskapslokaler med eget vertskap<\\/strong> og underholdning.&nbsp;<\\/p>\",\"knapp\":\"<p><a href=\\\"mailto:kommandanten@festningenservering.no\\\">Send epost<\\/a><\\/p>\"}}},\"46\":{\"37\":{\"modified\":\"0\",\"type\":\"designblokk\",\"enabled\":\"1\",\"collapsed\":\"0\",\"level\":\"0\",\"fields\":{\"tekstChkbox\":\"1\",\"rikTekst\":\"<h2>Restauranten<\\/h2>\\r\\n<p>Lorem ipsum dolor sit amet<\\/p>\\r\\n<p><a href=\\\"http:\\/\\/festningen.local\\/restaurant#entry:3:url\\\"><strong>Les mer<\\/strong><\\/a><\\/p>\",\"bildeChkbox\":\"1\",\"bilde\":[\"7\"],\"bildeposisjon\":\"right\",\"bildetekstChkbox\":\"\",\"bildetekst\":\"\",\"tekstposisjon\":\"left\",\"mellomrom\":\"begge\"}},\"34\":{\"modified\":\"1\",\"type\":\"vareMenyer\",\"enabled\":\"1\",\"collapsed\":\"0\",\"level\":\"0\",\"fields\":{\"vareMenyer\":{\"35\":{\"type\":\"2\",\"fields\":{\"ikon\":[\"29\"],\"tekst\":\"<table><tbody><tr><td>Lunsj<\\/td><td>11:00 - 16:00<\\/td><\\/tr><tr><td>Klassisk<\\/td><td>16:00 - 23:00<\\/td><\\/tr><tr><td>Ukens 3-retter<\\/td><td>16:00 - 23:00<\\/td><\\/tr><\\/tbody><\\/table><p><br><\\/p><p><strong><\\/strong><a href=\\\"http:\\/\\/festningen.local\\/restaurant#entry:3\\\"><strong>Les mer<\\/strong><\\/a><\\/p>\"}}}}},\"38\":{\"modified\":\"0\",\"type\":\"designblokk\",\"enabled\":\"1\",\"collapsed\":\"0\",\"level\":\"0\",\"fields\":{\"tekstChkbox\":\"\",\"rikTekst\":\"<h2>Restauranten<\\/h2>\\r\\n<p><br>Lorem ipsum dolor sit amet<\\/p>\",\"bildeChkbox\":\"1\",\"bilde\":[\"6\"],\"bildeposisjon\":\"left\",\"bildetekstChkbox\":\"\",\"bildetekst\":\"\",\"tekstposisjon\":\"left\",\"mellomrom\":\"begge\"}}},\"23\":\"<p>P\\u00e5 historiske Kristiansten festning i Trondheim ligger <strong>Restaurant Kommandanten<\\/strong> i den gamle kommandant-boligen.<\\/p>\",\"25\":\"Festningen servering og kulturarena\",\"22\":[\"8\"]}}','2017-02-14 13:02:47','2017-02-14 13:02:47','bcb9797b-df63-43df-886d-9c06cdf01498'),(43,2,1,1,'nb_no',40,'','{\"typeId\":null,\"authorId\":null,\"title\":\"Forside\",\"slug\":\"forside\",\"postDate\":1486740585,\"expiryDate\":null,\"enabled\":1,\"parentId\":null,\"fields\":{\"26\":{\"new1\":{\"type\":\"5\",\"fields\":{\"tittel\":\"\\u00c5pningstider\",\"ikon\":[\"15\"],\"rikTekst\":\"<table><tbody><tr><td>Tirsdag - Fredag<\\/td><td>11:00 - 23:00<\\/td><\\/tr><tr><td>L\\u00f8rdag - S\\u00f8ndag<\\/td><td>11:00 - 23:00<\\/td><\\/tr><\\/tbody><\\/table><p>M\\u00f8ter og lukkede selskap etter avtale<\\/p>\",\"knapp\":\"<p><a href=\\\"tel: 45052666\\\">TLF: 450 52 666<\\/a><\\/p>\"}},\"new2\":{\"type\":\"5\",\"fields\":{\"tittel\":\"Booking\",\"ikon\":[\"16\"],\"rikTekst\":\"<p>Reserver bord eller book <strong>egne dedikerte&nbsp;selskapslokaler<\\/strong> med eget vertskap og&nbsp;underholdning<\\/p>\",\"knapp\":\"<p><a href=\\\"mailto:kommandanten@festningenservering.no\\\">Send epost<\\/a><\\/p>\"}}},\"46\":{\"37\":{\"modified\":\"0\",\"type\":\"designblokk\",\"enabled\":\"1\",\"collapsed\":\"0\",\"level\":\"0\",\"fields\":{\"tekstChkbox\":\"1\",\"rikTekst\":\"<h2>Restauranten<\\/h2>\\r\\n<p>Lorem ipsum dolor sit amet<\\/p>\\r\\n<p><a href=\\\"http:\\/\\/festningen.local\\/restaurant#entry:3:url\\\"><strong>Les mer<\\/strong><\\/a><\\/p>\",\"bildeChkbox\":\"1\",\"bilde\":[\"7\"],\"bildeposisjon\":\"right\",\"bildetekstChkbox\":\"\",\"bildetekst\":\"\",\"tekstposisjon\":\"left\",\"mellomrom\":\"begge\"}},\"34\":{\"modified\":\"0\",\"type\":\"vareMenyer\",\"enabled\":\"1\",\"collapsed\":\"0\",\"level\":\"0\",\"fields\":{\"vareMenyer\":{\"35\":{\"type\":\"2\",\"fields\":{\"ikon\":[\"29\"],\"tekst\":\"<table><tbody><tr><td>Lunsj<\\/td><td>11:00 - 16:00<\\/td><\\/tr><tr><td>Klassisk<\\/td><td>16:00 - 23:00<\\/td><\\/tr><tr><td>Ukens 3-retter<\\/td><td>16:00 - 23:00<\\/td><\\/tr><\\/tbody><\\/table>\\r\\n<p><br><\\/p>\\r\\n<p><a href=\\\"http:\\/\\/festningen.local\\/restaurant#entry:3:url\\\"><strong>Les mer<\\/strong><\\/a><\\/p>\"}}}}},\"38\":{\"modified\":\"0\",\"type\":\"designblokk\",\"enabled\":\"1\",\"collapsed\":\"0\",\"level\":\"0\",\"fields\":{\"tekstChkbox\":\"\",\"rikTekst\":\"<h2>Restauranten<\\/h2>\\r\\n<p><br>Lorem ipsum dolor sit amet<\\/p>\",\"bildeChkbox\":\"1\",\"bilde\":[\"6\"],\"bildeposisjon\":\"left\",\"bildetekstChkbox\":\"\",\"bildetekst\":\"\",\"tekstposisjon\":\"left\",\"mellomrom\":\"begge\"}}},\"23\":\"<p>P\\u00e5 historiske Kristiansten festning i Trondheim ligger <strong>Restaurant Kommandanten<\\/strong> i den gamle kommandant-boligen.<\\/p>\",\"25\":\"Festningen servering og kulturarena\",\"22\":[\"8\"]}}','2017-02-14 13:22:52','2017-02-14 13:22:52','e29da911-61fa-43e9-83fd-cc9d6f1d3be0'),(44,2,1,1,'nb_no',41,'','{\"typeId\":null,\"authorId\":null,\"title\":\"Forside\",\"slug\":\"forside\",\"postDate\":1486740585,\"expiryDate\":null,\"enabled\":1,\"parentId\":null,\"fields\":{\"26\":{\"39\":{\"type\":\"5\",\"fields\":{\"tittel\":\"\\u00c5pningstider\",\"ikon\":[\"15\"],\"rikTekst\":\"<table><tbody><tr><td>Tirsdag - Fredag<\\/td><td>11:00 - 23:00<\\/td><\\/tr><tr><td>L\\u00f8rdag - S\\u00f8ndag<\\/td><td>11:00 - 23:00<\\/td><\\/tr><\\/tbody><\\/table>\\r\\n<p>M\\u00f8ter og lukkede selskap etter avtale<\\/p>\",\"knapp\":\"<p><a href=\\\"tel:2045052666\\\">TLF: 450 52 666<\\/a><\\/p>\"}},\"40\":{\"type\":\"5\",\"fields\":{\"tittel\":\"Booking\",\"ikon\":[\"16\"],\"rikTekst\":\"<p>Reserver bord eller book <strong>egne dedikerte&nbsp;selskapslokaler<\\/strong> med eget vertskap og&nbsp;underholdning<\\/p>\",\"knapp\":\"<p><a href=\\\"mailto:kommandanten@festningenservering.no\\\">Send epost<\\/a><\\/p>\"}}},\"46\":{\"37\":{\"modified\":\"0\",\"type\":\"designblokk\",\"enabled\":\"1\",\"collapsed\":\"0\",\"level\":\"0\",\"fields\":{\"tekstChkbox\":\"1\",\"rikTekst\":\"<h2>Restauranten<\\/h2>\\r\\n<p>Lorem ipsum dolor sit amet<\\/p>\\r\\n<p><a href=\\\"http:\\/\\/festningen.local\\/restaurant#entry:3:url\\\"><strong>Les mer<\\/strong><\\/a><\\/p>\",\"bildeChkbox\":\"1\",\"bilde\":[\"7\"],\"bildeposisjon\":\"right\",\"bildetekstChkbox\":\"\",\"bildetekst\":\"\",\"tekstposisjon\":\"left\",\"mellomrom\":\"begge\"}},\"34\":{\"modified\":\"0\",\"type\":\"vareMenyer\",\"enabled\":\"1\",\"collapsed\":\"0\",\"level\":\"0\",\"fields\":{\"vareMenyer\":{\"35\":{\"type\":\"2\",\"fields\":{\"ikon\":[\"29\"],\"tekst\":\"<table><tbody><tr><td>Lunsj<\\/td><td>11:00 - 16:00<\\/td><\\/tr><tr><td>Klassisk<\\/td><td>16:00 - 23:00<\\/td><\\/tr><tr><td>Ukens 3-retter<\\/td><td>16:00 - 23:00<\\/td><\\/tr><\\/tbody><\\/table>\\r\\n<p><br><\\/p>\\r\\n<p><a href=\\\"http:\\/\\/festningen.local\\/restaurant#entry:3:url\\\"><strong>Les mer<\\/strong><\\/a><\\/p>\"}}}}},\"38\":{\"modified\":\"0\",\"type\":\"designblokk\",\"enabled\":\"1\",\"collapsed\":\"0\",\"level\":\"0\",\"fields\":{\"tekstChkbox\":\"\",\"rikTekst\":\"<h2>Restauranten<\\/h2>\\r\\n<p><br>Lorem ipsum dolor sit amet<\\/p>\",\"bildeChkbox\":\"1\",\"bilde\":[\"6\"],\"bildeposisjon\":\"left\",\"bildetekstChkbox\":\"\",\"bildetekst\":\"\",\"tekstposisjon\":\"left\",\"mellomrom\":\"begge\"}}},\"23\":\"<p>P\\u00e5 historiske Kristiansten festning i Trondheim ligger <strong>Restaurant Kommandanten<\\/strong> i den gamle kommandant-boligen.<\\/p>\",\"25\":\"Festningen servering og kulturarena\",\"22\":[\"8\"]}}','2017-02-14 13:25:13','2017-02-14 13:25:13','6e70655d-1be9-4af9-9c0c-f57c729b8862'),(45,2,1,1,'nb_no',42,'','{\"typeId\":null,\"authorId\":null,\"title\":\"Forside\",\"slug\":\"forside\",\"postDate\":1486740585,\"expiryDate\":null,\"enabled\":1,\"parentId\":null,\"fields\":{\"26\":{\"39\":{\"type\":\"5\",\"fields\":{\"tittel\":\"\\u00c5pningstider\",\"ikon\":[\"15\"],\"rikTekst\":\"<table><tbody><tr><td>Tirsdag - Fredag<\\/td><td>11:00 - 23:00<\\/td><\\/tr><tr><td>L\\u00f8rdag - S\\u00f8ndag<\\/td><td>11:00 - 23:00<\\/td><\\/tr><\\/tbody><\\/table>\\r\\n<p>M\\u00f8ter og lukkede selskap etter avtale<\\/p>\",\"knapp\":\"<p><a href=\\\"tel:2045052666\\\">TLF: 450 52 666<\\/a><\\/p>\"}},\"40\":{\"type\":\"5\",\"fields\":{\"tittel\":\"Booking\",\"ikon\":[\"16\"],\"rikTekst\":\"<p>Reserver bord eller book <strong>egne dedikerte&nbsp;selskapslokaler<\\/strong> med eget vertskap og&nbsp;underholdning<\\/p>\",\"knapp\":\"<p><a href=\\\"mailto:kommandanten@festningenservering.no\\\">Send epost<\\/a><\\/p>\"}}},\"46\":{\"37\":{\"modified\":\"0\",\"type\":\"designblokk\",\"enabled\":\"1\",\"collapsed\":\"0\",\"level\":\"0\",\"fields\":{\"tekstChkbox\":\"1\",\"rikTekst\":\"<h2>Restauranten<\\/h2>\\r\\n<p>Lorem ipsum dolor sit amet<\\/p>\\r\\n<p><a href=\\\"http:\\/\\/festningen.local\\/restaurant#entry:3:url\\\"><strong>Les mer<\\/strong><\\/a><\\/p>\",\"bildeChkbox\":\"1\",\"bilde\":[\"7\"],\"bildeposisjon\":\"right\",\"bildetekstChkbox\":\"\",\"bildetekst\":\"\",\"tekstposisjon\":\"left\",\"mellomrom\":\"begge\"}},\"34\":{\"modified\":\"0\",\"type\":\"vareMenyer\",\"enabled\":\"1\",\"collapsed\":\"0\",\"level\":\"0\",\"fields\":{\"vareMenyer\":{\"35\":{\"type\":\"2\",\"fields\":{\"ikon\":[\"29\"],\"tekst\":\"<table><tbody><tr><td>Lunsj<\\/td><td>11:00 - 16:00<\\/td><\\/tr><tr><td>Klassisk<\\/td><td>16:00 - 23:00<\\/td><\\/tr><tr><td>Ukens 3-retter<\\/td><td>16:00 - 23:00<\\/td><\\/tr><\\/tbody><\\/table>\\r\\n<p><br><\\/p>\\r\\n<p><a href=\\\"http:\\/\\/festningen.local\\/restaurant#entry:3:url\\\"><strong>Les mer<\\/strong><\\/a><\\/p>\"}}}}},\"38\":{\"modified\":\"1\",\"type\":\"designblokk\",\"enabled\":\"1\",\"collapsed\":\"0\",\"level\":\"0\",\"fields\":{\"tekstChkbox\":\"\",\"rikTekst\":\"<h2>Restauranten<\\/h2>\\r\\n<p><br>Lorem ipsum dolor sit amet<\\/p>\",\"bildeChkbox\":\"1\",\"bilde\":[\"6\"],\"bildeposisjon\":\"left\",\"bildetekstChkbox\":\"\",\"bildetekst\":\"\",\"tekstposisjon\":\"left\",\"mellomrom\":\"ingen\"}}},\"23\":\"<p>P\\u00e5 historiske Kristiansten festning i Trondheim ligger <strong>Restaurant Kommandanten<\\/strong> i den gamle kommandant-boligen.<\\/p>\",\"25\":\"Festningen servering og kulturarena\",\"22\":[\"8\"]}}','2017-02-14 13:26:26','2017-02-14 13:26:26','f431e92e-115e-4059-a93d-13263a5dc3d3'),(46,2,1,1,'nb_no',43,'','{\"typeId\":null,\"authorId\":null,\"title\":\"Forside\",\"slug\":\"forside\",\"postDate\":1486740585,\"expiryDate\":null,\"enabled\":1,\"parentId\":null,\"fields\":{\"26\":{\"39\":{\"type\":\"5\",\"fields\":{\"tittel\":\"\\u00c5pningstider\",\"ikon\":[\"15\"],\"rikTekst\":\"<table><tbody><tr><td>Tirsdag - Fredag<\\/td><td>11:00 - 23:00<\\/td><\\/tr><tr><td>L\\u00f8rdag - S\\u00f8ndag<\\/td><td>11:00 - 23:00<\\/td><\\/tr><\\/tbody><\\/table>\\r\\n<p>M\\u00f8ter og lukkede selskap etter avtale<\\/p>\",\"knapp\":\"<p><a href=\\\"tel:2045052666\\\">TLF: 450 52 666<\\/a><\\/p>\"}},\"40\":{\"type\":\"5\",\"fields\":{\"tittel\":\"Booking\",\"ikon\":[\"16\"],\"rikTekst\":\"<p>Reserver bord eller book <strong>egne dedikerte&nbsp;selskapslokaler<\\/strong> med eget vertskap og&nbsp;underholdning<\\/p>\",\"knapp\":\"<p><a href=\\\"mailto:kommandanten@festningenservering.no\\\">Send epost<\\/a><\\/p>\"}}},\"46\":{\"37\":{\"modified\":\"0\",\"type\":\"designblokk\",\"enabled\":\"1\",\"collapsed\":\"0\",\"level\":\"0\",\"fields\":{\"mellomrom\":\"begge\",\"tekstChkbox\":\"1\",\"rikTekst\":\"<h2>Restauranten<\\/h2>\\r\\n<p>Lorem ipsum dolor sit amet<\\/p>\\r\\n<p><a href=\\\"http:\\/\\/festningen.local\\/restaurant#entry:3:url\\\"><strong>Les mer<\\/strong><\\/a><\\/p>\",\"bildeChkbox\":\"1\",\"bilde\":[\"7\"],\"bildeposisjon\":\"right\",\"bildetekstChkbox\":\"\",\"bildetekst\":\"\",\"tekstposisjon\":\"left\"}},\"34\":{\"modified\":\"0\",\"type\":\"vareMenyer\",\"enabled\":\"1\",\"collapsed\":\"0\",\"level\":\"0\",\"fields\":{\"vareMenyer\":{\"35\":{\"type\":\"2\",\"fields\":{\"ikon\":[\"29\"],\"tekst\":\"<table><tbody><tr><td>Lunsj<\\/td><td>11:00 - 16:00<\\/td><\\/tr><tr><td>Klassisk<\\/td><td>16:00 - 23:00<\\/td><\\/tr><tr><td>Ukens 3-retter<\\/td><td>16:00 - 23:00<\\/td><\\/tr><\\/tbody><\\/table>\\r\\n<p><br><\\/p>\\r\\n<p><a href=\\\"http:\\/\\/festningen.local\\/restaurant#entry:3:url\\\"><strong>Les mer<\\/strong><\\/a><\\/p>\"}}}}},\"38\":{\"modified\":\"1\",\"type\":\"designblokk\",\"enabled\":\"1\",\"collapsed\":\"0\",\"level\":\"0\",\"fields\":{\"mellomrom\":\"ingen\",\"tekstChkbox\":\"\",\"rikTekst\":\"<h2>Restauranten<\\/h2>\\r\\n<p><br>Lorem ipsum dolor sit amet<\\/p>\",\"bildeChkbox\":\"1\",\"bilde\":[\"6\"],\"bildeposisjon\":\"full\",\"bildetekstChkbox\":\"\",\"bildetekst\":\"\",\"tekstposisjon\":\"left\"}}},\"23\":\"<p>P\\u00e5 historiske Kristiansten festning i Trondheim ligger <strong>Restaurant Kommandanten<\\/strong> i den gamle kommandant-boligen.<\\/p>\",\"25\":\"Festningen servering og kulturarena\",\"22\":[\"8\"]}}','2017-02-14 13:27:05','2017-02-14 13:27:05','e3827fce-a100-48b6-862c-fddc88f6002b'),(47,2,1,1,'nb_no',44,'','{\"typeId\":null,\"authorId\":null,\"title\":\"Forside\",\"slug\":\"forside\",\"postDate\":1486740585,\"expiryDate\":null,\"enabled\":1,\"parentId\":null,\"fields\":{\"26\":{\"39\":{\"type\":\"5\",\"fields\":{\"tittel\":\"\\u00c5pningstider\",\"ikon\":[\"15\"],\"rikTekst\":\"<table><tbody><tr><td>Tirsdag - Fredag<\\/td><td>11:00 - 23:00<\\/td><\\/tr><tr><td>L\\u00f8rdag - S\\u00f8ndag<\\/td><td>11:00 - 23:00<\\/td><\\/tr><\\/tbody><\\/table>\\r\\n<p>M\\u00f8ter og lukkede selskap etter avtale<\\/p>\",\"knapp\":\"<p><a href=\\\"tel:2045052666\\\">TLF: 450 52 666<\\/a><\\/p>\"}},\"40\":{\"type\":\"5\",\"fields\":{\"tittel\":\"Booking\",\"ikon\":[\"16\"],\"rikTekst\":\"<p>Reserver bord eller book <strong>egne dedikerte&nbsp;selskapslokaler<\\/strong> med eget vertskap og&nbsp;underholdning<\\/p>\",\"knapp\":\"<p><a href=\\\"mailto:kommandanten@festningenservering.no\\\">Send epost<\\/a><\\/p>\"}}},\"46\":{\"37\":{\"modified\":\"0\",\"type\":\"designblokk\",\"enabled\":\"1\",\"collapsed\":\"0\",\"level\":\"0\",\"fields\":{\"mellomrom\":\"begge\",\"tekstChkbox\":\"1\",\"rikTekst\":\"<h2>Restauranten<\\/h2>\\r\\n<p>Lorem ipsum dolor sit amet<\\/p>\\r\\n<p><a href=\\\"http:\\/\\/festningen.local\\/restaurant#entry:3:url\\\"><strong>Les mer<\\/strong><\\/a><\\/p>\",\"bildeChkbox\":\"1\",\"bilde\":[\"7\"],\"bildeposisjon\":\"right\",\"bildetekstChkbox\":\"\",\"bildetekst\":\"\",\"tekstposisjon\":\"left\"}},\"34\":{\"modified\":\"1\",\"type\":\"vareMenyer\",\"enabled\":\"1\",\"collapsed\":\"0\",\"level\":\"0\",\"fields\":{\"vareMenyer\":{\"new1\":{\"type\":\"2\",\"fields\":{\"ikon\":\"\",\"tekst\":\"<h3>Ukens 3-retter<\\/h3><p>Lorem ipsum dolor sit amet, consectetur adipiscing elit, sed do eiusmod tempor incididunt ut l abore et dolore magna aliqua. Ut enim ad minim veniam, quis nostrud exercitation ullamco laboris nisi. sed do eiusmod tempor incididunt ut l abore et dolore magna aliqua. Ut enim ad minim veniam, quis nostrud exercitation ullamco laboris nisi. sed do eiusmod tempor incididunt ut l abore et dolore magna aliqua. Ut enim ad minim veniam, quis nostrud exercitation ullamco laboris nisi.sed do eiusmod tempor incididunt ut l abore et dolore magna aliqua. Ut enim ad minim veniam, quis nostrud exercitation ullamco laboris nisi.<\\/p><p><strong>Les mer &nbsp;&nbsp;<\\/strong><\\/p>\"}},\"35\":{\"type\":\"2\",\"fields\":{\"ikon\":[\"29\"],\"tekst\":\"<h3>V\\u00e5re menyer<\\/h3><table><tbody><tr><td>Lunsj<\\/td><td>11:00 - 16:00<\\/td><\\/tr><tr><td>Klassisk<\\/td><td>16:00 - 23:00<\\/td><\\/tr><tr><td>Ukens 3-retter<\\/td><td>16:00 - 23:00<\\/td><\\/tr><\\/tbody><\\/table>\\r\\n<p><br><\\/p>\\r\\n<p><a href=\\\"http:\\/\\/festningen.local\\/restaurant#entry:3:url\\\"><strong>Les mer<\\/strong><\\/a><\\/p>\"}}}}},\"38\":{\"modified\":\"0\",\"type\":\"designblokk\",\"enabled\":\"1\",\"collapsed\":\"0\",\"level\":\"0\",\"fields\":{\"mellomrom\":\"ingen\",\"tekstChkbox\":\"\",\"rikTekst\":\"<h2>Restauranten<\\/h2>\\r\\n<p><br>Lorem ipsum dolor sit amet<\\/p>\",\"bildeChkbox\":\"1\",\"bilde\":[\"6\"],\"bildeposisjon\":\"full\",\"bildetekstChkbox\":\"\",\"bildetekst\":\"\",\"tekstposisjon\":\"left\"}}},\"23\":\"<p>P\\u00e5 historiske Kristiansten festning i Trondheim ligger <strong>Restaurant Kommandanten<\\/strong> i den gamle kommandant-boligen.<\\/p>\",\"25\":\"Festningen servering og kulturarena\",\"22\":[\"8\"]}}','2017-02-14 14:35:09','2017-02-14 14:35:09','1224887d-8663-478f-b039-7dead8819906'),(48,2,1,1,'nb_no',45,'','{\"typeId\":null,\"authorId\":null,\"title\":\"Forside\",\"slug\":\"forside\",\"postDate\":1486740585,\"expiryDate\":null,\"enabled\":1,\"parentId\":null,\"fields\":{\"26\":{\"39\":{\"type\":\"5\",\"fields\":{\"tittel\":\"\\u00c5pningstider\",\"ikon\":[\"15\"],\"rikTekst\":\"<table><tbody><tr><td>Tirsdag - Fredag<\\/td><td>11:00 - 23:00<\\/td><\\/tr><tr><td>L\\u00f8rdag - S\\u00f8ndag<\\/td><td>11:00 - 23:00<\\/td><\\/tr><\\/tbody><\\/table>\\r\\n<p>M\\u00f8ter og lukkede selskap etter avtale<\\/p>\",\"knapp\":\"<p><a href=\\\"tel:2045052666\\\">TLF: 450 52 666<\\/a><\\/p>\"}},\"40\":{\"type\":\"5\",\"fields\":{\"tittel\":\"Booking\",\"ikon\":[\"16\"],\"rikTekst\":\"<p>Reserver bord eller book <strong>egne dedikerte&nbsp;selskapslokaler<\\/strong> med eget vertskap og&nbsp;underholdning<\\/p>\",\"knapp\":\"<p><a href=\\\"mailto:kommandanten@festningenservering.no\\\">Send epost<\\/a><\\/p>\"}}},\"46\":{\"37\":{\"modified\":\"0\",\"type\":\"designblokk\",\"enabled\":\"1\",\"collapsed\":\"0\",\"level\":\"0\",\"fields\":{\"mellomrom\":\"begge\",\"tekstChkbox\":\"1\",\"rikTekst\":\"<h2>Restauranten<\\/h2>\\r\\n<p>Lorem ipsum dolor sit amet<\\/p>\\r\\n<p><a href=\\\"http:\\/\\/festningen.local\\/restaurant#entry:3:url\\\"><strong>Les mer<\\/strong><\\/a><\\/p>\",\"bildeChkbox\":\"1\",\"bilde\":[\"7\"],\"bildeposisjon\":\"right\",\"bildetekstChkbox\":\"\",\"bildetekst\":\"\",\"tekstposisjon\":\"left\"}},\"34\":{\"modified\":\"0\",\"type\":\"vareMenyer\",\"enabled\":\"1\",\"collapsed\":\"0\",\"level\":\"0\",\"fields\":{\"vareMenyer\":{\"41\":{\"type\":\"2\",\"fields\":{\"ikon\":\"\",\"tekst\":\"<h3>Ukens 3-retter<\\/h3>\\r\\n<p>Lorem ipsum dolor sit amet, consectetur adipiscing elit, sed do eiusmod tempor incididunt ut l abore et dolore magna aliqua. Ut enim ad minim veniam, quis nostrud exercitation ullamco laboris nisi. sed do eiusmod tempor incididunt ut l abore et dolore magna aliqua. Ut enim ad minim veniam, quis nostrud exercitation ullamco laboris nisi. sed do eiusmod tempor incididunt ut l abore et dolore magna aliqua. Ut enim ad minim veniam, quis nostrud exercitation ullamco laboris nisi.sed do eiusmod tempor incididunt ut l abore et dolore magna aliqua. Ut enim ad minim veniam, quis nostrud exercitation ullamco laboris nisi.<\\/p>\\r\\n<p><strong>Les mer &nbsp;&nbsp;<\\/strong><\\/p>\"}},\"35\":{\"type\":\"2\",\"fields\":{\"ikon\":[\"29\"],\"tekst\":\"<h3>V\\u00e5re menyer<\\/h3>\\r\\n<table><tbody><tr><td>Lunsj<\\/td><td>11:00 - 16:00<\\/td><\\/tr><tr><td>Klassisk<\\/td><td>16:00 - 23:00<\\/td><\\/tr><tr><td>Ukens 3-retter<\\/td><td>16:00 - 23:00<\\/td><\\/tr><\\/tbody><\\/table>\\r\\n<p><br><\\/p>\\r\\n<p><a href=\\\"http:\\/\\/festningen.local\\/restaurant#entry:3:url\\\"><strong>Les mer<\\/strong><\\/a><\\/p>\"}}}}},\"38\":{\"modified\":\"0\",\"type\":\"designblokk\",\"enabled\":\"1\",\"collapsed\":\"0\",\"level\":\"0\",\"fields\":{\"mellomrom\":\"ingen\",\"tekstChkbox\":\"\",\"rikTekst\":\"<h2>Restauranten<\\/h2>\\r\\n<p><br>Lorem ipsum dolor sit amet<\\/p>\",\"bildeChkbox\":\"1\",\"bilde\":[\"6\"],\"bildeposisjon\":\"full\",\"bildetekstChkbox\":\"\",\"bildetekst\":\"\",\"tekstposisjon\":\"left\"}},\"new0\":{\"modified\":\"1\",\"type\":\"designblokk\",\"enabled\":\"1\",\"collapsed\":\"0\",\"level\":\"0\",\"fields\":{\"mellomrom\":\"begge\",\"tekstChkbox\":\"1\",\"rikTekst\":\"<p>Teeeest<\\/p>\",\"bildeChkbox\":\"\",\"bilde\":\"\",\"bildeposisjon\":\"left\",\"bildetekstChkbox\":\"\",\"bildetekst\":\"\",\"tekstposisjon\":\"left\"}}},\"23\":\"<p>P\\u00e5 historiske Kristiansten festning i Trondheim ligger <strong>Restaurant Kommandanten<\\/strong> i den gamle kommandant-boligen.<\\/p>\",\"25\":\"Festningen servering og kulturarena\",\"22\":[\"8\"]}}','2017-02-14 15:04:35','2017-02-14 15:04:35','af5d88b1-fe37-43ce-9ef4-a8dfe66d8ab1'),(49,2,1,1,'nb_no',46,'','{\"typeId\":null,\"authorId\":null,\"title\":\"Forside\",\"slug\":\"forside\",\"postDate\":1486740585,\"expiryDate\":null,\"enabled\":1,\"parentId\":null,\"fields\":{\"26\":{\"39\":{\"type\":\"5\",\"fields\":{\"tittel\":\"\\u00c5pningstider\",\"ikon\":[\"15\"],\"rikTekst\":\"<table><tbody><tr><td>Tirsdag - Fredag<\\/td><td>11:00 - 23:00<\\/td><\\/tr><tr><td>L\\u00f8rdag - S\\u00f8ndag<\\/td><td>11:00 - 23:00<\\/td><\\/tr><\\/tbody><\\/table>\\r\\n<p>M\\u00f8ter og lukkede selskap etter avtale<\\/p>\",\"knapp\":\"<p><a href=\\\"tel:2045052666\\\">TLF: 450 52 666<\\/a><\\/p>\"}},\"40\":{\"type\":\"5\",\"fields\":{\"tittel\":\"Booking\",\"ikon\":[\"16\"],\"rikTekst\":\"<p>Reserver bord eller book <strong>egne dedikerte&nbsp;selskapslokaler<\\/strong> med eget vertskap og&nbsp;underholdning<\\/p>\",\"knapp\":\"<p><a href=\\\"mailto:kommandanten@festningenservering.no\\\">Send epost<\\/a><\\/p>\"}}},\"46\":{\"37\":{\"modified\":\"1\",\"type\":\"designblokk\",\"enabled\":\"1\",\"collapsed\":\"0\",\"level\":\"0\",\"fields\":{\"mellomrom\":\"begge\",\"tekstChkbox\":\"1\",\"rikTekst\":\"<h2>Restauranten<\\/h2>\\r\\n<p>Lorem ipsum dolor sit amet<\\/p>\\r\\n<p><a href=\\\"http:\\/\\/festningen.local\\/restaurant#entry:3:url\\\"><strong>Les mer<\\/strong><\\/a><\\/p>\",\"bildeChkbox\":\"1\",\"bilde\":[\"7\"],\"bildeposisjon\":\"left\",\"bildetekstChkbox\":\"\",\"bildetekst\":\"\",\"tekstposisjon\":\"left\"}},\"34\":{\"modified\":\"0\",\"type\":\"vareMenyer\",\"enabled\":\"1\",\"collapsed\":\"0\",\"level\":\"0\",\"fields\":{\"vareMenyer\":{\"41\":{\"type\":\"2\",\"fields\":{\"ikon\":\"\",\"tekst\":\"<h3>Ukens 3-retter<\\/h3>\\r\\n<p>Lorem ipsum dolor sit amet, consectetur adipiscing elit, sed do eiusmod tempor incididunt ut l abore et dolore magna aliqua. Ut enim ad minim veniam, quis nostrud exercitation ullamco laboris nisi. sed do eiusmod tempor incididunt ut l abore et dolore magna aliqua. Ut enim ad minim veniam, quis nostrud exercitation ullamco laboris nisi. sed do eiusmod tempor incididunt ut l abore et dolore magna aliqua. Ut enim ad minim veniam, quis nostrud exercitation ullamco laboris nisi.sed do eiusmod tempor incididunt ut l abore et dolore magna aliqua. Ut enim ad minim veniam, quis nostrud exercitation ullamco laboris nisi.<\\/p>\\r\\n<p><strong>Les mer &nbsp;&nbsp;<\\/strong><\\/p>\"}},\"35\":{\"type\":\"2\",\"fields\":{\"ikon\":[\"29\"],\"tekst\":\"<h3>V\\u00e5re menyer<\\/h3>\\r\\n<table><tbody><tr><td>Lunsj<\\/td><td>11:00 - 16:00<\\/td><\\/tr><tr><td>Klassisk<\\/td><td>16:00 - 23:00<\\/td><\\/tr><tr><td>Ukens 3-retter<\\/td><td>16:00 - 23:00<\\/td><\\/tr><\\/tbody><\\/table>\\r\\n<p><br><\\/p>\\r\\n<p><a href=\\\"http:\\/\\/festningen.local\\/restaurant#entry:3:url\\\"><strong>Les mer<\\/strong><\\/a><\\/p>\"}}}}},\"38\":{\"modified\":\"0\",\"type\":\"designblokk\",\"enabled\":\"1\",\"collapsed\":\"0\",\"level\":\"0\",\"fields\":{\"mellomrom\":\"ingen\",\"tekstChkbox\":\"\",\"rikTekst\":\"<h2>Restauranten<\\/h2>\\r\\n<p><br>Lorem ipsum dolor sit amet<\\/p>\",\"bildeChkbox\":\"1\",\"bilde\":[\"6\"],\"bildeposisjon\":\"full\",\"bildetekstChkbox\":\"\",\"bildetekst\":\"\",\"tekstposisjon\":\"left\"}},\"42\":{\"modified\":\"0\",\"type\":\"designblokk\",\"enabled\":\"1\",\"collapsed\":\"0\",\"level\":\"0\",\"fields\":{\"mellomrom\":\"begge\",\"tekstChkbox\":\"1\",\"rikTekst\":\"<p>Teeeest<\\/p>\",\"bildeChkbox\":\"\",\"bilde\":\"\",\"bildeposisjon\":\"left\",\"bildetekstChkbox\":\"\",\"bildetekst\":\"\",\"tekstposisjon\":\"left\"}}},\"23\":\"<p>P\\u00e5 historiske Kristiansten festning i Trondheim ligger <strong>Restaurant Kommandanten<\\/strong> i den gamle kommandant-boligen.<\\/p>\",\"25\":\"Festningen servering og kulturarena\",\"22\":[\"8\"]}}','2017-02-14 15:09:16','2017-02-14 15:09:16','2a96192d-e73e-4a17-8251-8fbaa56a4c2d'),(50,2,1,1,'nb_no',47,'','{\"typeId\":null,\"authorId\":null,\"title\":\"Forside\",\"slug\":\"forside\",\"postDate\":1486740585,\"expiryDate\":null,\"enabled\":1,\"parentId\":null,\"fields\":{\"26\":{\"39\":{\"type\":\"5\",\"fields\":{\"tittel\":\"\\u00c5pningstider\",\"ikon\":[\"15\"],\"rikTekst\":\"<table><tbody><tr><td>Tirsdag - Fredag<\\/td><td>11:00 - 23:00<\\/td><\\/tr><tr><td>L\\u00f8rdag - S\\u00f8ndag<\\/td><td>11:00 - 23:00<\\/td><\\/tr><\\/tbody><\\/table>\\r\\n<p>M\\u00f8ter og lukkede selskap etter avtale<\\/p>\",\"knapp\":\"<p><a href=\\\"tel:2045052666\\\">TLF: 450 52 666<\\/a><\\/p>\"}},\"40\":{\"type\":\"5\",\"fields\":{\"tittel\":\"Booking\",\"ikon\":[\"16\"],\"rikTekst\":\"<p>Reserver bord eller book <strong>egne dedikerte&nbsp;selskapslokaler<\\/strong> med eget vertskap og&nbsp;underholdning<\\/p>\",\"knapp\":\"<p><a href=\\\"mailto:kommandanten@festningenservering.no\\\">Send epost<\\/a><\\/p>\"}}},\"46\":{\"37\":{\"modified\":\"0\",\"type\":\"designblokk\",\"enabled\":\"1\",\"collapsed\":\"0\",\"level\":\"0\",\"fields\":{\"mellomrom\":\"begge\",\"tekstChkbox\":\"1\",\"rikTekst\":\"<h2>Restauranten<\\/h2>\\r\\n<p>Lorem ipsum dolor sit amet<\\/p>\\r\\n<p><a href=\\\"http:\\/\\/festningen.local\\/restaurant#entry:3:url\\\"><strong>Les mer<\\/strong><\\/a><\\/p>\",\"bildeChkbox\":\"1\",\"bilde\":[\"7\"],\"bildeposisjon\":\"left\",\"bildetekstChkbox\":\"\",\"bildetekst\":\"\",\"tekstposisjon\":\"left\"}},\"34\":{\"modified\":\"0\",\"type\":\"vareMenyer\",\"enabled\":\"1\",\"collapsed\":\"0\",\"level\":\"0\",\"fields\":{\"vareMenyer\":{\"41\":{\"type\":\"2\",\"fields\":{\"ikon\":\"\",\"tekst\":\"<h3>Ukens 3-retter<\\/h3>\\r\\n<p>Lorem ipsum dolor sit amet, consectetur adipiscing elit, sed do eiusmod tempor incididunt ut l abore et dolore magna aliqua. Ut enim ad minim veniam, quis nostrud exercitation ullamco laboris nisi. sed do eiusmod tempor incididunt ut l abore et dolore magna aliqua. Ut enim ad minim veniam, quis nostrud exercitation ullamco laboris nisi. sed do eiusmod tempor incididunt ut l abore et dolore magna aliqua. Ut enim ad minim veniam, quis nostrud exercitation ullamco laboris nisi.sed do eiusmod tempor incididunt ut l abore et dolore magna aliqua. Ut enim ad minim veniam, quis nostrud exercitation ullamco laboris nisi.<\\/p>\\r\\n<p><strong>Les mer &nbsp;&nbsp;<\\/strong><\\/p>\"}},\"35\":{\"type\":\"2\",\"fields\":{\"ikon\":[\"29\"],\"tekst\":\"<h3>V\\u00e5re menyer<\\/h3>\\r\\n<table><tbody><tr><td>Lunsj<\\/td><td>11:00 - 16:00<\\/td><\\/tr><tr><td>Klassisk<\\/td><td>16:00 - 23:00<\\/td><\\/tr><tr><td>Ukens 3-retter<\\/td><td>16:00 - 23:00<\\/td><\\/tr><\\/tbody><\\/table>\\r\\n<p><br><\\/p>\\r\\n<p><a href=\\\"http:\\/\\/festningen.local\\/restaurant#entry:3:url\\\"><strong>Les mer<\\/strong><\\/a><\\/p>\"}}}}},\"38\":{\"modified\":\"0\",\"type\":\"designblokk\",\"enabled\":\"1\",\"collapsed\":\"0\",\"level\":\"0\",\"fields\":{\"mellomrom\":\"ingen\",\"tekstChkbox\":\"\",\"rikTekst\":\"<h2>Restauranten<\\/h2>\\r\\n<p><br>Lorem ipsum dolor sit amet<\\/p>\",\"bildeChkbox\":\"1\",\"bilde\":[\"6\"],\"bildeposisjon\":\"full\",\"bildetekstChkbox\":\"\",\"bildetekst\":\"\",\"tekstposisjon\":\"left\"}},\"42\":{\"modified\":\"0\",\"type\":\"designblokk\",\"enabled\":\"1\",\"collapsed\":\"0\",\"level\":\"0\",\"fields\":{\"mellomrom\":\"begge\",\"tekstChkbox\":\"1\",\"rikTekst\":\"<p>Teeeest<\\/p>\",\"bildeChkbox\":\"\",\"bilde\":\"\",\"bildeposisjon\":\"left\",\"bildetekstChkbox\":\"\",\"bildetekst\":\"\",\"tekstposisjon\":\"left\"}},\"new0\":{\"modified\":\"1\",\"type\":\"designblokk\",\"enabled\":\"1\",\"collapsed\":\"0\",\"level\":\"0\",\"fields\":{\"mellomrom\":\"begge\",\"tekstChkbox\":\"\",\"rikTekst\":\"\",\"bildeChkbox\":\"1\",\"bilde\":[\"6\"],\"bildeposisjon\":\"full\",\"bildetekstChkbox\":\"1\",\"bildetekst\":\"<p>Bildetekst<\\/p>\",\"tekstposisjon\":\"drop-right\"}}},\"23\":\"<p>P\\u00e5 historiske Kristiansten festning i Trondheim ligger <strong>Restaurant Kommandanten<\\/strong> i den gamle kommandant-boligen.<\\/p>\",\"25\":\"Festningen servering og kulturarena\",\"22\":[\"8\"]}}','2017-02-14 15:25:06','2017-02-14 15:25:06','dce2ad62-ff43-4d27-b290-ef8ef5caf372'),(51,2,1,1,'nb_no',48,'','{\"typeId\":null,\"authorId\":null,\"title\":\"Forside\",\"slug\":\"forside\",\"postDate\":1486740585,\"expiryDate\":null,\"enabled\":1,\"parentId\":null,\"fields\":{\"26\":{\"39\":{\"type\":\"5\",\"fields\":{\"tittel\":\"\\u00c5pningstider\",\"ikon\":[\"15\"],\"rikTekst\":\"<table><tbody><tr><td>Tirsdag - Fredag<\\/td><td>11:00 - 23:00<\\/td><\\/tr><tr><td>L\\u00f8rdag - S\\u00f8ndag<\\/td><td>11:00 - 23:00<\\/td><\\/tr><\\/tbody><\\/table>\\r\\n<p>M\\u00f8ter og lukkede selskap etter avtale<\\/p>\",\"knapp\":\"<p><a href=\\\"tel:2045052666\\\">TLF: 450 52 666<\\/a><\\/p>\"}},\"40\":{\"type\":\"5\",\"fields\":{\"tittel\":\"Booking\",\"ikon\":[\"16\"],\"rikTekst\":\"<p>Reserver bord eller book <strong>egne dedikerte&nbsp;selskapslokaler<\\/strong> med eget vertskap og&nbsp;underholdning<\\/p>\",\"knapp\":\"<p><a href=\\\"mailto:kommandanten@festningenservering.no\\\">Send epost<\\/a><\\/p>\"}}},\"46\":{\"37\":{\"modified\":\"0\",\"type\":\"designblokk\",\"enabled\":\"1\",\"collapsed\":\"0\",\"level\":\"0\",\"fields\":{\"mellomrom\":\"begge\",\"tekstChkbox\":\"1\",\"rikTekst\":\"<h2>Restauranten<\\/h2>\\r\\n<p>Lorem ipsum dolor sit amet<\\/p>\\r\\n<p><a href=\\\"http:\\/\\/festningen.local\\/restaurant#entry:3:url\\\"><strong>Les mer<\\/strong><\\/a><\\/p>\",\"bildeChkbox\":\"1\",\"bilde\":[\"7\"],\"bildeposisjon\":\"left\",\"bildetekstChkbox\":\"\",\"bildetekst\":\"\",\"tekstposisjon\":\"left\"}},\"34\":{\"modified\":\"0\",\"type\":\"vareMenyer\",\"enabled\":\"1\",\"collapsed\":\"0\",\"level\":\"0\",\"fields\":{\"vareMenyer\":{\"41\":{\"type\":\"2\",\"fields\":{\"ikon\":\"\",\"tekst\":\"<h3>Ukens 3-retter<\\/h3>\\r\\n<p>Lorem ipsum dolor sit amet, consectetur adipiscing elit, sed do eiusmod tempor incididunt ut l abore et dolore magna aliqua. Ut enim ad minim veniam, quis nostrud exercitation ullamco laboris nisi. sed do eiusmod tempor incididunt ut l abore et dolore magna aliqua. Ut enim ad minim veniam, quis nostrud exercitation ullamco laboris nisi. sed do eiusmod tempor incididunt ut l abore et dolore magna aliqua. Ut enim ad minim veniam, quis nostrud exercitation ullamco laboris nisi.sed do eiusmod tempor incididunt ut l abore et dolore magna aliqua. Ut enim ad minim veniam, quis nostrud exercitation ullamco laboris nisi.<\\/p>\\r\\n<p><strong>Les mer &nbsp;&nbsp;<\\/strong><\\/p>\"}},\"35\":{\"type\":\"2\",\"fields\":{\"ikon\":[\"29\"],\"tekst\":\"<h3>V\\u00e5re menyer<\\/h3>\\r\\n<table><tbody><tr><td>Lunsj<\\/td><td>11:00 - 16:00<\\/td><\\/tr><tr><td>Klassisk<\\/td><td>16:00 - 23:00<\\/td><\\/tr><tr><td>Ukens 3-retter<\\/td><td>16:00 - 23:00<\\/td><\\/tr><\\/tbody><\\/table>\\r\\n<p><br><\\/p>\\r\\n<p><a href=\\\"http:\\/\\/festningen.local\\/restaurant#entry:3:url\\\"><strong>Les mer<\\/strong><\\/a><\\/p>\"}}}}},\"38\":{\"modified\":\"0\",\"type\":\"designblokk\",\"enabled\":\"1\",\"collapsed\":\"0\",\"level\":\"0\",\"fields\":{\"mellomrom\":\"ingen\",\"tekstChkbox\":\"\",\"rikTekst\":\"<h2>Restauranten<\\/h2>\\r\\n<p><br>Lorem ipsum dolor sit amet<\\/p>\",\"bildeChkbox\":\"1\",\"bilde\":[\"6\"],\"bildeposisjon\":\"full\",\"bildetekstChkbox\":\"\",\"bildetekst\":\"\",\"tekstposisjon\":\"left\"}},\"42\":{\"modified\":\"0\",\"type\":\"designblokk\",\"enabled\":\"1\",\"collapsed\":\"0\",\"level\":\"0\",\"fields\":{\"mellomrom\":\"begge\",\"tekstChkbox\":\"1\",\"rikTekst\":\"<p>Teeeest<\\/p>\",\"bildeChkbox\":\"\",\"bilde\":\"\",\"bildeposisjon\":\"left\",\"bildetekstChkbox\":\"\",\"bildetekst\":\"\",\"tekstposisjon\":\"left\"}},\"43\":{\"modified\":\"0\",\"type\":\"designblokk\",\"enabled\":\"1\",\"collapsed\":\"0\",\"level\":\"0\",\"fields\":{\"mellomrom\":\"begge\",\"tekstChkbox\":\"\",\"rikTekst\":\"\",\"bildeChkbox\":\"1\",\"bilde\":[\"6\"],\"bildeposisjon\":\"full\",\"bildetekstChkbox\":\"1\",\"bildetekst\":\"<p>Bildetekst<\\/p>\",\"tekstposisjon\":\"drop-right\"}},\"new0\":{\"modified\":\"1\",\"type\":\"designblokk\",\"enabled\":\"1\",\"collapsed\":\"0\",\"level\":\"0\",\"fields\":{\"mellomrom\":\"begge\",\"tekstChkbox\":\"1\",\"rikTekst\":\"<p>Denne skal ligge over hele bildet<\\/p>\",\"bildeChkbox\":\"1\",\"bilde\":[\"7\"],\"bildeposisjon\":\"full\",\"bildetekstChkbox\":\"1\",\"bildetekst\":\"<p>Her er bildeteksten<\\/p>\",\"tekstposisjon\":\"left\"}}},\"23\":\"<p>P\\u00e5 historiske Kristiansten festning i Trondheim ligger <strong>Restaurant Kommandanten<\\/strong> i den gamle kommandant-boligen.<\\/p>\",\"25\":\"Festningen servering og kulturarena\",\"22\":[\"8\"]}}','2017-02-14 15:26:01','2017-02-14 15:26:01','7573a2e8-dc5f-40a4-a44b-c3337b2015dd'),(52,2,1,1,'nb_no',49,'','{\"typeId\":null,\"authorId\":null,\"title\":\"Forside\",\"slug\":\"forside\",\"postDate\":1486740585,\"expiryDate\":null,\"enabled\":1,\"parentId\":null,\"fields\":{\"26\":{\"39\":{\"type\":\"5\",\"fields\":{\"tittel\":\"\\u00c5pningstider\",\"ikon\":[\"15\"],\"rikTekst\":\"<table><tbody><tr><td>Tirsdag - Fredag<\\/td><td>11:00 - 23:00<\\/td><\\/tr><tr><td>L\\u00f8rdag - S\\u00f8ndag<\\/td><td>11:00 - 23:00<\\/td><\\/tr><\\/tbody><\\/table>\\r\\n<p>M\\u00f8ter og lukkede selskap etter avtale<\\/p>\",\"knapp\":\"<p><a href=\\\"tel:2045052666\\\">TLF: 450 52 666<\\/a><\\/p>\"}},\"40\":{\"type\":\"5\",\"fields\":{\"tittel\":\"Booking\",\"ikon\":[\"16\"],\"rikTekst\":\"<p>Reserver bord eller book <strong>egne dedikerte&nbsp;selskapslokaler<\\/strong> med eget vertskap og&nbsp;underholdning<\\/p>\",\"knapp\":\"<p><a href=\\\"mailto:kommandanten@festningenservering.no\\\">Send epost<\\/a><\\/p>\"}}},\"46\":{\"37\":{\"modified\":\"0\",\"type\":\"designblokk\",\"enabled\":\"1\",\"collapsed\":\"0\",\"level\":\"0\",\"fields\":{\"mellomrom\":\"begge\",\"tekstChkbox\":\"1\",\"rikTekst\":\"<h2>Restauranten<\\/h2>\\r\\n<p>Lorem ipsum dolor sit amet<\\/p>\\r\\n<p><a href=\\\"http:\\/\\/festningen.local\\/restaurant#entry:3:url\\\"><strong>Les mer<\\/strong><\\/a><\\/p>\",\"bildeChkbox\":\"1\",\"bilde\":[\"7\"],\"bildeposisjon\":\"left\",\"bildetekstChkbox\":\"\",\"bildetekst\":\"\",\"tekstposisjon\":\"left\"}},\"34\":{\"modified\":\"0\",\"type\":\"vareMenyer\",\"enabled\":\"1\",\"collapsed\":\"0\",\"level\":\"0\",\"fields\":{\"vareMenyer\":{\"41\":{\"type\":\"2\",\"fields\":{\"ikon\":\"\",\"tekst\":\"<h3>Ukens 3-retter<\\/h3>\\r\\n<p>Lorem ipsum dolor sit amet, consectetur adipiscing elit, sed do eiusmod tempor incididunt ut l abore et dolore magna aliqua. Ut enim ad minim veniam, quis nostrud exercitation ullamco laboris nisi. sed do eiusmod tempor incididunt ut l abore et dolore magna aliqua. Ut enim ad minim veniam, quis nostrud exercitation ullamco laboris nisi. sed do eiusmod tempor incididunt ut l abore et dolore magna aliqua. Ut enim ad minim veniam, quis nostrud exercitation ullamco laboris nisi.sed do eiusmod tempor incididunt ut l abore et dolore magna aliqua. Ut enim ad minim veniam, quis nostrud exercitation ullamco laboris nisi.<\\/p>\\r\\n<p><strong>Les mer &nbsp;&nbsp;<\\/strong><\\/p>\"}},\"35\":{\"type\":\"2\",\"fields\":{\"ikon\":[\"29\"],\"tekst\":\"<h3>V\\u00e5re menyer<\\/h3>\\r\\n<table><tbody><tr><td>Lunsj<\\/td><td>11:00 - 16:00<\\/td><\\/tr><tr><td>Klassisk<\\/td><td>16:00 - 23:00<\\/td><\\/tr><tr><td>Ukens 3-retter<\\/td><td>16:00 - 23:00<\\/td><\\/tr><\\/tbody><\\/table>\\r\\n<p><br><\\/p>\\r\\n<p><a href=\\\"http:\\/\\/festningen.local\\/restaurant#entry:3:url\\\"><strong>Les mer<\\/strong><\\/a><\\/p>\"}}}}},\"38\":{\"modified\":\"0\",\"type\":\"designblokk\",\"enabled\":\"1\",\"collapsed\":\"0\",\"level\":\"0\",\"fields\":{\"mellomrom\":\"ingen\",\"tekstChkbox\":\"\",\"rikTekst\":\"<h2>Restauranten<\\/h2>\\r\\n<p><br>Lorem ipsum dolor sit amet<\\/p>\",\"bildeChkbox\":\"1\",\"bilde\":[\"6\"],\"bildeposisjon\":\"full\",\"bildetekstChkbox\":\"\",\"bildetekst\":\"\",\"tekstposisjon\":\"left\"}},\"42\":{\"modified\":\"0\",\"type\":\"designblokk\",\"enabled\":\"1\",\"collapsed\":\"0\",\"level\":\"0\",\"fields\":{\"mellomrom\":\"begge\",\"tekstChkbox\":\"1\",\"rikTekst\":\"<p>Teeeest<\\/p>\",\"bildeChkbox\":\"\",\"bilde\":\"\",\"bildeposisjon\":\"left\",\"bildetekstChkbox\":\"\",\"bildetekst\":\"\",\"tekstposisjon\":\"left\"}},\"43\":{\"modified\":\"0\",\"type\":\"designblokk\",\"enabled\":\"1\",\"collapsed\":\"0\",\"level\":\"0\",\"fields\":{\"mellomrom\":\"begge\",\"tekstChkbox\":\"\",\"rikTekst\":\"\",\"bildeChkbox\":\"1\",\"bilde\":[\"6\"],\"bildeposisjon\":\"full\",\"bildetekstChkbox\":\"1\",\"bildetekst\":\"<p>Bildetekst<\\/p>\",\"tekstposisjon\":\"drop-right\"}},\"44\":{\"modified\":\"0\",\"type\":\"designblokk\",\"enabled\":\"1\",\"collapsed\":\"0\",\"level\":\"0\",\"fields\":{\"mellomrom\":\"begge\",\"tekstChkbox\":\"1\",\"rikTekst\":\"<p>Denne skal ligge over hele bildet<\\/p>\",\"bildeChkbox\":\"1\",\"bilde\":[\"7\"],\"bildeposisjon\":\"full\",\"bildetekstChkbox\":\"1\",\"bildetekst\":\"<p>Her er bildeteksten<\\/p>\",\"tekstposisjon\":\"left\"}}},\"23\":\"<p>P\\u00e5 historiske Kristiansten festning i Trondheim ligger <strong>Restaurant Kommandanten<\\/strong> i den gamle kommandant-boligen.<\\/p>\",\"25\":\"Festningen servering og kulturarena\",\"22\":[\"8\"]}}','2017-02-14 16:16:07','2017-02-14 16:16:07','429d1782-c96f-4d06-9c34-41a6122d6f13'),(53,2,1,1,'nb_no',50,'','{\"typeId\":null,\"authorId\":null,\"title\":\"Forside\",\"slug\":\"forside\",\"postDate\":1486740585,\"expiryDate\":null,\"enabled\":1,\"parentId\":null,\"fields\":{\"26\":{\"39\":{\"type\":\"5\",\"fields\":{\"tittel\":\"\\u00c5pningstider\",\"ikon\":[\"15\"],\"rikTekst\":\"<table><tbody><tr><td>Tirsdag - Fredag<\\/td><td>11:00 - 23:00<\\/td><\\/tr><tr><td>L\\u00f8rdag - S\\u00f8ndag<\\/td><td>11:00 - 23:00<\\/td><\\/tr><\\/tbody><\\/table>\\r\\n<p>M\\u00f8ter og lukkede selskap etter avtale<\\/p>\",\"knapp\":\"<p><a href=\\\"tel:2045052666\\\">TLF: 450 52 666<\\/a><\\/p>\"}},\"40\":{\"type\":\"5\",\"fields\":{\"tittel\":\"Booking\",\"ikon\":[\"16\"],\"rikTekst\":\"<p>Reserver bord eller book <strong>egne dedikerte&nbsp;selskapslokaler<\\/strong> med eget vertskap og&nbsp;underholdning<\\/p>\",\"knapp\":\"<p><a href=\\\"mailto:kommandanten@festningenservering.no\\\">Send epost<\\/a><\\/p>\"}}},\"46\":{\"37\":{\"modified\":\"0\",\"type\":\"designblokk\",\"enabled\":\"1\",\"collapsed\":\"0\",\"level\":\"0\",\"fields\":{\"mellomrom\":\"begge\",\"tekstChkbox\":\"1\",\"rikTekst\":\"<h2>Restauranten<\\/h2>\\r\\n<p>Lorem ipsum dolor sit amet<\\/p>\\r\\n<p><a href=\\\"http:\\/\\/festningen.local\\/restaurant#entry:3:url\\\"><strong>Les mer<\\/strong><\\/a><\\/p>\",\"bildeChkbox\":\"1\",\"bilde\":[\"7\"],\"bildeposisjon\":\"left\",\"bildetekstChkbox\":\"\",\"bildetekst\":\"\",\"tekstposisjon\":\"left\"}},\"34\":{\"modified\":\"1\",\"type\":\"vareMenyer\",\"enabled\":\"1\",\"collapsed\":\"0\",\"level\":\"0\",\"fields\":{\"vareMenyer\":{\"41\":{\"type\":\"2\",\"fields\":{\"ikon\":\"\",\"tekst\":\"<h3>Ukens 3-retter<\\/h3>\\r\\n<p>Lorem ipsum dolor sit amet, consectetur adipiscing elit, sed do eiusmod tempor incididunt ut l abore et dolore magna aliqua. Ut enim ad minim veniam, quis nostrud exercitation ullamco laboris nisi. sed do eiusmod tempor incididunt ut l abore et dolore magna aliqua. Ut enim ad minim veniam, quis nostrud exercitation ullamco laboris nisi. sed do eiusmod tempor incididunt ut l abore et dolore magna aliqua. Ut enim ad minim veniam, quis nostrud exercitation ullamco laboris nisi.sed do eiusmod tempor incididunt ut l abore et dolore magna aliqua. Ut enim ad minim veniam, quis nostrud exercitation ullamco laboris nisi.<\\/p><p><br><\\/p><p><strong><a href=\\\"http:\\/\\/festningen.local\\/restaurant#entry:3\\\">Les mer<\\/a>&nbsp; &nbsp;<\\/strong><br><\\/p>\"}},\"35\":{\"type\":\"2\",\"fields\":{\"ikon\":[\"29\"],\"tekst\":\"<h3>V\\u00e5re menyer<\\/h3>\\r\\n<table><tbody><tr><td>Lunsj<\\/td><td>11:00 - 16:00<\\/td><\\/tr><tr><td>Klassisk<\\/td><td>16:00 - 23:00<\\/td><\\/tr><tr><td>Ukens 3-retter<\\/td><td>16:00 - 23:00<\\/td><\\/tr><\\/tbody><\\/table>\\r\\n<p><br><\\/p>\\r\\n<p><a href=\\\"http:\\/\\/festningen.local\\/restaurant#entry:3:url\\\"><strong>Les mer<\\/strong><\\/a><\\/p>\"}}}}},\"38\":{\"modified\":\"0\",\"type\":\"designblokk\",\"enabled\":\"1\",\"collapsed\":\"0\",\"level\":\"0\",\"fields\":{\"mellomrom\":\"ingen\",\"tekstChkbox\":\"\",\"rikTekst\":\"<h2>Restauranten<\\/h2>\\r\\n<p><br>Lorem ipsum dolor sit amet<\\/p>\",\"bildeChkbox\":\"1\",\"bilde\":[\"6\"],\"bildeposisjon\":\"full\",\"bildetekstChkbox\":\"\",\"bildetekst\":\"\",\"tekstposisjon\":\"left\"}},\"42\":{\"modified\":\"0\",\"type\":\"designblokk\",\"enabled\":\"1\",\"collapsed\":\"0\",\"level\":\"0\",\"fields\":{\"mellomrom\":\"begge\",\"tekstChkbox\":\"1\",\"rikTekst\":\"<p>Teeeest<\\/p>\",\"bildeChkbox\":\"\",\"bilde\":\"\",\"bildeposisjon\":\"left\",\"bildetekstChkbox\":\"\",\"bildetekst\":\"\",\"tekstposisjon\":\"left\"}},\"43\":{\"modified\":\"0\",\"type\":\"designblokk\",\"enabled\":\"1\",\"collapsed\":\"0\",\"level\":\"0\",\"fields\":{\"mellomrom\":\"begge\",\"tekstChkbox\":\"\",\"rikTekst\":\"\",\"bildeChkbox\":\"1\",\"bilde\":[\"6\"],\"bildeposisjon\":\"full\",\"bildetekstChkbox\":\"1\",\"bildetekst\":\"<p>Bildetekst<\\/p>\",\"tekstposisjon\":\"drop-right\"}},\"44\":{\"modified\":\"0\",\"type\":\"designblokk\",\"enabled\":\"1\",\"collapsed\":\"0\",\"level\":\"0\",\"fields\":{\"mellomrom\":\"begge\",\"tekstChkbox\":\"1\",\"rikTekst\":\"<p>Denne skal ligge over hele bildet<\\/p>\",\"bildeChkbox\":\"1\",\"bilde\":[\"7\"],\"bildeposisjon\":\"full\",\"bildetekstChkbox\":\"1\",\"bildetekst\":\"<p>Her er bildeteksten<\\/p>\",\"tekstposisjon\":\"left\"}}},\"23\":\"<p>P\\u00e5 historiske Kristiansten festning i Trondheim ligger <strong>Restaurant Kommandanten<\\/strong> i den gamle kommandant-boligen.<\\/p>\",\"25\":\"Festningen servering og kulturarena\",\"22\":[\"8\"]}}','2017-02-14 16:24:01','2017-02-14 16:24:01','74c4cb21-95ab-49b3-981e-4b7c509cde0e'),(54,2,1,1,'nb_no',51,'','{\"typeId\":null,\"authorId\":null,\"title\":\"Forside\",\"slug\":\"forside\",\"postDate\":1486740585,\"expiryDate\":null,\"enabled\":1,\"parentId\":null,\"fields\":{\"26\":{\"39\":{\"type\":\"5\",\"fields\":{\"tittel\":\"\\u00c5pningstider\",\"ikon\":[\"15\"],\"rikTekst\":\"<table><tbody><tr><td>Tirsdag - Fredag<\\/td><td>11:00 - 23:00<\\/td><\\/tr><tr><td>L\\u00f8rdag - S\\u00f8ndag<\\/td><td>11:00 - 23:00<\\/td><\\/tr><\\/tbody><\\/table>\\r\\n<p>M\\u00f8ter og lukkede selskap etter avtale<\\/p>\",\"knapp\":\"<p><a href=\\\"tel:2045052666\\\">TLF: 450 52 666<\\/a><\\/p>\"}},\"40\":{\"type\":\"5\",\"fields\":{\"tittel\":\"Booking\",\"ikon\":[\"16\"],\"rikTekst\":\"<p>Reserver bord eller book <strong>egne dedikerte&nbsp;selskapslokaler<\\/strong> med eget vertskap og&nbsp;underholdning<\\/p>\",\"knapp\":\"<p><a href=\\\"mailto:kommandanten@festningenservering.no\\\">Send epost<\\/a><\\/p>\"}}},\"46\":{\"37\":{\"modified\":\"1\",\"type\":\"designblokk\",\"enabled\":\"1\",\"collapsed\":\"0\",\"level\":\"0\",\"fields\":{\"mellomrom\":\"begge\",\"tekstChkbox\":\"1\",\"rikTekst\":\"<h2>Restauranten<\\/h2>\\r\\n<p>Lorem ipsum dolor sit amet<\\/p>\\r\\n<p><a href=\\\"http:\\/\\/festningen.local\\/restaurant#entry:3:url\\\"><strong>Les mer<\\/strong><\\/a><\\/p>\",\"bildeChkbox\":\"1\",\"bilde\":[\"7\"],\"bildeposisjon\":\"right\",\"bildetekstChkbox\":\"\",\"bildetekst\":\"\",\"tekstposisjon\":\"left\"}},\"34\":{\"modified\":\"0\",\"type\":\"vareMenyer\",\"enabled\":\"1\",\"collapsed\":\"0\",\"level\":\"0\",\"fields\":{\"vareMenyer\":{\"41\":{\"type\":\"2\",\"fields\":{\"ikon\":\"\",\"tekst\":\"<h3>Ukens 3-retter<\\/h3>\\r\\n<p>Lorem ipsum dolor sit amet, consectetur adipiscing elit, sed do eiusmod tempor incididunt ut l abore et dolore magna aliqua. Ut enim ad minim veniam, quis nostrud exercitation ullamco laboris nisi. sed do eiusmod tempor incididunt ut l abore et dolore magna aliqua. Ut enim ad minim veniam, quis nostrud exercitation ullamco laboris nisi. sed do eiusmod tempor incididunt ut l abore et dolore magna aliqua. Ut enim ad minim veniam, quis nostrud exercitation ullamco laboris nisi.sed do eiusmod tempor incididunt ut l abore et dolore magna aliqua. Ut enim ad minim veniam, quis nostrud exercitation ullamco laboris nisi.<\\/p>\\r\\n<p><br><\\/p>\\r\\n<p><strong><a href=\\\"http:\\/\\/festningen.local\\/restaurant#entry:3:url\\\">Les mer<\\/a>&nbsp; &nbsp;<\\/strong><br><\\/p>\"}},\"35\":{\"type\":\"2\",\"fields\":{\"ikon\":[\"29\"],\"tekst\":\"<h3>V\\u00e5re menyer<\\/h3>\\r\\n<table><tbody><tr><td>Lunsj<\\/td><td>11:00 - 16:00<\\/td><\\/tr><tr><td>Klassisk<\\/td><td>16:00 - 23:00<\\/td><\\/tr><tr><td>Ukens 3-retter<\\/td><td>16:00 - 23:00<\\/td><\\/tr><\\/tbody><\\/table>\\r\\n<p><br><\\/p>\\r\\n<p><a href=\\\"http:\\/\\/festningen.local\\/restaurant#entry:3:url\\\"><strong>Les mer<\\/strong><\\/a><\\/p>\"}}}}},\"38\":{\"modified\":\"0\",\"type\":\"designblokk\",\"enabled\":\"1\",\"collapsed\":\"0\",\"level\":\"0\",\"fields\":{\"mellomrom\":\"ingen\",\"tekstChkbox\":\"\",\"rikTekst\":\"<h2>Restauranten<\\/h2>\\r\\n<p><br>Lorem ipsum dolor sit amet<\\/p>\",\"bildeChkbox\":\"1\",\"bilde\":[\"6\"],\"bildeposisjon\":\"full\",\"bildetekstChkbox\":\"\",\"bildetekst\":\"\",\"tekstposisjon\":\"left\"}},\"new0\":{\"modified\":\"1\",\"type\":\"designblokk\",\"enabled\":\"1\",\"collapsed\":\"0\",\"level\":\"0\",\"fields\":{\"mellomrom\":\"begge\",\"tekstChkbox\":\"1\",\"rikTekst\":\"<h2>Selskap<\\/h2><p>Lorem ipsum dolor sit amet, bryllup adipiscing elit, sed do eiusmod d\\u00e5p og minnestund incididunt ut labore et dolore magna aliqua. Juleord og juleselskap enim ad minim veniam, quis nostrud exercitation ullamco laboris nisi.<\\/p><p><br><\\/p><p><a href=\\\"http:\\/\\/festningen.local\\/selskap#entry:4\\\">Les mer<\\/a><\\/p>\",\"bildeChkbox\":\"1\",\"bilde\":[\"6\"],\"bildeposisjon\":\"right\",\"bildetekstChkbox\":\"\",\"bildetekst\":\"\",\"tekstposisjon\":\"left\"}},\"new1\":{\"modified\":\"1\",\"type\":\"designblokk\",\"enabled\":\"1\",\"collapsed\":\"0\",\"level\":\"0\",\"fields\":{\"mellomrom\":\"begge\",\"tekstChkbox\":\"1\",\"rikTekst\":\"<h2>Historiske omgivelser<\\/h2>\\r\\n<p>Lorem ipsum dolor sit amet, bryllup adipiscing elit, sed do eiusmod d\\u00e5p og minnestund incididunt ut labore et dolore magna aliqua. Juleord og juleselskap enim ad minim veniam, quis nostrud exercitation ullamco laboris nisi.<\\/p>\\r\\n<p><a href=\\\"http:\\/\\/festningen.local\\/selskap#entry:4\\\">Les mer<\\/a><\\/p>\",\"bildeChkbox\":\"1\",\"bilde\":[\"6\"],\"bildeposisjon\":\"left\",\"bildetekstChkbox\":\"\",\"bildetekst\":\"\",\"tekstposisjon\":\"left\"}}},\"23\":\"<p>P\\u00e5 historiske Kristiansten festning i Trondheim ligger <strong>Restaurant Kommandanten<\\/strong> i den gamle kommandant-boligen.<\\/p>\",\"25\":\"Festningen servering og kulturarena\",\"22\":[\"8\"]}}','2017-02-14 16:36:11','2017-02-14 16:36:11','55502298-e7f9-486e-ae8e-6c9f45aae277'),(55,2,1,1,'nb_no',52,'','{\"typeId\":null,\"authorId\":null,\"title\":\"Forside\",\"slug\":\"forside\",\"postDate\":1486740585,\"expiryDate\":null,\"enabled\":1,\"parentId\":null,\"fields\":{\"26\":{\"39\":{\"type\":\"5\",\"fields\":{\"tittel\":\"\\u00c5pningstider\",\"ikon\":[\"15\"],\"rikTekst\":\"<table><tbody><tr><td>Tirsdag - Fredag<\\/td><td>11:00 - 23:00<\\/td><\\/tr><tr><td>L\\u00f8rdag - S\\u00f8ndag<\\/td><td>11:00 - 23:00<\\/td><\\/tr><\\/tbody><\\/table>\\r\\n<p>M\\u00f8ter og lukkede selskap etter avtale<\\/p>\",\"knapp\":\"<p><a href=\\\"tel:2045052666\\\">TLF: 450 52 666<\\/a><\\/p>\"}},\"40\":{\"type\":\"5\",\"fields\":{\"tittel\":\"Booking\",\"ikon\":[\"16\"],\"rikTekst\":\"<p>Reserver bord eller book <strong>egne dedikerte&nbsp;selskapslokaler<\\/strong> med eget vertskap og&nbsp;underholdning<\\/p>\",\"knapp\":\"<p><a href=\\\"mailto:kommandanten@festningenservering.no\\\">Send epost<\\/a><\\/p>\"}}},\"46\":{\"37\":{\"modified\":\"0\",\"type\":\"designblokk\",\"enabled\":\"1\",\"collapsed\":\"0\",\"level\":\"0\",\"fields\":{\"mellomrom\":\"begge\",\"tekstChkbox\":\"1\",\"rikTekst\":\"<h2>Restauranten<\\/h2>\\r\\n<p>Lorem ipsum dolor sit amet<\\/p>\\r\\n<p><a href=\\\"http:\\/\\/festningen.local\\/restaurant#entry:3:url\\\"><strong>Les mer<\\/strong><\\/a><\\/p>\",\"bildeChkbox\":\"1\",\"bilde\":[\"7\"],\"bildeposisjon\":\"right\",\"bildetekstChkbox\":\"\",\"bildetekst\":\"\",\"tekstposisjon\":\"left\"}},\"34\":{\"modified\":\"0\",\"type\":\"vareMenyer\",\"enabled\":\"1\",\"collapsed\":\"0\",\"level\":\"0\",\"fields\":{\"vareMenyer\":{\"41\":{\"type\":\"2\",\"fields\":{\"ikon\":\"\",\"tekst\":\"<h3>Ukens 3-retter<\\/h3>\\r\\n<p>Lorem ipsum dolor sit amet, consectetur adipiscing elit, sed do eiusmod tempor incididunt ut l abore et dolore magna aliqua. Ut enim ad minim veniam, quis nostrud exercitation ullamco laboris nisi. sed do eiusmod tempor incididunt ut l abore et dolore magna aliqua. Ut enim ad minim veniam, quis nostrud exercitation ullamco laboris nisi. sed do eiusmod tempor incididunt ut l abore et dolore magna aliqua. Ut enim ad minim veniam, quis nostrud exercitation ullamco laboris nisi.sed do eiusmod tempor incididunt ut l abore et dolore magna aliqua. Ut enim ad minim veniam, quis nostrud exercitation ullamco laboris nisi.<\\/p>\\r\\n<p><br><\\/p>\\r\\n<p><strong><a href=\\\"http:\\/\\/festningen.local\\/restaurant#entry:3:url\\\">Les mer<\\/a>&nbsp; &nbsp;<\\/strong><br><\\/p>\"}},\"35\":{\"type\":\"2\",\"fields\":{\"ikon\":[\"29\"],\"tekst\":\"<h3>V\\u00e5re menyer<\\/h3>\\r\\n<table><tbody><tr><td>Lunsj<\\/td><td>11:00 - 16:00<\\/td><\\/tr><tr><td>Klassisk<\\/td><td>16:00 - 23:00<\\/td><\\/tr><tr><td>Ukens 3-retter<\\/td><td>16:00 - 23:00<\\/td><\\/tr><\\/tbody><\\/table>\\r\\n<p><br><\\/p>\\r\\n<p><a href=\\\"http:\\/\\/festningen.local\\/restaurant#entry:3:url\\\"><strong>Les mer<\\/strong><\\/a><\\/p>\"}}}}},\"38\":{\"modified\":\"0\",\"type\":\"designblokk\",\"enabled\":\"1\",\"collapsed\":\"0\",\"level\":\"0\",\"fields\":{\"mellomrom\":\"ingen\",\"tekstChkbox\":\"\",\"rikTekst\":\"<h2>Restauranten<\\/h2>\\r\\n<p><br>Lorem ipsum dolor sit amet<\\/p>\",\"bildeChkbox\":\"1\",\"bilde\":[\"6\"],\"bildeposisjon\":\"full\",\"bildetekstChkbox\":\"\",\"bildetekst\":\"\",\"tekstposisjon\":\"left\"}},\"45\":{\"modified\":\"0\",\"type\":\"designblokk\",\"enabled\":\"1\",\"collapsed\":\"0\",\"level\":\"0\",\"fields\":{\"mellomrom\":\"begge\",\"tekstChkbox\":\"1\",\"rikTekst\":\"<h2>Selskap<\\/h2>\\r\\n<p>Lorem ipsum dolor sit amet, bryllup adipiscing elit, sed do eiusmod d\\u00e5p og minnestund incididunt ut labore et dolore magna aliqua. Juleord og juleselskap enim ad minim veniam, quis nostrud exercitation ullamco laboris nisi.<\\/p>\\r\\n<p><br><\\/p>\\r\\n<p><a href=\\\"http:\\/\\/festningen.local\\/selskap#entry:4:url\\\">Les mer<\\/a><\\/p>\",\"bildeChkbox\":\"1\",\"bilde\":[\"6\"],\"bildeposisjon\":\"right\",\"bildetekstChkbox\":\"\",\"bildetekst\":\"\",\"tekstposisjon\":\"left\"}},\"46\":{\"modified\":\"0\",\"type\":\"designblokk\",\"enabled\":\"1\",\"collapsed\":\"0\",\"level\":\"0\",\"fields\":{\"mellomrom\":\"begge\",\"tekstChkbox\":\"1\",\"rikTekst\":\"<h2>Historiske omgivelser<\\/h2>\\r\\n<p>Lorem ipsum dolor sit amet, bryllup adipiscing elit, sed do eiusmod d\\u00e5p og minnestund incididunt ut labore et dolore magna aliqua. Juleord og juleselskap enim ad minim veniam, quis nostrud exercitation ullamco laboris nisi.<\\/p>\\r\\n<p><a href=\\\"http:\\/\\/festningen.local\\/selskap#entry:4:url\\\">Les mer<\\/a><\\/p>\",\"bildeChkbox\":\"1\",\"bilde\":[\"6\"],\"bildeposisjon\":\"left\",\"bildetekstChkbox\":\"\",\"bildetekst\":\"\",\"tekstposisjon\":\"left\"}},\"new0\":{\"modified\":\"1\",\"type\":\"designblokk\",\"enabled\":\"1\",\"collapsed\":\"0\",\"level\":\"0\",\"fields\":{\"mellomrom\":\"begge\",\"tekstChkbox\":\"1\",\"rikTekst\":\"<p>Tekst som skal ligge over hele greia<\\/p>\",\"bildeChkbox\":\"1\",\"bilde\":[\"6\"],\"bildeposisjon\":\"full\",\"bildetekstChkbox\":\"1\",\"bildetekst\":\"<p>Dette er da bildeteksten som skal ligge opp\\u00e5 det store bildet under tekstblokka<\\/p>\",\"tekstposisjon\":\"drop-right\"}}},\"23\":\"<p>P\\u00e5 historiske Kristiansten festning i Trondheim ligger <strong>Restaurant Kommandanten<\\/strong> i den gamle kommandant-boligen.<\\/p>\",\"25\":\"Festningen servering og kulturarena\",\"22\":[\"8\"]}}','2017-02-14 16:37:39','2017-02-14 16:37:39','8b6aff53-6c36-44de-88f9-23160d587f3c'),(56,2,1,1,'nb_no',53,'','{\"typeId\":null,\"authorId\":null,\"title\":\"Forside\",\"slug\":\"forside\",\"postDate\":1486740585,\"expiryDate\":null,\"enabled\":1,\"parentId\":null,\"fields\":{\"26\":{\"39\":{\"type\":\"5\",\"fields\":{\"tittel\":\"\\u00c5pningstider\",\"ikon\":[\"15\"],\"rikTekst\":\"<table><tbody><tr><td>Tirsdag - Fredag<\\/td><td>11:00 - 23:00<\\/td><\\/tr><tr><td>L\\u00f8rdag - S\\u00f8ndag<\\/td><td>11:00 - 23:00<\\/td><\\/tr><\\/tbody><\\/table>\\r\\n<p>M\\u00f8ter og lukkede selskap etter avtale<\\/p>\",\"knapp\":\"<p><a href=\\\"tel:2045052666\\\">TLF: 450 52 666<\\/a><\\/p>\"}},\"40\":{\"type\":\"5\",\"fields\":{\"tittel\":\"Booking\",\"ikon\":[\"16\"],\"rikTekst\":\"<p>Reserver bord eller book <strong>egne dedikerte&nbsp;selskapslokaler<\\/strong> med eget vertskap og&nbsp;underholdning<\\/p>\",\"knapp\":\"<p><a href=\\\"mailto:kommandanten@festningenservering.no\\\">Send epost<\\/a><\\/p>\"}}},\"46\":{\"37\":{\"modified\":\"0\",\"type\":\"designblokk\",\"enabled\":\"1\",\"collapsed\":\"0\",\"level\":\"0\",\"fields\":{\"mellomrom\":\"begge\",\"tekstChkbox\":\"1\",\"rikTekst\":\"<h2>Restauranten<\\/h2>\\r\\n<p>Lorem ipsum dolor sit amet<\\/p>\\r\\n<p><a href=\\\"http:\\/\\/festningen.local\\/restaurant#entry:3:url\\\"><strong>Les mer<\\/strong><\\/a><\\/p>\",\"bildeChkbox\":\"1\",\"bilde\":[\"7\"],\"bildeposisjon\":\"right\",\"bildetekstChkbox\":\"\",\"bildetekst\":\"\",\"tekstposisjon\":\"left\"}},\"34\":{\"modified\":\"0\",\"type\":\"vareMenyer\",\"enabled\":\"1\",\"collapsed\":\"0\",\"level\":\"0\",\"fields\":{\"vareMenyer\":{\"41\":{\"type\":\"2\",\"fields\":{\"ikon\":\"\",\"tekst\":\"<h3>Ukens 3-retter<\\/h3>\\r\\n<p>Lorem ipsum dolor sit amet, consectetur adipiscing elit, sed do eiusmod tempor incididunt ut l abore et dolore magna aliqua. Ut enim ad minim veniam, quis nostrud exercitation ullamco laboris nisi. sed do eiusmod tempor incididunt ut l abore et dolore magna aliqua. Ut enim ad minim veniam, quis nostrud exercitation ullamco laboris nisi. sed do eiusmod tempor incididunt ut l abore et dolore magna aliqua. Ut enim ad minim veniam, quis nostrud exercitation ullamco laboris nisi.sed do eiusmod tempor incididunt ut l abore et dolore magna aliqua. Ut enim ad minim veniam, quis nostrud exercitation ullamco laboris nisi.<\\/p>\\r\\n<p><br><\\/p>\\r\\n<p><strong><a href=\\\"http:\\/\\/festningen.local\\/restaurant#entry:3:url\\\">Les mer<\\/a>&nbsp; &nbsp;<\\/strong><br><\\/p>\"}},\"35\":{\"type\":\"2\",\"fields\":{\"ikon\":[\"29\"],\"tekst\":\"<h3>V\\u00e5re menyer<\\/h3>\\r\\n<table><tbody><tr><td>Lunsj<\\/td><td>11:00 - 16:00<\\/td><\\/tr><tr><td>Klassisk<\\/td><td>16:00 - 23:00<\\/td><\\/tr><tr><td>Ukens 3-retter<\\/td><td>16:00 - 23:00<\\/td><\\/tr><\\/tbody><\\/table>\\r\\n<p><br><\\/p>\\r\\n<p><a href=\\\"http:\\/\\/festningen.local\\/restaurant#entry:3:url\\\"><strong>Les mer<\\/strong><\\/a><\\/p>\"}}}}},\"38\":{\"modified\":\"0\",\"type\":\"designblokk\",\"enabled\":\"1\",\"collapsed\":\"0\",\"level\":\"0\",\"fields\":{\"mellomrom\":\"ingen\",\"tekstChkbox\":\"\",\"rikTekst\":\"<h2>Restauranten<\\/h2>\\r\\n<p><br>Lorem ipsum dolor sit amet<\\/p>\",\"bildeChkbox\":\"1\",\"bilde\":[\"6\"],\"bildeposisjon\":\"full\",\"bildetekstChkbox\":\"\",\"bildetekst\":\"\",\"tekstposisjon\":\"left\"}},\"45\":{\"modified\":\"0\",\"type\":\"designblokk\",\"enabled\":\"1\",\"collapsed\":\"0\",\"level\":\"0\",\"fields\":{\"mellomrom\":\"begge\",\"tekstChkbox\":\"1\",\"rikTekst\":\"<h2>Selskap<\\/h2>\\r\\n<p>Lorem ipsum dolor sit amet, bryllup adipiscing elit, sed do eiusmod d\\u00e5p og minnestund incididunt ut labore et dolore magna aliqua. Juleord og juleselskap enim ad minim veniam, quis nostrud exercitation ullamco laboris nisi.<\\/p>\\r\\n<p><br><\\/p>\\r\\n<p><a href=\\\"http:\\/\\/festningen.local\\/selskap#entry:4:url\\\">Les mer<\\/a><\\/p>\",\"bildeChkbox\":\"1\",\"bilde\":[\"6\"],\"bildeposisjon\":\"right\",\"bildetekstChkbox\":\"\",\"bildetekst\":\"\",\"tekstposisjon\":\"left\"}},\"46\":{\"modified\":\"0\",\"type\":\"designblokk\",\"enabled\":\"1\",\"collapsed\":\"0\",\"level\":\"0\",\"fields\":{\"mellomrom\":\"begge\",\"tekstChkbox\":\"1\",\"rikTekst\":\"<h2>Historiske omgivelser<\\/h2>\\r\\n<p>Lorem ipsum dolor sit amet, bryllup adipiscing elit, sed do eiusmod d\\u00e5p og minnestund incididunt ut labore et dolore magna aliqua. Juleord og juleselskap enim ad minim veniam, quis nostrud exercitation ullamco laboris nisi.<\\/p>\\r\\n<p><a href=\\\"http:\\/\\/festningen.local\\/selskap#entry:4:url\\\">Les mer<\\/a><\\/p>\",\"bildeChkbox\":\"1\",\"bilde\":[\"6\"],\"bildeposisjon\":\"left\",\"bildetekstChkbox\":\"\",\"bildetekst\":\"\",\"tekstposisjon\":\"left\"}},\"47\":{\"modified\":\"1\",\"type\":\"designblokk\",\"enabled\":\"1\",\"collapsed\":\"0\",\"level\":\"0\",\"fields\":{\"mellomrom\":\"begge\",\"tekstChkbox\":\"1\",\"rikTekst\":\"<p>Tekst som skal ligge over hele greia<\\/p>\",\"bildeChkbox\":\"1\",\"bilde\":[\"6\"],\"bildeposisjon\":\"full\",\"bildetekstChkbox\":\"1\",\"bildetekst\":\"<p>ullamco laboris nisi. sed do eiusmod tempor incididunt ut l abore et dolore magnostrud exercitation ullamco laboris nisi.sed do.&nbsp;<\\/p><p><strong>Eiusmod tempor incididunt ut l abore et dolore magna aliqua.<\\/strong><\\/p><p> Ut enim ad minim veniam, quis nostrud exercitation ullamco laboris nisi.sed do.&nbsp;<\\/p>\",\"tekstposisjon\":\"drop-right\"}}},\"23\":\"<p>P\\u00e5 historiske Kristiansten festning i Trondheim ligger <strong>Restaurant Kommandanten<\\/strong> i den gamle kommandant-boligen.<\\/p>\",\"25\":\"Festningen servering og kulturarena\",\"22\":[\"8\"]}}','2017-02-14 16:43:22','2017-02-14 16:43:22','784ca340-4f3b-418c-bb86-9c0964fe906e'),(57,2,1,1,'nb_no',54,'','{\"typeId\":null,\"authorId\":null,\"title\":\"Forside\",\"slug\":\"forside\",\"postDate\":1486740585,\"expiryDate\":null,\"enabled\":1,\"parentId\":null,\"fields\":{\"26\":{\"39\":{\"type\":\"5\",\"fields\":{\"tittel\":\"\\u00c5pningstider\",\"ikon\":[\"15\"],\"rikTekst\":\"<table><tbody><tr><td>Tirsdag - Fredag<\\/td><td>11:00 - 23:00<\\/td><\\/tr><tr><td>L\\u00f8rdag - S\\u00f8ndag<\\/td><td>11:00 - 23:00<\\/td><\\/tr><\\/tbody><\\/table>\\r\\n<p>M\\u00f8ter og lukkede selskap etter avtale<\\/p>\",\"knapp\":\"<p><a href=\\\"tel:2045052666\\\">TLF: 450 52 666<\\/a><\\/p>\"}},\"40\":{\"type\":\"5\",\"fields\":{\"tittel\":\"Booking\",\"ikon\":[\"16\"],\"rikTekst\":\"<p>Reserver bord eller book <strong>egne dedikerte&nbsp;selskapslokaler<\\/strong> med eget vertskap og&nbsp;underholdning<\\/p>\",\"knapp\":\"<p><a href=\\\"mailto:kommandanten@festningenservering.no\\\">Send epost<\\/a><\\/p>\"}}},\"46\":{\"37\":{\"modified\":\"0\",\"type\":\"designblokk\",\"enabled\":\"1\",\"collapsed\":\"0\",\"level\":\"0\",\"fields\":{\"mellomrom\":\"begge\",\"tekstChkbox\":\"1\",\"rikTekst\":\"<h2>Restauranten<\\/h2>\\r\\n<p>Lorem ipsum dolor sit amet<\\/p>\\r\\n<p><a href=\\\"http:\\/\\/festningen.local\\/restaurant#entry:3:url\\\"><strong>Les mer<\\/strong><\\/a><\\/p>\",\"bildeChkbox\":\"1\",\"bilde\":[\"7\"],\"bildeposisjon\":\"right\",\"bildetekstChkbox\":\"\",\"bildetekst\":\"\",\"bildetekstposisjon\":\"left\"}},\"34\":{\"modified\":\"0\",\"type\":\"vareMenyer\",\"enabled\":\"1\",\"collapsed\":\"0\",\"level\":\"0\",\"fields\":{\"vareMenyer\":{\"41\":{\"type\":\"2\",\"fields\":{\"ikon\":\"\",\"tekst\":\"<h3>Ukens 3-retter<\\/h3>\\r\\n<p>Lorem ipsum dolor sit amet, consectetur adipiscing elit, sed do eiusmod tempor incididunt ut l abore et dolore magna aliqua. Ut enim ad minim veniam, quis nostrud exercitation ullamco laboris nisi. sed do eiusmod tempor incididunt ut l abore et dolore magna aliqua. Ut enim ad minim veniam, quis nostrud exercitation ullamco laboris nisi. sed do eiusmod tempor incididunt ut l abore et dolore magna aliqua. Ut enim ad minim veniam, quis nostrud exercitation ullamco laboris nisi.sed do eiusmod tempor incididunt ut l abore et dolore magna aliqua. Ut enim ad minim veniam, quis nostrud exercitation ullamco laboris nisi.<\\/p>\\r\\n<p><br><\\/p>\\r\\n<p><strong><a href=\\\"http:\\/\\/festningen.local\\/restaurant#entry:3:url\\\">Les mer<\\/a>&nbsp; &nbsp;<\\/strong><br><\\/p>\"}},\"35\":{\"type\":\"2\",\"fields\":{\"ikon\":[\"29\"],\"tekst\":\"<h3>V\\u00e5re menyer<\\/h3>\\r\\n<table><tbody><tr><td>Lunsj<\\/td><td>11:00 - 16:00<\\/td><\\/tr><tr><td>Klassisk<\\/td><td>16:00 - 23:00<\\/td><\\/tr><tr><td>Ukens 3-retter<\\/td><td>16:00 - 23:00<\\/td><\\/tr><\\/tbody><\\/table>\\r\\n<p><br><\\/p>\\r\\n<p><a href=\\\"http:\\/\\/festningen.local\\/restaurant#entry:3:url\\\"><strong>Les mer<\\/strong><\\/a><\\/p>\"}}}}},\"38\":{\"modified\":\"0\",\"type\":\"designblokk\",\"enabled\":\"1\",\"collapsed\":\"0\",\"level\":\"0\",\"fields\":{\"mellomrom\":\"ingen\",\"tekstChkbox\":\"\",\"rikTekst\":\"<h2>Restauranten<\\/h2>\\r\\n<p><br>Lorem ipsum dolor sit amet<\\/p>\",\"bildeChkbox\":\"1\",\"bilde\":[\"6\"],\"bildeposisjon\":\"full\",\"bildetekstChkbox\":\"\",\"bildetekst\":\"\",\"bildetekstposisjon\":\"left\"}},\"45\":{\"modified\":\"0\",\"type\":\"designblokk\",\"enabled\":\"1\",\"collapsed\":\"0\",\"level\":\"0\",\"fields\":{\"mellomrom\":\"begge\",\"tekstChkbox\":\"1\",\"rikTekst\":\"<h2>Selskap<\\/h2>\\r\\n<p>Lorem ipsum dolor sit amet, bryllup adipiscing elit, sed do eiusmod d\\u00e5p og minnestund incididunt ut labore et dolore magna aliqua. Juleord og juleselskap enim ad minim veniam, quis nostrud exercitation ullamco laboris nisi.<\\/p>\\r\\n<p><br><\\/p>\\r\\n<p><a href=\\\"http:\\/\\/festningen.local\\/selskap#entry:4:url\\\">Les mer<\\/a><\\/p>\",\"bildeChkbox\":\"1\",\"bilde\":[\"6\"],\"bildeposisjon\":\"right\",\"bildetekstChkbox\":\"\",\"bildetekst\":\"\",\"bildetekstposisjon\":\"left\"}},\"46\":{\"modified\":\"0\",\"type\":\"designblokk\",\"enabled\":\"1\",\"collapsed\":\"0\",\"level\":\"0\",\"fields\":{\"mellomrom\":\"begge\",\"tekstChkbox\":\"1\",\"rikTekst\":\"<h2>Historiske omgivelser<\\/h2>\\r\\n<p>Lorem ipsum dolor sit amet, bryllup adipiscing elit, sed do eiusmod d\\u00e5p og minnestund incididunt ut labore et dolore magna aliqua. Juleord og juleselskap enim ad minim veniam, quis nostrud exercitation ullamco laboris nisi.<\\/p>\\r\\n<p><a href=\\\"http:\\/\\/festningen.local\\/selskap#entry:4:url\\\">Les mer<\\/a><\\/p>\",\"bildeChkbox\":\"1\",\"bilde\":[\"6\"],\"bildeposisjon\":\"left\",\"bildetekstChkbox\":\"\",\"bildetekst\":\"\",\"bildetekstposisjon\":\"left\"}},\"47\":{\"modified\":\"0\",\"type\":\"designblokk\",\"enabled\":\"1\",\"collapsed\":\"0\",\"level\":\"0\",\"fields\":{\"mellomrom\":\"begge\",\"tekstChkbox\":\"1\",\"rikTekst\":\"<p>Tekst som skal ligge over hele greia<\\/p>\",\"bildeChkbox\":\"1\",\"bilde\":[\"6\"],\"bildeposisjon\":\"full\",\"bildetekstChkbox\":\"1\",\"bildetekst\":\"<p>ullamco laboris nisi. sed do eiusmod tempor incididunt ut l abore et dolore magnostrud exercitation ullamco laboris nisi.sed do.&nbsp;<\\/p>\\r\\n<p><strong>Eiusmod tempor incididunt ut l abore et dolore magna aliqua.<\\/strong><\\/p>\\r\\n<p> Ut enim ad minim veniam, quis nostrud exercitation ullamco laboris nisi.sed do.&nbsp;<\\/p>\",\"bildetekstposisjon\":\"drop-right\"}},\"new0\":{\"modified\":\"1\",\"type\":\"designblokk\",\"enabled\":\"1\",\"collapsed\":\"0\",\"level\":\"0\",\"fields\":{\"mellomrom\":\"begge\",\"tekstChkbox\":\"\",\"rikTekst\":\"\",\"bildeChkbox\":\"1\",\"bilde\":[\"6\"],\"bildeposisjon\":\"full\",\"bildetekstChkbox\":\"1\",\"bildetekst\":\"<p>ullamco laboris nisi. sed do eiusmod tempor incididunt ut l abore et dolore magnostrud exercitation ullamco laboris nisi.sed do.&nbsp;<\\/p><p><br><\\/p>\\r\\n<p><b>Eiusmod tempor incididunt ut l abore et dolore magna aliqua.<\\/b><\\/p>\\r\\n<p>Ut enim ad minim veniam, quis nostrud exercitation ullamco laboris nisi.sed do.&nbsp;<\\/p>\",\"bildetekstposisjon\":\"left\"}},\"new1\":{\"modified\":\"1\",\"type\":\"designblokk\",\"enabled\":\"1\",\"collapsed\":\"0\",\"level\":\"0\",\"fields\":{\"mellomrom\":\"over\",\"tekstChkbox\":\"\",\"rikTekst\":\"\",\"bildeChkbox\":\"1\",\"bilde\":[\"7\"],\"bildeposisjon\":\"full\",\"bildetekstChkbox\":\"\",\"bildetekst\":\"\",\"bildetekstposisjon\":\"left\"}}},\"23\":\"<p>P\\u00e5 historiske Kristiansten festning i Trondheim ligger <strong>Restaurant Kommandanten<\\/strong> i den gamle kommandant-boligen.<\\/p>\",\"25\":\"Festningen servering og kulturarena\",\"22\":[\"8\"]}}','2017-02-14 16:53:07','2017-02-14 16:53:07','ff0373e2-4af5-48b7-862a-cb2092ccfd0b'),(58,2,1,1,'nb_no',55,'','{\"typeId\":null,\"authorId\":null,\"title\":\"Forside\",\"slug\":\"forside\",\"postDate\":1486740585,\"expiryDate\":null,\"enabled\":1,\"parentId\":null,\"fields\":{\"26\":{\"39\":{\"type\":\"5\",\"fields\":{\"tittel\":\"\\u00c5pningstider\",\"ikon\":[\"15\"],\"rikTekst\":\"<table><tbody><tr><td>Tirsdag - Fredag<\\/td><td>11:00 - 23:00<\\/td><\\/tr><tr><td>L\\u00f8rdag - S\\u00f8ndag<\\/td><td>11:00 - 23:00<\\/td><\\/tr><\\/tbody><\\/table>\\r\\n<p>M\\u00f8ter og lukkede selskap etter avtale<\\/p>\",\"knapp\":\"<p><a href=\\\"tel:2045052666\\\">TLF: 450 52 666<\\/a><\\/p>\"}},\"40\":{\"type\":\"5\",\"fields\":{\"tittel\":\"Booking\",\"ikon\":[\"16\"],\"rikTekst\":\"<p>Reserver bord eller book <strong>egne dedikerte&nbsp;selskapslokaler<\\/strong> med eget vertskap og&nbsp;underholdning<\\/p>\",\"knapp\":\"<p><a href=\\\"mailto:kommandanten@festningenservering.no\\\">Send epost<\\/a><\\/p>\"}}},\"46\":{\"37\":{\"modified\":\"0\",\"type\":\"designblokk\",\"enabled\":\"1\",\"collapsed\":\"0\",\"level\":\"0\",\"fields\":{\"mellomrom\":\"begge\",\"tekstChkbox\":\"1\",\"rikTekst\":\"<h2>Restauranten<\\/h2>\\r\\n<p>Lorem ipsum dolor sit amet<\\/p>\\r\\n<p><a href=\\\"http:\\/\\/festningen.local\\/restaurant#entry:3:url\\\"><strong>Les mer<\\/strong><\\/a><\\/p>\",\"bildeChkbox\":\"1\",\"bilde\":[\"7\"],\"bildeposisjon\":\"right\",\"bildetekstChkbox\":\"\",\"bildetekst\":\"\",\"bildetekstposisjon\":\"left\"}},\"34\":{\"modified\":\"0\",\"type\":\"vareMenyer\",\"enabled\":\"1\",\"collapsed\":\"0\",\"level\":\"0\",\"fields\":{\"vareMenyer\":{\"41\":{\"type\":\"2\",\"fields\":{\"ikon\":\"\",\"tekst\":\"<h3>Ukens 3-retter<\\/h3>\\r\\n<p>Lorem ipsum dolor sit amet, consectetur adipiscing elit, sed do eiusmod tempor incididunt ut l abore et dolore magna aliqua. Ut enim ad minim veniam, quis nostrud exercitation ullamco laboris nisi. sed do eiusmod tempor incididunt ut l abore et dolore magna aliqua. Ut enim ad minim veniam, quis nostrud exercitation ullamco laboris nisi. sed do eiusmod tempor incididunt ut l abore et dolore magna aliqua. Ut enim ad minim veniam, quis nostrud exercitation ullamco laboris nisi.sed do eiusmod tempor incididunt ut l abore et dolore magna aliqua. Ut enim ad minim veniam, quis nostrud exercitation ullamco laboris nisi.<\\/p>\\r\\n<p><br><\\/p>\\r\\n<p><strong><a href=\\\"http:\\/\\/festningen.local\\/restaurant#entry:3:url\\\">Les mer<\\/a>&nbsp; &nbsp;<\\/strong><br><\\/p>\"}},\"35\":{\"type\":\"2\",\"fields\":{\"ikon\":[\"29\"],\"tekst\":\"<h3>V\\u00e5re menyer<\\/h3>\\r\\n<table><tbody><tr><td>Lunsj<\\/td><td>11:00 - 16:00<\\/td><\\/tr><tr><td>Klassisk<\\/td><td>16:00 - 23:00<\\/td><\\/tr><tr><td>Ukens 3-retter<\\/td><td>16:00 - 23:00<\\/td><\\/tr><\\/tbody><\\/table>\\r\\n<p><br><\\/p>\\r\\n<p><a href=\\\"http:\\/\\/festningen.local\\/restaurant#entry:3:url\\\"><strong>Les mer<\\/strong><\\/a><\\/p>\"}}}}},\"38\":{\"modified\":\"0\",\"type\":\"designblokk\",\"enabled\":\"1\",\"collapsed\":\"0\",\"level\":\"0\",\"fields\":{\"mellomrom\":\"ingen\",\"tekstChkbox\":\"\",\"rikTekst\":\"<h2>Restauranten<\\/h2>\\r\\n<p><br>Lorem ipsum dolor sit amet<\\/p>\",\"bildeChkbox\":\"1\",\"bilde\":[\"6\"],\"bildeposisjon\":\"full\",\"bildetekstChkbox\":\"\",\"bildetekst\":\"\",\"bildetekstposisjon\":\"left\"}},\"45\":{\"modified\":\"0\",\"type\":\"designblokk\",\"enabled\":\"1\",\"collapsed\":\"0\",\"level\":\"0\",\"fields\":{\"mellomrom\":\"begge\",\"tekstChkbox\":\"1\",\"rikTekst\":\"<h2>Selskap<\\/h2>\\r\\n<p>Lorem ipsum dolor sit amet, bryllup adipiscing elit, sed do eiusmod d\\u00e5p og minnestund incididunt ut labore et dolore magna aliqua. Juleord og juleselskap enim ad minim veniam, quis nostrud exercitation ullamco laboris nisi.<\\/p>\\r\\n<p><br><\\/p>\\r\\n<p><a href=\\\"http:\\/\\/festningen.local\\/selskap#entry:4:url\\\">Les mer<\\/a><\\/p>\",\"bildeChkbox\":\"1\",\"bilde\":[\"6\"],\"bildeposisjon\":\"right\",\"bildetekstChkbox\":\"\",\"bildetekst\":\"\",\"bildetekstposisjon\":\"left\"}},\"46\":{\"modified\":\"0\",\"type\":\"designblokk\",\"enabled\":\"1\",\"collapsed\":\"0\",\"level\":\"0\",\"fields\":{\"mellomrom\":\"begge\",\"tekstChkbox\":\"1\",\"rikTekst\":\"<h2>Historiske omgivelser<\\/h2>\\r\\n<p>Lorem ipsum dolor sit amet, bryllup adipiscing elit, sed do eiusmod d\\u00e5p og minnestund incididunt ut labore et dolore magna aliqua. Juleord og juleselskap enim ad minim veniam, quis nostrud exercitation ullamco laboris nisi.<\\/p>\\r\\n<p><a href=\\\"http:\\/\\/festningen.local\\/selskap#entry:4:url\\\">Les mer<\\/a><\\/p>\",\"bildeChkbox\":\"1\",\"bilde\":[\"6\"],\"bildeposisjon\":\"left\",\"bildetekstChkbox\":\"\",\"bildetekst\":\"\",\"bildetekstposisjon\":\"left\"}},\"47\":{\"modified\":\"0\",\"type\":\"designblokk\",\"enabled\":\"1\",\"collapsed\":\"0\",\"level\":\"0\",\"fields\":{\"mellomrom\":\"begge\",\"tekstChkbox\":\"1\",\"rikTekst\":\"<p>Tekst som skal ligge over hele greia<\\/p>\",\"bildeChkbox\":\"1\",\"bilde\":[\"6\"],\"bildeposisjon\":\"full\",\"bildetekstChkbox\":\"1\",\"bildetekst\":\"<p>ullamco laboris nisi. sed do eiusmod tempor incididunt ut l abore et dolore magnostrud exercitation ullamco laboris nisi.sed do.&nbsp;<\\/p>\\r\\n<p><strong>Eiusmod tempor incididunt ut l abore et dolore magna aliqua.<\\/strong><\\/p>\\r\\n<p> Ut enim ad minim veniam, quis nostrud exercitation ullamco laboris nisi.sed do.&nbsp;<\\/p>\",\"bildetekstposisjon\":\"drop-right\"}},\"48\":{\"modified\":\"1\",\"type\":\"designblokk\",\"enabled\":\"1\",\"collapsed\":\"0\",\"level\":\"0\",\"fields\":{\"mellomrom\":\"begge\",\"tekstChkbox\":\"1\",\"rikTekst\":\"<p>Skal v\\u00e6re bildetekst<\\/p>\",\"bildeChkbox\":\"1\",\"bilde\":[\"6\"],\"bildeposisjon\":\"full\",\"bildetekstChkbox\":\"1\",\"bildetekst\":\"<p>ullamco laboris nisi. sed do eiusmod tempor incididunt ut l abore et dolore magnostrud exercitation ullamco laboris nisi.sed do.&nbsp;<\\/p>\\r\\n<p><br><\\/p>\\r\\n<p><strong>Eiusmod tempor incididunt ut l abore et dolore magna aliqua.<\\/strong><\\/p>\\r\\n<p>Ut enim ad minim veniam, quis nostrud exercitation ullamco laboris nisi.sed do.&nbsp;<\\/p>\",\"bildetekstposisjon\":\"left\"}},\"49\":{\"modified\":\"1\",\"type\":\"designblokk\",\"enabled\":\"1\",\"collapsed\":\"0\",\"level\":\"0\",\"fields\":{\"mellomrom\":\"under\",\"tekstChkbox\":\"\",\"rikTekst\":\"\",\"bildeChkbox\":\"1\",\"bilde\":[\"7\"],\"bildeposisjon\":\"full\",\"bildetekstChkbox\":\"\",\"bildetekst\":\"\",\"bildetekstposisjon\":\"left\"}}},\"23\":\"<p>P\\u00e5 historiske Kristiansten festning i Trondheim ligger <strong>Restaurant Kommandanten<\\/strong> i den gamle kommandant-boligen.<\\/p>\",\"25\":\"Festningen servering og kulturarena\",\"22\":[\"8\"]}}','2017-02-14 16:55:04','2017-02-14 16:55:04','9793e17b-1f58-4cbe-a8a3-a03b7dc69c0f'),(59,2,1,1,'nb_no',56,'','{\"typeId\":null,\"authorId\":null,\"title\":\"Forside\",\"slug\":\"forside\",\"postDate\":1486740585,\"expiryDate\":null,\"enabled\":1,\"parentId\":null,\"fields\":{\"26\":{\"39\":{\"type\":\"5\",\"fields\":{\"tittel\":\"\\u00c5pningstider\",\"ikon\":[\"15\"],\"rikTekst\":\"<table><tbody><tr><td>Tirsdag - Fredag<\\/td><td>11:00 - 23:00<\\/td><\\/tr><tr><td>L\\u00f8rdag - S\\u00f8ndag<\\/td><td>11:00 - 23:00<\\/td><\\/tr><\\/tbody><\\/table>\\r\\n<p>M\\u00f8ter og lukkede selskap etter avtale<\\/p>\",\"knapp\":\"<p><a href=\\\"tel:2045052666\\\">TLF: 450 52 666<\\/a><\\/p>\"}},\"40\":{\"type\":\"5\",\"fields\":{\"tittel\":\"Booking\",\"ikon\":[\"16\"],\"rikTekst\":\"<p>Reserver bord eller book <strong>egne dedikerte&nbsp;selskapslokaler<\\/strong> med eget vertskap og&nbsp;underholdning<\\/p>\",\"knapp\":\"<p><a href=\\\"mailto:kommandanten@festningenservering.no\\\">Send epost<\\/a><\\/p>\"}}},\"46\":{\"37\":{\"modified\":\"0\",\"type\":\"designblokk\",\"enabled\":\"1\",\"collapsed\":\"0\",\"level\":\"0\",\"fields\":{\"mellomrom\":\"begge\",\"tekstChkbox\":\"1\",\"rikTekst\":\"<h2>Restauranten<\\/h2>\\r\\n<p>Lorem ipsum dolor sit amet<\\/p>\\r\\n<p><a href=\\\"http:\\/\\/festningen.local\\/restaurant#entry:3:url\\\"><strong>Les mer<\\/strong><\\/a><\\/p>\",\"bildeChkbox\":\"1\",\"bilde\":[\"7\"],\"bildeposisjon\":\"right\",\"bildetekstChkbox\":\"\",\"bildetekst\":\"\",\"bildetekstposisjon\":\"left\"}},\"34\":{\"modified\":\"0\",\"type\":\"vareMenyer\",\"enabled\":\"1\",\"collapsed\":\"0\",\"level\":\"0\",\"fields\":{\"vareMenyer\":{\"41\":{\"type\":\"2\",\"fields\":{\"ikon\":\"\",\"tekst\":\"<h3>Ukens 3-retter<\\/h3>\\r\\n<p>Lorem ipsum dolor sit amet, consectetur adipiscing elit, sed do eiusmod tempor incididunt ut l abore et dolore magna aliqua. Ut enim ad minim veniam, quis nostrud exercitation ullamco laboris nisi. sed do eiusmod tempor incididunt ut l abore et dolore magna aliqua. Ut enim ad minim veniam, quis nostrud exercitation ullamco laboris nisi. sed do eiusmod tempor incididunt ut l abore et dolore magna aliqua. Ut enim ad minim veniam, quis nostrud exercitation ullamco laboris nisi.sed do eiusmod tempor incididunt ut l abore et dolore magna aliqua. Ut enim ad minim veniam, quis nostrud exercitation ullamco laboris nisi.<\\/p>\\r\\n<p><br><\\/p>\\r\\n<p><strong><a href=\\\"http:\\/\\/festningen.local\\/restaurant#entry:3:url\\\">Les mer<\\/a>&nbsp; &nbsp;<\\/strong><br><\\/p>\"}},\"35\":{\"type\":\"2\",\"fields\":{\"ikon\":[\"29\"],\"tekst\":\"<h3>V\\u00e5re menyer<\\/h3>\\r\\n<table><tbody><tr><td>Lunsj<\\/td><td>11:00 - 16:00<\\/td><\\/tr><tr><td>Klassisk<\\/td><td>16:00 - 23:00<\\/td><\\/tr><tr><td>Ukens 3-retter<\\/td><td>16:00 - 23:00<\\/td><\\/tr><\\/tbody><\\/table>\\r\\n<p><br><\\/p>\\r\\n<p><a href=\\\"http:\\/\\/festningen.local\\/restaurant#entry:3:url\\\"><strong>Les mer<\\/strong><\\/a><\\/p>\"}}}}},\"38\":{\"modified\":\"0\",\"type\":\"designblokk\",\"enabled\":\"1\",\"collapsed\":\"0\",\"level\":\"0\",\"fields\":{\"mellomrom\":\"ingen\",\"tekstChkbox\":\"\",\"rikTekst\":\"<h2>Restauranten<\\/h2>\\r\\n<p><br>Lorem ipsum dolor sit amet<\\/p>\",\"bildeChkbox\":\"1\",\"bilde\":[\"6\"],\"bildeposisjon\":\"full\",\"bildetekstChkbox\":\"\",\"bildetekst\":\"\",\"bildetekstposisjon\":\"left\"}},\"45\":{\"modified\":\"0\",\"type\":\"designblokk\",\"enabled\":\"1\",\"collapsed\":\"0\",\"level\":\"0\",\"fields\":{\"mellomrom\":\"begge\",\"tekstChkbox\":\"1\",\"rikTekst\":\"<h2>Selskap<\\/h2>\\r\\n<p>Lorem ipsum dolor sit amet, bryllup adipiscing elit, sed do eiusmod d\\u00e5p og minnestund incididunt ut labore et dolore magna aliqua. Juleord og juleselskap enim ad minim veniam, quis nostrud exercitation ullamco laboris nisi.<\\/p>\\r\\n<p><br><\\/p>\\r\\n<p><a href=\\\"http:\\/\\/festningen.local\\/selskap#entry:4:url\\\">Les mer<\\/a><\\/p>\",\"bildeChkbox\":\"1\",\"bilde\":[\"6\"],\"bildeposisjon\":\"right\",\"bildetekstChkbox\":\"\",\"bildetekst\":\"\",\"bildetekstposisjon\":\"left\"}},\"46\":{\"modified\":\"0\",\"type\":\"designblokk\",\"enabled\":\"1\",\"collapsed\":\"0\",\"level\":\"0\",\"fields\":{\"mellomrom\":\"begge\",\"tekstChkbox\":\"1\",\"rikTekst\":\"<h2>Historiske omgivelser<\\/h2>\\r\\n<p>Lorem ipsum dolor sit amet, bryllup adipiscing elit, sed do eiusmod d\\u00e5p og minnestund incididunt ut labore et dolore magna aliqua. Juleord og juleselskap enim ad minim veniam, quis nostrud exercitation ullamco laboris nisi.<\\/p>\\r\\n<p><a href=\\\"http:\\/\\/festningen.local\\/selskap#entry:4:url\\\">Les mer<\\/a><\\/p>\",\"bildeChkbox\":\"1\",\"bilde\":[\"6\"],\"bildeposisjon\":\"left\",\"bildetekstChkbox\":\"\",\"bildetekst\":\"\",\"bildetekstposisjon\":\"left\"}},\"47\":{\"modified\":\"0\",\"type\":\"designblokk\",\"enabled\":\"1\",\"collapsed\":\"0\",\"level\":\"0\",\"fields\":{\"mellomrom\":\"begge\",\"tekstChkbox\":\"1\",\"rikTekst\":\"<p>Tekst som skal ligge over hele greia<\\/p>\",\"bildeChkbox\":\"1\",\"bilde\":[\"6\"],\"bildeposisjon\":\"full\",\"bildetekstChkbox\":\"1\",\"bildetekst\":\"<p>ullamco laboris nisi. sed do eiusmod tempor incididunt ut l abore et dolore magnostrud exercitation ullamco laboris nisi.sed do.&nbsp;<\\/p>\\r\\n<p><strong>Eiusmod tempor incididunt ut l abore et dolore magna aliqua.<\\/strong><\\/p>\\r\\n<p> Ut enim ad minim veniam, quis nostrud exercitation ullamco laboris nisi.sed do.&nbsp;<\\/p>\",\"bildetekstposisjon\":\"drop-right\"}},\"48\":{\"modified\":\"1\",\"type\":\"designblokk\",\"enabled\":\"1\",\"collapsed\":\"0\",\"level\":\"0\",\"fields\":{\"mellomrom\":\"begge\",\"tekstChkbox\":\"\",\"rikTekst\":\"<p>Skal v\\u00e6re bildetekst<\\/p>\",\"bildeChkbox\":\"1\",\"bilde\":[\"6\"],\"bildeposisjon\":\"full\",\"bildetekstChkbox\":\"1\",\"bildetekst\":\"<p>ullamco laboris nisi. sed do eiusmod tempor incididunt ut l abore et dolore magnostrud exercitation ullamco laboris nisi.sed do.&nbsp;<\\/p>\\r\\n<p><br><\\/p>\\r\\n<p><strong>Eiusmod tempor incididunt ut l abore et dolore magna aliqua.<\\/strong><\\/p>\\r\\n<p>Ut enim ad minim veniam, quis nostrud exercitation ullamco laboris nisi.sed do.&nbsp;<\\/p>\",\"bildetekstposisjon\":\"left\"}},\"49\":{\"modified\":\"0\",\"type\":\"designblokk\",\"enabled\":\"1\",\"collapsed\":\"0\",\"level\":\"0\",\"fields\":{\"mellomrom\":\"under\",\"tekstChkbox\":\"\",\"rikTekst\":\"\",\"bildeChkbox\":\"1\",\"bilde\":[\"7\"],\"bildeposisjon\":\"full\",\"bildetekstChkbox\":\"\",\"bildetekst\":\"\",\"bildetekstposisjon\":\"left\"}}},\"23\":\"<p>P\\u00e5 historiske Kristiansten festning i Trondheim ligger <strong>Restaurant Kommandanten<\\/strong> i den gamle kommandant-boligen.<\\/p>\",\"25\":\"Festningen servering og kulturarena\",\"22\":[\"8\"]}}','2017-02-14 16:55:48','2017-02-14 16:55:48','638b3e54-2c7e-4ac4-a810-3df81d056b7d'),(60,2,1,1,'nb_no',57,'','{\"typeId\":null,\"authorId\":null,\"title\":\"Forside\",\"slug\":\"forside\",\"postDate\":1486740585,\"expiryDate\":null,\"enabled\":1,\"parentId\":null,\"fields\":{\"26\":{\"39\":{\"type\":\"5\",\"fields\":{\"tittel\":\"\\u00c5pningstider\",\"ikon\":[\"15\"],\"rikTekst\":\"<table><tbody><tr><td>Tirsdag - Fredag<\\/td><td>11:00 - 23:00<\\/td><\\/tr><tr><td>L\\u00f8rdag - S\\u00f8ndag<\\/td><td>11:00 - 23:00<\\/td><\\/tr><\\/tbody><\\/table>\\r\\n<p>M\\u00f8ter og lukkede selskap etter avtale<\\/p>\",\"knapp\":\"<p><a href=\\\"tel:2045052666\\\">TLF: 450 52 666<\\/a><\\/p>\"}},\"40\":{\"type\":\"5\",\"fields\":{\"tittel\":\"Booking\",\"ikon\":[\"16\"],\"rikTekst\":\"<p>Reserver bord eller book <strong>egne dedikerte&nbsp;selskapslokaler<\\/strong> med eget vertskap og&nbsp;underholdning<\\/p>\",\"knapp\":\"<p><a href=\\\"mailto:kommandanten@festningenservering.no\\\">Send epost<\\/a><\\/p>\"}}},\"46\":{\"37\":{\"modified\":\"0\",\"type\":\"designblokk\",\"enabled\":\"1\",\"collapsed\":\"0\",\"level\":\"0\",\"fields\":{\"mellomrom\":\"begge\",\"tekstChkbox\":\"1\",\"rikTekst\":\"<h2>Restauranten<\\/h2>\\r\\n<p>Lorem ipsum dolor sit amet<\\/p>\\r\\n<p><a href=\\\"http:\\/\\/festningen.local\\/restaurant#entry:3:url\\\"><strong>Les mer<\\/strong><\\/a><\\/p>\",\"bildeChkbox\":\"1\",\"bilde\":[\"7\"],\"bildeposisjon\":\"right\",\"bildetekstChkbox\":\"\",\"bildetekst\":\"\",\"bildetekstposisjon\":\"left\"}},\"34\":{\"modified\":\"0\",\"type\":\"vareMenyer\",\"enabled\":\"1\",\"collapsed\":\"0\",\"level\":\"0\",\"fields\":{\"vareMenyer\":{\"41\":{\"type\":\"2\",\"fields\":{\"ikon\":\"\",\"tekst\":\"<h3>Ukens 3-retter<\\/h3>\\r\\n<p>Lorem ipsum dolor sit amet, consectetur adipiscing elit, sed do eiusmod tempor incididunt ut l abore et dolore magna aliqua. Ut enim ad minim veniam, quis nostrud exercitation ullamco laboris nisi. sed do eiusmod tempor incididunt ut l abore et dolore magna aliqua. Ut enim ad minim veniam, quis nostrud exercitation ullamco laboris nisi. sed do eiusmod tempor incididunt ut l abore et dolore magna aliqua. Ut enim ad minim veniam, quis nostrud exercitation ullamco laboris nisi.sed do eiusmod tempor incididunt ut l abore et dolore magna aliqua. Ut enim ad minim veniam, quis nostrud exercitation ullamco laboris nisi.<\\/p>\\r\\n<p><br><\\/p>\\r\\n<p><strong><a href=\\\"http:\\/\\/festningen.local\\/restaurant#entry:3:url\\\">Les mer<\\/a>&nbsp; &nbsp;<\\/strong><br><\\/p>\"}},\"35\":{\"type\":\"2\",\"fields\":{\"ikon\":[\"29\"],\"tekst\":\"<h3>V\\u00e5re menyer<\\/h3>\\r\\n<table><tbody><tr><td>Lunsj<\\/td><td>11:00 - 16:00<\\/td><\\/tr><tr><td>Klassisk<\\/td><td>16:00 - 23:00<\\/td><\\/tr><tr><td>Ukens 3-retter<\\/td><td>16:00 - 23:00<\\/td><\\/tr><\\/tbody><\\/table>\\r\\n<p><br><\\/p>\\r\\n<p><a href=\\\"http:\\/\\/festningen.local\\/restaurant#entry:3:url\\\"><strong>Les mer<\\/strong><\\/a><\\/p>\"}}}}},\"38\":{\"modified\":\"0\",\"type\":\"designblokk\",\"enabled\":\"1\",\"collapsed\":\"0\",\"level\":\"0\",\"fields\":{\"mellomrom\":\"ingen\",\"tekstChkbox\":\"\",\"rikTekst\":\"<h2>Restauranten<\\/h2>\\r\\n<p><br>Lorem ipsum dolor sit amet<\\/p>\",\"bildeChkbox\":\"1\",\"bilde\":[\"6\"],\"bildeposisjon\":\"full\",\"bildetekstChkbox\":\"\",\"bildetekst\":\"\",\"bildetekstposisjon\":\"left\"}},\"45\":{\"modified\":\"0\",\"type\":\"designblokk\",\"enabled\":\"1\",\"collapsed\":\"0\",\"level\":\"0\",\"fields\":{\"mellomrom\":\"begge\",\"tekstChkbox\":\"1\",\"rikTekst\":\"<h2>Selskap<\\/h2>\\r\\n<p>Lorem ipsum dolor sit amet, bryllup adipiscing elit, sed do eiusmod d\\u00e5p og minnestund incididunt ut labore et dolore magna aliqua. Juleord og juleselskap enim ad minim veniam, quis nostrud exercitation ullamco laboris nisi.<\\/p>\\r\\n<p><br><\\/p>\\r\\n<p><a href=\\\"http:\\/\\/festningen.local\\/selskap#entry:4:url\\\">Les mer<\\/a><\\/p>\",\"bildeChkbox\":\"1\",\"bilde\":[\"6\"],\"bildeposisjon\":\"right\",\"bildetekstChkbox\":\"\",\"bildetekst\":\"\",\"bildetekstposisjon\":\"left\"}},\"46\":{\"modified\":\"0\",\"type\":\"designblokk\",\"enabled\":\"1\",\"collapsed\":\"0\",\"level\":\"0\",\"fields\":{\"mellomrom\":\"begge\",\"tekstChkbox\":\"1\",\"rikTekst\":\"<h2>Historiske omgivelser<\\/h2>\\r\\n<p>Lorem ipsum dolor sit amet, bryllup adipiscing elit, sed do eiusmod d\\u00e5p og minnestund incididunt ut labore et dolore magna aliqua. Juleord og juleselskap enim ad minim veniam, quis nostrud exercitation ullamco laboris nisi.<\\/p>\\r\\n<p><a href=\\\"http:\\/\\/festningen.local\\/selskap#entry:4:url\\\">Les mer<\\/a><\\/p>\",\"bildeChkbox\":\"1\",\"bilde\":[\"6\"],\"bildeposisjon\":\"left\",\"bildetekstChkbox\":\"\",\"bildetekst\":\"\",\"bildetekstposisjon\":\"left\"}},\"49\":{\"modified\":\"1\",\"type\":\"designblokk\",\"enabled\":\"1\",\"collapsed\":\"0\",\"level\":\"0\",\"fields\":{\"mellomrom\":\"under\",\"tekstChkbox\":\"\",\"rikTekst\":\"\",\"bildeChkbox\":\"1\",\"bilde\":[\"7\"],\"bildeposisjon\":\"full\",\"bildetekstChkbox\":\"1\",\"bildetekst\":\"<p>Bildetekst<\\/p>\",\"bildetekstposisjon\":\"left\"}}},\"23\":\"<p>P\\u00e5 historiske Kristiansten festning i Trondheim ligger <strong>Restaurant Kommandanten<\\/strong> i den gamle kommandant-boligen.<\\/p>\",\"25\":\"Festningen servering og kulturarena\",\"22\":[\"8\"]}}','2017-02-14 17:21:01','2017-02-14 17:21:01','aee1e992-72f8-4df7-ac43-1d05287e6e11'),(61,2,1,1,'nb_no',58,'','{\"typeId\":null,\"authorId\":null,\"title\":\"Forside\",\"slug\":\"forside\",\"postDate\":1486740585,\"expiryDate\":null,\"enabled\":1,\"parentId\":null,\"fields\":{\"26\":{\"39\":{\"type\":\"5\",\"fields\":{\"tittel\":\"\\u00c5pningstider\",\"ikon\":[\"15\"],\"rikTekst\":\"<table><tbody><tr><td>Tirsdag - Fredag<\\/td><td>11:00 - 23:00<\\/td><\\/tr><tr><td>L\\u00f8rdag - S\\u00f8ndag<\\/td><td>11:00 - 23:00<\\/td><\\/tr><\\/tbody><\\/table>\\r\\n<p>M\\u00f8ter og lukkede selskap etter avtale<\\/p>\",\"knapp\":\"<p><a href=\\\"tel:2045052666\\\">TLF: 450 52 666<\\/a><\\/p>\"}},\"40\":{\"type\":\"5\",\"fields\":{\"tittel\":\"Booking\",\"ikon\":[\"16\"],\"rikTekst\":\"<p>Reserver bord eller book <strong>egne dedikerte&nbsp;selskapslokaler<\\/strong> med eget vertskap og&nbsp;underholdning<\\/p>\",\"knapp\":\"<p><a href=\\\"mailto:kommandanten@festningenservering.no\\\">Send epost<\\/a><\\/p>\"}}},\"46\":{\"37\":{\"modified\":\"0\",\"type\":\"designblokk\",\"enabled\":\"1\",\"collapsed\":\"0\",\"level\":\"0\",\"fields\":{\"mellomrom\":\"begge\",\"tekstChkbox\":\"1\",\"rikTekst\":\"<h2>Restauranten<\\/h2>\\r\\n<p>Lorem ipsum dolor sit amet<\\/p>\\r\\n<p><a href=\\\"http:\\/\\/festningen.local\\/restaurant#entry:3:url\\\"><strong>Les mer<\\/strong><\\/a><\\/p>\",\"bildeChkbox\":\"1\",\"bilde\":[\"7\"],\"bildeposisjon\":\"right\",\"bildetekstChkbox\":\"\",\"bildetekst\":\"\",\"bildetekstposisjon\":\"left\"}},\"34\":{\"modified\":\"0\",\"type\":\"vareMenyer\",\"enabled\":\"1\",\"collapsed\":\"0\",\"level\":\"0\",\"fields\":{\"vareMenyer\":{\"41\":{\"type\":\"2\",\"fields\":{\"ikon\":\"\",\"tekst\":\"<h3>Ukens 3-retter<\\/h3>\\r\\n<p>Lorem ipsum dolor sit amet, consectetur adipiscing elit, sed do eiusmod tempor incididunt ut l abore et dolore magna aliqua. Ut enim ad minim veniam, quis nostrud exercitation ullamco laboris nisi. sed do eiusmod tempor incididunt ut l abore et dolore magna aliqua. Ut enim ad minim veniam, quis nostrud exercitation ullamco laboris nisi. sed do eiusmod tempor incididunt ut l abore et dolore magna aliqua. Ut enim ad minim veniam, quis nostrud exercitation ullamco laboris nisi.sed do eiusmod tempor incididunt ut l abore et dolore magna aliqua. Ut enim ad minim veniam, quis nostrud exercitation ullamco laboris nisi.<\\/p>\\r\\n<p><br><\\/p>\\r\\n<p><strong><a href=\\\"http:\\/\\/festningen.local\\/restaurant#entry:3:url\\\">Les mer<\\/a>&nbsp; &nbsp;<\\/strong><br><\\/p>\"}},\"35\":{\"type\":\"2\",\"fields\":{\"ikon\":[\"29\"],\"tekst\":\"<h3>V\\u00e5re menyer<\\/h3>\\r\\n<table><tbody><tr><td>Lunsj<\\/td><td>11:00 - 16:00<\\/td><\\/tr><tr><td>Klassisk<\\/td><td>16:00 - 23:00<\\/td><\\/tr><tr><td>Ukens 3-retter<\\/td><td>16:00 - 23:00<\\/td><\\/tr><\\/tbody><\\/table>\\r\\n<p><br><\\/p>\\r\\n<p><a href=\\\"http:\\/\\/festningen.local\\/restaurant#entry:3:url\\\"><strong>Les mer<\\/strong><\\/a><\\/p>\"}}}}},\"38\":{\"modified\":\"0\",\"type\":\"designblokk\",\"enabled\":\"1\",\"collapsed\":\"0\",\"level\":\"0\",\"fields\":{\"mellomrom\":\"ingen\",\"tekstChkbox\":\"\",\"rikTekst\":\"<h2>Restauranten<\\/h2>\\r\\n<p><br>Lorem ipsum dolor sit amet<\\/p>\",\"bildeChkbox\":\"1\",\"bilde\":[\"6\"],\"bildeposisjon\":\"full\",\"bildetekstChkbox\":\"\",\"bildetekst\":\"\",\"bildetekstposisjon\":\"left\"}},\"45\":{\"modified\":\"0\",\"type\":\"designblokk\",\"enabled\":\"1\",\"collapsed\":\"0\",\"level\":\"0\",\"fields\":{\"mellomrom\":\"begge\",\"tekstChkbox\":\"1\",\"rikTekst\":\"<h2>Selskap<\\/h2>\\r\\n<p>Lorem ipsum dolor sit amet, bryllup adipiscing elit, sed do eiusmod d\\u00e5p og minnestund incididunt ut labore et dolore magna aliqua. Juleord og juleselskap enim ad minim veniam, quis nostrud exercitation ullamco laboris nisi.<\\/p>\\r\\n<p><br><\\/p>\\r\\n<p><a href=\\\"http:\\/\\/festningen.local\\/selskap#entry:4:url\\\">Les mer<\\/a><\\/p>\",\"bildeChkbox\":\"1\",\"bilde\":[\"6\"],\"bildeposisjon\":\"right\",\"bildetekstChkbox\":\"\",\"bildetekst\":\"\",\"bildetekstposisjon\":\"left\"}},\"46\":{\"modified\":\"0\",\"type\":\"designblokk\",\"enabled\":\"1\",\"collapsed\":\"0\",\"level\":\"0\",\"fields\":{\"mellomrom\":\"begge\",\"tekstChkbox\":\"1\",\"rikTekst\":\"<h2>Historiske omgivelser<\\/h2>\\r\\n<p>Lorem ipsum dolor sit amet, bryllup adipiscing elit, sed do eiusmod d\\u00e5p og minnestund incididunt ut labore et dolore magna aliqua. Juleord og juleselskap enim ad minim veniam, quis nostrud exercitation ullamco laboris nisi.<\\/p>\\r\\n<p><a href=\\\"http:\\/\\/festningen.local\\/selskap#entry:4:url\\\">Les mer<\\/a><\\/p>\",\"bildeChkbox\":\"1\",\"bilde\":[\"6\"],\"bildeposisjon\":\"left\",\"bildetekstChkbox\":\"\",\"bildetekst\":\"\",\"bildetekstposisjon\":\"left\"}},\"49\":{\"modified\":\"1\",\"type\":\"designblokk\",\"enabled\":\"1\",\"collapsed\":\"0\",\"level\":\"0\",\"fields\":{\"mellomrom\":\"over\",\"tekstChkbox\":\"\",\"rikTekst\":\"\",\"bildeChkbox\":\"1\",\"bilde\":[\"7\"],\"bildeposisjon\":\"full\",\"bildetekstChkbox\":\"1\",\"bildetekst\":\"<p>Bildetekst<\\/p>\",\"bildetekstposisjon\":\"left\"}},\"new0\":{\"modified\":\"1\",\"type\":\"designblokk\",\"enabled\":\"1\",\"collapsed\":\"0\",\"level\":\"0\",\"fields\":{\"mellomrom\":\"under\",\"tekstChkbox\":\"\",\"rikTekst\":\"\",\"bildeChkbox\":\"1\",\"bilde\":[\"7\"],\"bildeposisjon\":\"left\",\"bildetekstChkbox\":\"\",\"bildetekst\":\"\",\"bildetekstposisjon\":\"left\"}}},\"23\":\"<p>P\\u00e5 historiske Kristiansten festning i Trondheim ligger <strong>Restaurant Kommandanten<\\/strong> i den gamle kommandant-boligen.<\\/p>\",\"25\":\"Festningen servering og kulturarena\",\"22\":[\"8\"]}}','2017-02-14 17:24:09','2017-02-14 17:24:09','7cc18aab-019b-4e41-82fa-7b4aedd15b9b'),(62,2,1,1,'nb_no',59,'','{\"typeId\":null,\"authorId\":null,\"title\":\"Forside\",\"slug\":\"forside\",\"postDate\":1486740585,\"expiryDate\":null,\"enabled\":1,\"parentId\":null,\"fields\":{\"26\":{\"39\":{\"type\":\"5\",\"fields\":{\"tittel\":\"\\u00c5pningstider\",\"ikon\":[\"15\"],\"rikTekst\":\"<table><tbody><tr><td>Tirsdag - Fredag<\\/td><td>11:00 - 23:00<\\/td><\\/tr><tr><td>L\\u00f8rdag - S\\u00f8ndag<\\/td><td>11:00 - 23:00<\\/td><\\/tr><\\/tbody><\\/table>\\r\\n<p>M\\u00f8ter og lukkede selskap etter avtale<\\/p>\",\"knapp\":\"<p><a href=\\\"tel:2045052666\\\">TLF: 450 52 666<\\/a><\\/p>\"}},\"40\":{\"type\":\"5\",\"fields\":{\"tittel\":\"Booking\",\"ikon\":[\"16\"],\"rikTekst\":\"<p>Reserver bord eller book <strong>egne dedikerte&nbsp;selskapslokaler<\\/strong> med eget vertskap og&nbsp;underholdning<\\/p>\",\"knapp\":\"<p><a href=\\\"mailto:kommandanten@festningenservering.no\\\">Send epost<\\/a><\\/p>\"}}},\"46\":{\"37\":{\"modified\":\"0\",\"type\":\"designblokk\",\"enabled\":\"1\",\"collapsed\":\"0\",\"level\":\"0\",\"fields\":{\"mellomrom\":\"begge\",\"tekstChkbox\":\"1\",\"rikTekst\":\"<h2>Restauranten<\\/h2>\\r\\n<p>Lorem ipsum dolor sit amet<\\/p>\\r\\n<p><a href=\\\"http:\\/\\/festningen.local\\/restaurant#entry:3:url\\\"><strong>Les mer<\\/strong><\\/a><\\/p>\",\"bildeChkbox\":\"1\",\"bilde\":[\"7\"],\"bildeposisjon\":\"right\",\"bildetekstChkbox\":\"\",\"bildetekst\":\"\",\"bildetekstposisjon\":\"left\"}},\"34\":{\"modified\":\"0\",\"type\":\"vareMenyer\",\"enabled\":\"1\",\"collapsed\":\"0\",\"level\":\"0\",\"fields\":{\"vareMenyer\":{\"41\":{\"type\":\"2\",\"fields\":{\"ikon\":\"\",\"tekst\":\"<h3>Ukens 3-retter<\\/h3>\\r\\n<p>Lorem ipsum dolor sit amet, consectetur adipiscing elit, sed do eiusmod tempor incididunt ut l abore et dolore magna aliqua. Ut enim ad minim veniam, quis nostrud exercitation ullamco laboris nisi. sed do eiusmod tempor incididunt ut l abore et dolore magna aliqua. Ut enim ad minim veniam, quis nostrud exercitation ullamco laboris nisi. sed do eiusmod tempor incididunt ut l abore et dolore magna aliqua. Ut enim ad minim veniam, quis nostrud exercitation ullamco laboris nisi.sed do eiusmod tempor incididunt ut l abore et dolore magna aliqua. Ut enim ad minim veniam, quis nostrud exercitation ullamco laboris nisi.<\\/p>\\r\\n<p><br><\\/p>\\r\\n<p><strong><a href=\\\"http:\\/\\/festningen.local\\/restaurant#entry:3:url\\\">Les mer<\\/a>&nbsp; &nbsp;<\\/strong><br><\\/p>\"}},\"35\":{\"type\":\"2\",\"fields\":{\"ikon\":[\"29\"],\"tekst\":\"<h3>V\\u00e5re menyer<\\/h3>\\r\\n<table><tbody><tr><td>Lunsj<\\/td><td>11:00 - 16:00<\\/td><\\/tr><tr><td>Klassisk<\\/td><td>16:00 - 23:00<\\/td><\\/tr><tr><td>Ukens 3-retter<\\/td><td>16:00 - 23:00<\\/td><\\/tr><\\/tbody><\\/table>\\r\\n<p><br><\\/p>\\r\\n<p><a href=\\\"http:\\/\\/festningen.local\\/restaurant#entry:3:url\\\"><strong>Les mer<\\/strong><\\/a><\\/p>\"}}}}},\"38\":{\"modified\":\"0\",\"type\":\"designblokk\",\"enabled\":\"1\",\"collapsed\":\"0\",\"level\":\"0\",\"fields\":{\"mellomrom\":\"ingen\",\"tekstChkbox\":\"\",\"rikTekst\":\"<h2>Restauranten<\\/h2>\\r\\n<p><br>Lorem ipsum dolor sit amet<\\/p>\",\"bildeChkbox\":\"1\",\"bilde\":[\"6\"],\"bildeposisjon\":\"full\",\"bildetekstChkbox\":\"\",\"bildetekst\":\"\",\"bildetekstposisjon\":\"left\"}},\"45\":{\"modified\":\"0\",\"type\":\"designblokk\",\"enabled\":\"1\",\"collapsed\":\"0\",\"level\":\"0\",\"fields\":{\"mellomrom\":\"begge\",\"tekstChkbox\":\"1\",\"rikTekst\":\"<h2>Selskap<\\/h2>\\r\\n<p>Lorem ipsum dolor sit amet, bryllup adipiscing elit, sed do eiusmod d\\u00e5p og minnestund incididunt ut labore et dolore magna aliqua. Juleord og juleselskap enim ad minim veniam, quis nostrud exercitation ullamco laboris nisi.<\\/p>\\r\\n<p><br><\\/p>\\r\\n<p><a href=\\\"http:\\/\\/festningen.local\\/selskap#entry:4:url\\\">Les mer<\\/a><\\/p>\",\"bildeChkbox\":\"1\",\"bilde\":[\"6\"],\"bildeposisjon\":\"right\",\"bildetekstChkbox\":\"\",\"bildetekst\":\"\",\"bildetekstposisjon\":\"left\"}},\"46\":{\"modified\":\"0\",\"type\":\"designblokk\",\"enabled\":\"1\",\"collapsed\":\"0\",\"level\":\"0\",\"fields\":{\"mellomrom\":\"begge\",\"tekstChkbox\":\"1\",\"rikTekst\":\"<h2>Historiske omgivelser<\\/h2>\\r\\n<p>Lorem ipsum dolor sit amet, bryllup adipiscing elit, sed do eiusmod d\\u00e5p og minnestund incididunt ut labore et dolore magna aliqua. Juleord og juleselskap enim ad minim veniam, quis nostrud exercitation ullamco laboris nisi.<\\/p>\\r\\n<p><a href=\\\"http:\\/\\/festningen.local\\/selskap#entry:4:url\\\">Les mer<\\/a><\\/p>\",\"bildeChkbox\":\"1\",\"bilde\":[\"6\"],\"bildeposisjon\":\"left\",\"bildetekstChkbox\":\"\",\"bildetekst\":\"\",\"bildetekstposisjon\":\"left\"}},\"49\":{\"modified\":\"1\",\"type\":\"designblokk\",\"enabled\":\"1\",\"collapsed\":\"0\",\"level\":\"0\",\"fields\":{\"mellomrom\":\"begge\",\"tekstChkbox\":\"\",\"rikTekst\":\"\",\"bildeChkbox\":\"1\",\"bilde\":[\"7\"],\"bildeposisjon\":\"full\",\"bildetekstChkbox\":\"1\",\"bildetekst\":\"<p>Bildetekst<\\/p>\",\"bildetekstposisjon\":\"left\"}},\"50\":{\"modified\":\"1\",\"type\":\"designblokk\",\"enabled\":\"1\",\"collapsed\":\"0\",\"level\":\"0\",\"fields\":{\"mellomrom\":\"begge\",\"tekstChkbox\":\"\",\"rikTekst\":\"\",\"bildeChkbox\":\"1\",\"bilde\":[\"7\"],\"bildeposisjon\":\"left\",\"bildetekstChkbox\":\"\",\"bildetekst\":\"\",\"bildetekstposisjon\":\"left\"}}},\"23\":\"<p>P\\u00e5 historiske Kristiansten festning i Trondheim ligger <strong>Restaurant Kommandanten<\\/strong> i den gamle kommandant-boligen.<\\/p>\",\"25\":\"Festningen servering og kulturarena\",\"22\":[\"8\"]}}','2017-02-14 17:26:07','2017-02-14 17:26:07','afd66480-1d6a-491f-9562-39c6ba9bba27'),(63,2,1,1,'nb_no',60,'','{\"typeId\":null,\"authorId\":null,\"title\":\"Forside\",\"slug\":\"forside\",\"postDate\":1486740585,\"expiryDate\":null,\"enabled\":1,\"parentId\":null,\"fields\":{\"26\":{\"39\":{\"type\":\"5\",\"fields\":{\"tittel\":\"\\u00c5pningstider\",\"ikon\":[\"15\"],\"rikTekst\":\"<table><tbody><tr><td>Tirsdag - Fredag<\\/td><td>11:00 - 23:00<\\/td><\\/tr><tr><td>L\\u00f8rdag - S\\u00f8ndag<\\/td><td>11:00 - 23:00<\\/td><\\/tr><\\/tbody><\\/table>\\r\\n<p>M\\u00f8ter og lukkede selskap etter avtale<\\/p>\",\"knapp\":\"<p><a href=\\\"tel:2045052666\\\">TLF: 450 52 666<\\/a><\\/p>\"}},\"40\":{\"type\":\"5\",\"fields\":{\"tittel\":\"Booking\",\"ikon\":[\"16\"],\"rikTekst\":\"<p>Reserver bord eller book <strong>egne dedikerte&nbsp;selskapslokaler<\\/strong> med eget vertskap og&nbsp;underholdning<\\/p>\",\"knapp\":\"<p><a href=\\\"mailto:kommandanten@festningenservering.no\\\">Send epost<\\/a><\\/p>\"}}},\"46\":{\"37\":{\"modified\":\"0\",\"type\":\"designblokk\",\"enabled\":\"1\",\"collapsed\":\"0\",\"level\":\"0\",\"fields\":{\"mellomrom\":\"begge\",\"tekstChkbox\":\"1\",\"rikTekst\":\"<h2>Restauranten<\\/h2>\\r\\n<p>Lorem ipsum dolor sit amet<\\/p>\\r\\n<p><a href=\\\"http:\\/\\/festningen.local\\/restaurant#entry:3:url\\\"><strong>Les mer<\\/strong><\\/a><\\/p>\",\"bildeChkbox\":\"1\",\"bilde\":[\"7\"],\"bildeposisjon\":\"right\",\"bildetekstChkbox\":\"\",\"bildetekst\":\"\",\"bildetekstposisjon\":\"left\"}},\"34\":{\"modified\":\"0\",\"type\":\"vareMenyer\",\"enabled\":\"1\",\"collapsed\":\"0\",\"level\":\"0\",\"fields\":{\"vareMenyer\":{\"41\":{\"type\":\"2\",\"fields\":{\"ikon\":\"\",\"tekst\":\"<h3>Ukens 3-retter<\\/h3>\\r\\n<p>Lorem ipsum dolor sit amet, consectetur adipiscing elit, sed do eiusmod tempor incididunt ut l abore et dolore magna aliqua. Ut enim ad minim veniam, quis nostrud exercitation ullamco laboris nisi. sed do eiusmod tempor incididunt ut l abore et dolore magna aliqua. Ut enim ad minim veniam, quis nostrud exercitation ullamco laboris nisi. sed do eiusmod tempor incididunt ut l abore et dolore magna aliqua. Ut enim ad minim veniam, quis nostrud exercitation ullamco laboris nisi.sed do eiusmod tempor incididunt ut l abore et dolore magna aliqua. Ut enim ad minim veniam, quis nostrud exercitation ullamco laboris nisi.<\\/p>\\r\\n<p><br><\\/p>\\r\\n<p><strong><a href=\\\"http:\\/\\/festningen.local\\/restaurant#entry:3:url\\\">Les mer<\\/a>&nbsp; &nbsp;<\\/strong><br><\\/p>\"}},\"35\":{\"type\":\"2\",\"fields\":{\"ikon\":[\"29\"],\"tekst\":\"<h3>V\\u00e5re menyer<\\/h3>\\r\\n<table><tbody><tr><td>Lunsj<\\/td><td>11:00 - 16:00<\\/td><\\/tr><tr><td>Klassisk<\\/td><td>16:00 - 23:00<\\/td><\\/tr><tr><td>Ukens 3-retter<\\/td><td>16:00 - 23:00<\\/td><\\/tr><\\/tbody><\\/table>\\r\\n<p><br><\\/p>\\r\\n<p><a href=\\\"http:\\/\\/festningen.local\\/restaurant#entry:3:url\\\"><strong>Les mer<\\/strong><\\/a><\\/p>\"}}}}},\"38\":{\"modified\":\"0\",\"type\":\"designblokk\",\"enabled\":\"1\",\"collapsed\":\"0\",\"level\":\"0\",\"fields\":{\"mellomrom\":\"ingen\",\"tekstChkbox\":\"\",\"rikTekst\":\"<h2>Restauranten<\\/h2>\\r\\n<p><br>Lorem ipsum dolor sit amet<\\/p>\",\"bildeChkbox\":\"1\",\"bilde\":[\"6\"],\"bildeposisjon\":\"full\",\"bildetekstChkbox\":\"\",\"bildetekst\":\"\",\"bildetekstposisjon\":\"left\"}},\"45\":{\"modified\":\"0\",\"type\":\"designblokk\",\"enabled\":\"1\",\"collapsed\":\"0\",\"level\":\"0\",\"fields\":{\"mellomrom\":\"begge\",\"tekstChkbox\":\"1\",\"rikTekst\":\"<h2>Selskap<\\/h2>\\r\\n<p>Lorem ipsum dolor sit amet, bryllup adipiscing elit, sed do eiusmod d\\u00e5p og minnestund incididunt ut labore et dolore magna aliqua. Juleord og juleselskap enim ad minim veniam, quis nostrud exercitation ullamco laboris nisi.<\\/p>\\r\\n<p><br><\\/p>\\r\\n<p><a href=\\\"http:\\/\\/festningen.local\\/selskap#entry:4:url\\\">Les mer<\\/a><\\/p>\",\"bildeChkbox\":\"1\",\"bilde\":[\"6\"],\"bildeposisjon\":\"right\",\"bildetekstChkbox\":\"\",\"bildetekst\":\"\",\"bildetekstposisjon\":\"left\"}},\"46\":{\"modified\":\"0\",\"type\":\"designblokk\",\"enabled\":\"1\",\"collapsed\":\"0\",\"level\":\"0\",\"fields\":{\"mellomrom\":\"begge\",\"tekstChkbox\":\"1\",\"rikTekst\":\"<h2>Historiske omgivelser<\\/h2>\\r\\n<p>Lorem ipsum dolor sit amet, bryllup adipiscing elit, sed do eiusmod d\\u00e5p og minnestund incididunt ut labore et dolore magna aliqua. Juleord og juleselskap enim ad minim veniam, quis nostrud exercitation ullamco laboris nisi.<\\/p>\\r\\n<p><a href=\\\"http:\\/\\/festningen.local\\/selskap#entry:4:url\\\">Les mer<\\/a><\\/p>\",\"bildeChkbox\":\"1\",\"bilde\":[\"6\"],\"bildeposisjon\":\"left\",\"bildetekstChkbox\":\"\",\"bildetekst\":\"\",\"bildetekstposisjon\":\"left\"}}},\"23\":\"<p>P\\u00e5 historiske Kristiansten festning i Trondheim ligger <strong>Restaurant Kommandanten<\\/strong> i den gamle kommandant-boligen.<\\/p>\",\"25\":\"Festningen servering og kulturarena\",\"22\":[\"8\"]}}','2017-02-14 17:26:44','2017-02-14 17:26:44','e2b3e7e5-64ee-4609-a587-b428734142fe'),(64,2,1,1,'nb_no',61,'','{\"typeId\":null,\"authorId\":null,\"title\":\"Forside\",\"slug\":\"forside\",\"postDate\":1486740585,\"expiryDate\":null,\"enabled\":1,\"parentId\":null,\"fields\":{\"26\":{\"39\":{\"type\":\"5\",\"fields\":{\"tittel\":\"\\u00c5pningstider\",\"ikon\":[\"15\"],\"rikTekst\":\"<table><tbody><tr><td>Tirsdag - Fredag<\\/td><td>11:00 - 23:00<\\/td><\\/tr><tr><td>L\\u00f8rdag - S\\u00f8ndag<\\/td><td>11:00 - 23:00<\\/td><\\/tr><\\/tbody><\\/table>\\r\\n<p>M\\u00f8ter og lukkede selskap etter avtale<\\/p>\",\"knapp\":\"<p><a href=\\\"tel:2045052666\\\">TLF: 450 52 666<\\/a><\\/p>\"}},\"40\":{\"type\":\"5\",\"fields\":{\"tittel\":\"Booking\",\"ikon\":[\"16\"],\"rikTekst\":\"<p>Reserver bord eller book <strong>egne dedikerte&nbsp;selskapslokaler<\\/strong> med eget vertskap og&nbsp;underholdning<\\/p>\",\"knapp\":\"<p><a href=\\\"mailto:kommandanten@festningenservering.no\\\">Send epost<\\/a><\\/p>\"}}},\"104\":{\"new1\":{\"type\":\"6\",\"fields\":{\"tittel\":\"Booking\",\"ikon\":[\"16\"],\"tekst\":\"Reserver selskalslokaler eller bord i restauranten\"}}},\"46\":{\"37\":{\"modified\":\"0\",\"type\":\"designblokk\",\"enabled\":\"1\",\"collapsed\":\"0\",\"level\":\"0\",\"fields\":{\"mellomrom\":\"begge\",\"tekstChkbox\":\"1\",\"rikTekst\":\"<h2>Restauranten<\\/h2>\\r\\n<p>Lorem ipsum dolor sit amet<\\/p>\\r\\n<p><a href=\\\"http:\\/\\/festningen.local\\/restaurant#entry:3:url\\\"><strong>Les mer<\\/strong><\\/a><\\/p>\",\"bildeChkbox\":\"1\",\"bilde\":[\"7\"],\"bildeposisjon\":\"right\",\"bildetekstChkbox\":\"\",\"bildetekst\":\"\",\"bildetekstposisjon\":\"left\"}},\"34\":{\"modified\":\"0\",\"type\":\"vareMenyer\",\"enabled\":\"1\",\"collapsed\":\"0\",\"level\":\"0\",\"fields\":{\"vareMenyer\":{\"41\":{\"type\":\"2\",\"fields\":{\"ikon\":\"\",\"tekst\":\"<h3>Ukens 3-retter<\\/h3>\\r\\n<p>Lorem ipsum dolor sit amet, consectetur adipiscing elit, sed do eiusmod tempor incididunt ut l abore et dolore magna aliqua. Ut enim ad minim veniam, quis nostrud exercitation ullamco laboris nisi. sed do eiusmod tempor incididunt ut l abore et dolore magna aliqua. Ut enim ad minim veniam, quis nostrud exercitation ullamco laboris nisi. sed do eiusmod tempor incididunt ut l abore et dolore magna aliqua. Ut enim ad minim veniam, quis nostrud exercitation ullamco laboris nisi.sed do eiusmod tempor incididunt ut l abore et dolore magna aliqua. Ut enim ad minim veniam, quis nostrud exercitation ullamco laboris nisi.<\\/p>\\r\\n<p><br><\\/p>\\r\\n<p><strong><a href=\\\"http:\\/\\/festningen.local\\/restaurant#entry:3:url\\\">Les mer<\\/a>&nbsp; &nbsp;<\\/strong><br><\\/p>\"}},\"35\":{\"type\":\"2\",\"fields\":{\"ikon\":[\"29\"],\"tekst\":\"<h3>V\\u00e5re menyer<\\/h3>\\r\\n<table><tbody><tr><td>Lunsj<\\/td><td>11:00 - 16:00<\\/td><\\/tr><tr><td>Klassisk<\\/td><td>16:00 - 23:00<\\/td><\\/tr><tr><td>Ukens 3-retter<\\/td><td>16:00 - 23:00<\\/td><\\/tr><\\/tbody><\\/table>\\r\\n<p><br><\\/p>\\r\\n<p><a href=\\\"http:\\/\\/festningen.local\\/restaurant#entry:3:url\\\"><strong>Les mer<\\/strong><\\/a><\\/p>\"}}}}},\"38\":{\"modified\":\"0\",\"type\":\"designblokk\",\"enabled\":\"1\",\"collapsed\":\"0\",\"level\":\"0\",\"fields\":{\"mellomrom\":\"ingen\",\"tekstChkbox\":\"\",\"rikTekst\":\"<h2>Restauranten<\\/h2>\\r\\n<p><br>Lorem ipsum dolor sit amet<\\/p>\",\"bildeChkbox\":\"1\",\"bilde\":[\"6\"],\"bildeposisjon\":\"full\",\"bildetekstChkbox\":\"\",\"bildetekst\":\"\",\"bildetekstposisjon\":\"left\"}},\"45\":{\"modified\":\"0\",\"type\":\"designblokk\",\"enabled\":\"1\",\"collapsed\":\"0\",\"level\":\"0\",\"fields\":{\"mellomrom\":\"begge\",\"tekstChkbox\":\"1\",\"rikTekst\":\"<h2>Selskap<\\/h2>\\r\\n<p>Lorem ipsum dolor sit amet, bryllup adipiscing elit, sed do eiusmod d\\u00e5p og minnestund incididunt ut labore et dolore magna aliqua. Juleord og juleselskap enim ad minim veniam, quis nostrud exercitation ullamco laboris nisi.<\\/p>\\r\\n<p><br><\\/p>\\r\\n<p><a href=\\\"http:\\/\\/festningen.local\\/selskap#entry:4:url\\\">Les mer<\\/a><\\/p>\",\"bildeChkbox\":\"1\",\"bilde\":[\"6\"],\"bildeposisjon\":\"right\",\"bildetekstChkbox\":\"\",\"bildetekst\":\"\",\"bildetekstposisjon\":\"left\"}},\"46\":{\"modified\":\"0\",\"type\":\"designblokk\",\"enabled\":\"1\",\"collapsed\":\"0\",\"level\":\"0\",\"fields\":{\"mellomrom\":\"begge\",\"tekstChkbox\":\"1\",\"rikTekst\":\"<h2>Historiske omgivelser<\\/h2>\\r\\n<p>Lorem ipsum dolor sit amet, bryllup adipiscing elit, sed do eiusmod d\\u00e5p og minnestund incididunt ut labore et dolore magna aliqua. Juleord og juleselskap enim ad minim veniam, quis nostrud exercitation ullamco laboris nisi.<\\/p>\\r\\n<p><a href=\\\"http:\\/\\/festningen.local\\/selskap#entry:4:url\\\">Les mer<\\/a><\\/p>\",\"bildeChkbox\":\"1\",\"bilde\":[\"6\"],\"bildeposisjon\":\"left\",\"bildetekstChkbox\":\"\",\"bildetekst\":\"\",\"bildetekstposisjon\":\"left\"}}},\"23\":\"<p>P\\u00e5 historiske Kristiansten festning i Trondheim ligger <strong>Restaurant Kommandanten<\\/strong> i den gamle kommandant-boligen.<\\/p>\",\"25\":\"Festningen servering og kulturarena\",\"22\":[\"8\"]}}','2017-02-14 17:40:52','2017-02-14 17:40:52','7cae5745-fdc0-4157-8ecc-29673ad4d013'),(65,2,1,1,'nb_no',62,'','{\"typeId\":null,\"authorId\":null,\"title\":\"Forside\",\"slug\":\"forside\",\"postDate\":1486740585,\"expiryDate\":null,\"enabled\":1,\"parentId\":null,\"fields\":{\"26\":{\"39\":{\"type\":\"5\",\"fields\":{\"tittel\":\"\\u00c5pningstider\",\"ikon\":[\"15\"],\"rikTekst\":\"<table><tbody><tr><td>Tirsdag - Fredag<\\/td><td>11:00 - 23:00<\\/td><\\/tr><tr><td>L\\u00f8rdag - S\\u00f8ndag<\\/td><td>11:00 - 23:00<\\/td><\\/tr><\\/tbody><\\/table>\\r\\n<p>M\\u00f8ter og lukkede selskap etter avtale<\\/p>\",\"knapp\":\"<p><a href=\\\"tel:2045052666\\\">TLF: 450 52 666<\\/a><\\/p>\"}},\"40\":{\"type\":\"5\",\"fields\":{\"tittel\":\"Booking\",\"ikon\":[\"16\"],\"rikTekst\":\"<p>Reserver bord eller book <strong>egne dedikerte&nbsp;selskapslokaler<\\/strong> med eget vertskap og&nbsp;underholdning<\\/p>\",\"knapp\":\"<p><a href=\\\"mailto:kommandanten@festningenservering.no\\\">Send epost<\\/a><\\/p>\"}}},\"104\":{\"51\":{\"type\":\"6\",\"fields\":{\"tittel\":\"Booking\",\"ikon\":[\"16\"],\"tekst\":\"Reserver selskalslokaler eller bord i restauranten\",\"map\":{\"lat\":\"63.4268909\",\"lng\":\"10.411159999999995\",\"zoom\":\"15\",\"address\":\"Kristiansten Festning, 7015 Trondheim, Norge\",\"parts\":{\"establishment\":\"Kristiansten Festning\",\"establishment_short\":\"Kristiansten Festning\",\"locality\":\"Trondheim\",\"locality_short\":\"Trondheim\",\"postal_town\":\"Trondheim\",\"postal_town_short\":\"Trondheim\",\"administrative_area_level_2\":\"Trondheim\",\"administrative_area_level_2_short\":\"Trondheim\",\"administrative_area_level_1\":\"S\\u00f8r-Tr\\u00f8ndelag\",\"administrative_area_level_1_short\":\"S\\u00f8r-Tr\\u00f8ndelag\",\"country\":\"Norge\",\"country_short\":\"NO\",\"postal_code\":\"7015\",\"postal_code_short\":\"7015\"}}}}},\"46\":{\"37\":{\"modified\":\"0\",\"type\":\"designblokk\",\"enabled\":\"1\",\"collapsed\":\"0\",\"level\":\"0\",\"fields\":{\"mellomrom\":\"begge\",\"tekstChkbox\":\"1\",\"rikTekst\":\"<h2>Restauranten<\\/h2>\\r\\n<p>Lorem ipsum dolor sit amet<\\/p>\\r\\n<p><a href=\\\"http:\\/\\/festningen.local\\/restaurant#entry:3:url\\\"><strong>Les mer<\\/strong><\\/a><\\/p>\",\"bildeChkbox\":\"1\",\"bilde\":[\"7\"],\"bildeposisjon\":\"right\",\"bildetekstChkbox\":\"\",\"bildetekst\":\"\",\"bildetekstposisjon\":\"left\"}},\"34\":{\"modified\":\"0\",\"type\":\"vareMenyer\",\"enabled\":\"1\",\"collapsed\":\"0\",\"level\":\"0\",\"fields\":{\"vareMenyer\":{\"41\":{\"type\":\"2\",\"fields\":{\"ikon\":\"\",\"tekst\":\"<h3>Ukens 3-retter<\\/h3>\\r\\n<p>Lorem ipsum dolor sit amet, consectetur adipiscing elit, sed do eiusmod tempor incididunt ut l abore et dolore magna aliqua. Ut enim ad minim veniam, quis nostrud exercitation ullamco laboris nisi. sed do eiusmod tempor incididunt ut l abore et dolore magna aliqua. Ut enim ad minim veniam, quis nostrud exercitation ullamco laboris nisi. sed do eiusmod tempor incididunt ut l abore et dolore magna aliqua. Ut enim ad minim veniam, quis nostrud exercitation ullamco laboris nisi.sed do eiusmod tempor incididunt ut l abore et dolore magna aliqua. Ut enim ad minim veniam, quis nostrud exercitation ullamco laboris nisi.<\\/p>\\r\\n<p><br><\\/p>\\r\\n<p><strong><a href=\\\"http:\\/\\/festningen.local\\/restaurant#entry:3:url\\\">Les mer<\\/a>&nbsp; &nbsp;<\\/strong><br><\\/p>\"}},\"35\":{\"type\":\"2\",\"fields\":{\"ikon\":[\"29\"],\"tekst\":\"<h3>V\\u00e5re menyer<\\/h3>\\r\\n<table><tbody><tr><td>Lunsj<\\/td><td>11:00 - 16:00<\\/td><\\/tr><tr><td>Klassisk<\\/td><td>16:00 - 23:00<\\/td><\\/tr><tr><td>Ukens 3-retter<\\/td><td>16:00 - 23:00<\\/td><\\/tr><\\/tbody><\\/table>\\r\\n<p><br><\\/p>\\r\\n<p><a href=\\\"http:\\/\\/festningen.local\\/restaurant#entry:3:url\\\"><strong>Les mer<\\/strong><\\/a><\\/p>\"}}}}},\"38\":{\"modified\":\"0\",\"type\":\"designblokk\",\"enabled\":\"1\",\"collapsed\":\"0\",\"level\":\"0\",\"fields\":{\"mellomrom\":\"ingen\",\"tekstChkbox\":\"\",\"rikTekst\":\"<h2>Restauranten<\\/h2>\\r\\n<p><br>Lorem ipsum dolor sit amet<\\/p>\",\"bildeChkbox\":\"1\",\"bilde\":[\"6\"],\"bildeposisjon\":\"full\",\"bildetekstChkbox\":\"\",\"bildetekst\":\"\",\"bildetekstposisjon\":\"left\"}},\"45\":{\"modified\":\"0\",\"type\":\"designblokk\",\"enabled\":\"1\",\"collapsed\":\"0\",\"level\":\"0\",\"fields\":{\"mellomrom\":\"begge\",\"tekstChkbox\":\"1\",\"rikTekst\":\"<h2>Selskap<\\/h2>\\r\\n<p>Lorem ipsum dolor sit amet, bryllup adipiscing elit, sed do eiusmod d\\u00e5p og minnestund incididunt ut labore et dolore magna aliqua. Juleord og juleselskap enim ad minim veniam, quis nostrud exercitation ullamco laboris nisi.<\\/p>\\r\\n<p><br><\\/p>\\r\\n<p><a href=\\\"http:\\/\\/festningen.local\\/selskap#entry:4:url\\\">Les mer<\\/a><\\/p>\",\"bildeChkbox\":\"1\",\"bilde\":[\"6\"],\"bildeposisjon\":\"right\",\"bildetekstChkbox\":\"\",\"bildetekst\":\"\",\"bildetekstposisjon\":\"left\"}},\"46\":{\"modified\":\"0\",\"type\":\"designblokk\",\"enabled\":\"1\",\"collapsed\":\"0\",\"level\":\"0\",\"fields\":{\"mellomrom\":\"begge\",\"tekstChkbox\":\"1\",\"rikTekst\":\"<h2>Historiske omgivelser<\\/h2>\\r\\n<p>Lorem ipsum dolor sit amet, bryllup adipiscing elit, sed do eiusmod d\\u00e5p og minnestund incididunt ut labore et dolore magna aliqua. Juleord og juleselskap enim ad minim veniam, quis nostrud exercitation ullamco laboris nisi.<\\/p>\\r\\n<p><a href=\\\"http:\\/\\/festningen.local\\/selskap#entry:4:url\\\">Les mer<\\/a><\\/p>\",\"bildeChkbox\":\"1\",\"bilde\":[\"6\"],\"bildeposisjon\":\"left\",\"bildetekstChkbox\":\"\",\"bildetekst\":\"\",\"bildetekstposisjon\":\"left\"}}},\"23\":\"<p>P\\u00e5 historiske Kristiansten festning i Trondheim ligger <strong>Restaurant Kommandanten<\\/strong> i den gamle kommandant-boligen.<\\/p>\",\"25\":\"Festningen servering og kulturarena\",\"22\":[\"8\"]}}','2017-02-14 18:42:00','2017-02-14 18:42:00','28a09632-fb9b-4d74-8c06-65b329576304'),(66,2,1,1,'nb_no',63,'','{\"typeId\":null,\"authorId\":null,\"title\":\"Forside\",\"slug\":\"forside\",\"postDate\":1486740585,\"expiryDate\":null,\"enabled\":1,\"parentId\":null,\"fields\":{\"26\":{\"39\":{\"type\":\"5\",\"fields\":{\"tittel\":\"\\u00c5pningstider\",\"ikon\":[\"15\"],\"rikTekst\":\"<table><tbody><tr><td>Tirsdag - Fredag<\\/td><td>11:00 - 23:00<\\/td><\\/tr><tr><td>L\\u00f8rdag - S\\u00f8ndag<\\/td><td>11:00 - 23:00<\\/td><\\/tr><\\/tbody><\\/table>\\r\\n<p>M\\u00f8ter og lukkede selskap etter avtale<\\/p>\",\"knapp\":\"<p><a href=\\\"tel:2045052666\\\">TLF: 450 52 666<\\/a><\\/p>\"}},\"40\":{\"type\":\"5\",\"fields\":{\"tittel\":\"Booking\",\"ikon\":[\"16\"],\"rikTekst\":\"<p>Reserver bord eller book <strong>egne dedikerte&nbsp;selskapslokaler<\\/strong> med eget vertskap og&nbsp;underholdning<\\/p>\",\"knapp\":\"<p><a href=\\\"mailto:kommandanten@festningenservering.no\\\">Send epost<\\/a><\\/p>\"}}},\"104\":{\"51\":{\"type\":\"6\",\"fields\":{\"tittel\":\"Booking\",\"ikon\":[\"16\"],\"tekst\":\"Reserver selskalslokaler eller bord i restauranten\",\"map\":{\"lat\":\"63.42689290000001\",\"lng\":\"10.41063889999998\",\"zoom\":\"15\",\"address\":\"Kristiansten Festning, 7015 Trondheim, Norge\",\"parts\":{\"establishment\":\"Kristiansten Festning\",\"establishment_short\":\"Kristiansten Festning\",\"locality\":\"Trondheim\",\"locality_short\":\"Trondheim\",\"postal_town\":\"Trondheim\",\"postal_town_short\":\"Trondheim\",\"administrative_area_level_2\":\"Trondheim\",\"administrative_area_level_2_short\":\"Trondheim\",\"administrative_area_level_1\":\"S\\u00f8r-Tr\\u00f8ndelag\",\"administrative_area_level_1_short\":\"S\\u00f8r-Tr\\u00f8ndelag\",\"country\":\"Norge\",\"country_short\":\"NO\",\"postal_code\":\"7015\",\"postal_code_short\":\"7015\"}}}}},\"46\":{\"37\":{\"modified\":\"0\",\"type\":\"designblokk\",\"enabled\":\"1\",\"collapsed\":\"0\",\"level\":\"0\",\"fields\":{\"mellomrom\":\"begge\",\"tekstChkbox\":\"1\",\"rikTekst\":\"<h2>Restauranten<\\/h2>\\r\\n<p>Lorem ipsum dolor sit amet<\\/p>\\r\\n<p><a href=\\\"http:\\/\\/festningen.local\\/restaurant#entry:3:url\\\"><strong>Les mer<\\/strong><\\/a><\\/p>\",\"bildeChkbox\":\"1\",\"bilde\":[\"7\"],\"bildeposisjon\":\"right\",\"bildetekstChkbox\":\"\",\"bildetekst\":\"\",\"bildetekstposisjon\":\"left\"}},\"34\":{\"modified\":\"0\",\"type\":\"vareMenyer\",\"enabled\":\"1\",\"collapsed\":\"0\",\"level\":\"0\",\"fields\":{\"vareMenyer\":{\"41\":{\"type\":\"2\",\"fields\":{\"ikon\":\"\",\"tekst\":\"<h3>Ukens 3-retter<\\/h3>\\r\\n<p>Lorem ipsum dolor sit amet, consectetur adipiscing elit, sed do eiusmod tempor incididunt ut l abore et dolore magna aliqua. Ut enim ad minim veniam, quis nostrud exercitation ullamco laboris nisi. sed do eiusmod tempor incididunt ut l abore et dolore magna aliqua. Ut enim ad minim veniam, quis nostrud exercitation ullamco laboris nisi. sed do eiusmod tempor incididunt ut l abore et dolore magna aliqua. Ut enim ad minim veniam, quis nostrud exercitation ullamco laboris nisi.sed do eiusmod tempor incididunt ut l abore et dolore magna aliqua. Ut enim ad minim veniam, quis nostrud exercitation ullamco laboris nisi.<\\/p>\\r\\n<p><br><\\/p>\\r\\n<p><strong><a href=\\\"http:\\/\\/festningen.local\\/restaurant#entry:3:url\\\">Les mer<\\/a>&nbsp; &nbsp;<\\/strong><br><\\/p>\"}},\"35\":{\"type\":\"2\",\"fields\":{\"ikon\":[\"29\"],\"tekst\":\"<h3>V\\u00e5re menyer<\\/h3>\\r\\n<table><tbody><tr><td>Lunsj<\\/td><td>11:00 - 16:00<\\/td><\\/tr><tr><td>Klassisk<\\/td><td>16:00 - 23:00<\\/td><\\/tr><tr><td>Ukens 3-retter<\\/td><td>16:00 - 23:00<\\/td><\\/tr><\\/tbody><\\/table>\\r\\n<p><br><\\/p>\\r\\n<p><a href=\\\"http:\\/\\/festningen.local\\/restaurant#entry:3:url\\\"><strong>Les mer<\\/strong><\\/a><\\/p>\"}}}}},\"38\":{\"modified\":\"0\",\"type\":\"designblokk\",\"enabled\":\"1\",\"collapsed\":\"0\",\"level\":\"0\",\"fields\":{\"mellomrom\":\"ingen\",\"tekstChkbox\":\"\",\"rikTekst\":\"<h2>Restauranten<\\/h2>\\r\\n<p><br>Lorem ipsum dolor sit amet<\\/p>\",\"bildeChkbox\":\"1\",\"bilde\":[\"6\"],\"bildeposisjon\":\"full\",\"bildetekstChkbox\":\"\",\"bildetekst\":\"\",\"bildetekstposisjon\":\"left\"}},\"45\":{\"modified\":\"0\",\"type\":\"designblokk\",\"enabled\":\"1\",\"collapsed\":\"0\",\"level\":\"0\",\"fields\":{\"mellomrom\":\"begge\",\"tekstChkbox\":\"1\",\"rikTekst\":\"<h2>Selskap<\\/h2>\\r\\n<p>Lorem ipsum dolor sit amet, bryllup adipiscing elit, sed do eiusmod d\\u00e5p og minnestund incididunt ut labore et dolore magna aliqua. Juleord og juleselskap enim ad minim veniam, quis nostrud exercitation ullamco laboris nisi.<\\/p>\\r\\n<p><br><\\/p>\\r\\n<p><a href=\\\"http:\\/\\/festningen.local\\/selskap#entry:4:url\\\">Les mer<\\/a><\\/p>\",\"bildeChkbox\":\"1\",\"bilde\":[\"6\"],\"bildeposisjon\":\"right\",\"bildetekstChkbox\":\"\",\"bildetekst\":\"\",\"bildetekstposisjon\":\"left\"}},\"46\":{\"modified\":\"0\",\"type\":\"designblokk\",\"enabled\":\"1\",\"collapsed\":\"0\",\"level\":\"0\",\"fields\":{\"mellomrom\":\"begge\",\"tekstChkbox\":\"1\",\"rikTekst\":\"<h2>Historiske omgivelser<\\/h2>\\r\\n<p>Lorem ipsum dolor sit amet, bryllup adipiscing elit, sed do eiusmod d\\u00e5p og minnestund incididunt ut labore et dolore magna aliqua. Juleord og juleselskap enim ad minim veniam, quis nostrud exercitation ullamco laboris nisi.<\\/p>\\r\\n<p><a href=\\\"http:\\/\\/festningen.local\\/selskap#entry:4:url\\\">Les mer<\\/a><\\/p>\",\"bildeChkbox\":\"1\",\"bilde\":[\"6\"],\"bildeposisjon\":\"left\",\"bildetekstChkbox\":\"\",\"bildetekst\":\"\",\"bildetekstposisjon\":\"left\"}}},\"23\":\"<p>P\\u00e5 historiske Kristiansten festning i Trondheim ligger <strong>Restaurant Kommandanten<\\/strong> i den gamle kommandant-boligen.<\\/p>\",\"25\":\"Festningen servering og kulturarena\",\"22\":[\"8\"]}}','2017-02-14 18:42:51','2017-02-14 18:42:51','03d1a411-cad5-4f21-8068-55c4e4fc8452'),(67,2,1,1,'nb_no',64,'','{\"typeId\":null,\"authorId\":null,\"title\":\"Forside\",\"slug\":\"forside\",\"postDate\":1486740585,\"expiryDate\":null,\"enabled\":1,\"parentId\":null,\"fields\":{\"26\":{\"39\":{\"type\":\"5\",\"fields\":{\"tittel\":\"\\u00c5pningstider\",\"ikon\":[\"15\"],\"rikTekst\":\"<table><tbody><tr><td>Tirsdag - Fredag<\\/td><td>11:00 - 23:00<\\/td><\\/tr><tr><td>L\\u00f8rdag - S\\u00f8ndag<\\/td><td>11:00 - 23:00<\\/td><\\/tr><\\/tbody><\\/table>\\r\\n<p>M\\u00f8ter og lukkede selskap etter avtale<\\/p>\",\"knapp\":\"<p><a href=\\\"tel:2045052666\\\">TLF: 450 52 666<\\/a><\\/p>\"}},\"40\":{\"type\":\"5\",\"fields\":{\"tittel\":\"Booking\",\"ikon\":[\"16\"],\"rikTekst\":\"<p>Reserver bord eller book <strong>egne dedikerte&nbsp;selskapslokaler<\\/strong> med eget vertskap og&nbsp;underholdning<\\/p>\",\"knapp\":\"<p><a href=\\\"mailto:kommandanten@festningenservering.no\\\">Send epost<\\/a><\\/p>\"}}},\"104\":{\"51\":{\"type\":\"6\",\"fields\":{\"tittel\":\"Booking\",\"ikon\":[\"16\"],\"tekst\":\"Reserver selskalslokaler eller bord i restauranten\",\"map\":{\"lat\":\"63.42689290000001\",\"lng\":\"10.41063889999998\",\"zoom\":\"15\",\"address\":\"Kristiansten Festning, 7015 Trondheim, Norge\",\"parts\":{\"establishment\":\"Kristiansten Festning\",\"establishment_short\":\"Kristiansten Festning\",\"locality\":\"Trondheim\",\"locality_short\":\"Trondheim\",\"postal_town\":\"Trondheim\",\"postal_town_short\":\"Trondheim\",\"administrative_area_level_2\":\"Trondheim\",\"administrative_area_level_2_short\":\"Trondheim\",\"administrative_area_level_1\":\"S\\u00f8r-Tr\\u00f8ndelag\",\"administrative_area_level_1_short\":\"S\\u00f8r-Tr\\u00f8ndelag\",\"country\":\"Norge\",\"country_short\":\"NO\",\"postal_code\":\"7015\",\"postal_code_short\":\"7015\"}}}}},\"46\":{\"37\":{\"modified\":\"0\",\"type\":\"designblokk\",\"enabled\":\"1\",\"collapsed\":\"0\",\"level\":\"0\",\"fields\":{\"mellomrom\":\"begge\",\"tekstChkbox\":\"1\",\"rikTekst\":\"<h2>Restauranten<\\/h2>\\r\\n<p>Lorem ipsum dolor sit amet<\\/p>\\r\\n<p><a href=\\\"http:\\/\\/festningen.local\\/restaurant#entry:3:url\\\"><strong>Les mer<\\/strong><\\/a><\\/p>\",\"bildeChkbox\":\"1\",\"bilde\":[\"7\"],\"bildeposisjon\":\"right\",\"bildetekstChkbox\":\"\",\"bildetekst\":\"\",\"bildetekstposisjon\":\"left\"}},\"34\":{\"modified\":\"1\",\"type\":\"vareMenyer\",\"enabled\":\"1\",\"collapsed\":\"0\",\"level\":\"0\",\"fields\":{\"vareMenyer\":{\"35\":{\"type\":\"2\",\"fields\":{\"ikon\":[\"29\"],\"tekst\":\"<h3>V\\u00e5re menyer<\\/h3>\\r\\n<table><tbody><tr><td>Lunsj<\\/td><td>11:00 - 16:00<\\/td><\\/tr><tr><td>Klassisk<\\/td><td>16:00 - 23:00<\\/td><\\/tr><tr><td>Ukens 3-retter<\\/td><td>16:00 - 23:00<\\/td><\\/tr><\\/tbody><\\/table>\\r\\n<p><br><\\/p>\\r\\n<p><a href=\\\"http:\\/\\/festningen.local\\/restaurant#entry:3:url\\\"><strong>Les mer<\\/strong><\\/a><\\/p>\"}},\"41\":{\"type\":\"2\",\"fields\":{\"ikon\":\"\",\"tekst\":\"<h3>Ukens 3-retter<\\/h3>\\r\\n<p>Lorem ipsum dolor sit amet, consectetur adipiscing elit, sed do eiusmod tempor incididunt ut l abore et dolore magna aliqua. Ut enim ad minim veniam, quis nostrud exercitation ullamco laboris nisi. sed do eiusmod tempor incididunt ut l abore et dolore magna aliqua. Ut enim ad minim veniam, quis nostrud exercitation ullamco laboris nisi. sed do eiusmod tempor incididunt ut l abore et dolore magna aliqua. Ut enim ad minim veniam, quis nostrud exercitation ullamco laboris nisi.sed do eiusmod tempor incididunt ut l abore et dolore magna aliqua. Ut enim ad minim veniam, quis nostrud exercitation ullamco laboris nisi.<\\/p>\\r\\n<p><br><\\/p>\\r\\n<p><strong><a href=\\\"http:\\/\\/festningen.local\\/restaurant#entry:3:url\\\">Les mer<\\/a>&nbsp; &nbsp;<\\/strong><br><\\/p>\"}}}}},\"38\":{\"modified\":\"0\",\"type\":\"designblokk\",\"enabled\":\"1\",\"collapsed\":\"0\",\"level\":\"0\",\"fields\":{\"mellomrom\":\"ingen\",\"tekstChkbox\":\"\",\"rikTekst\":\"<h2>Restauranten<\\/h2>\\r\\n<p><br>Lorem ipsum dolor sit amet<\\/p>\",\"bildeChkbox\":\"1\",\"bilde\":[\"6\"],\"bildeposisjon\":\"full\",\"bildetekstChkbox\":\"\",\"bildetekst\":\"\",\"bildetekstposisjon\":\"left\"}},\"45\":{\"modified\":\"0\",\"type\":\"designblokk\",\"enabled\":\"1\",\"collapsed\":\"0\",\"level\":\"0\",\"fields\":{\"mellomrom\":\"begge\",\"tekstChkbox\":\"1\",\"rikTekst\":\"<h2>Selskap<\\/h2>\\r\\n<p>Lorem ipsum dolor sit amet, bryllup adipiscing elit, sed do eiusmod d\\u00e5p og minnestund incididunt ut labore et dolore magna aliqua. Juleord og juleselskap enim ad minim veniam, quis nostrud exercitation ullamco laboris nisi.<\\/p>\\r\\n<p><br><\\/p>\\r\\n<p><a href=\\\"http:\\/\\/festningen.local\\/selskap#entry:4:url\\\">Les mer<\\/a><\\/p>\",\"bildeChkbox\":\"1\",\"bilde\":[\"6\"],\"bildeposisjon\":\"right\",\"bildetekstChkbox\":\"\",\"bildetekst\":\"\",\"bildetekstposisjon\":\"left\"}},\"46\":{\"modified\":\"0\",\"type\":\"designblokk\",\"enabled\":\"1\",\"collapsed\":\"0\",\"level\":\"0\",\"fields\":{\"mellomrom\":\"begge\",\"tekstChkbox\":\"1\",\"rikTekst\":\"<h2>Historiske omgivelser<\\/h2>\\r\\n<p>Lorem ipsum dolor sit amet, bryllup adipiscing elit, sed do eiusmod d\\u00e5p og minnestund incididunt ut labore et dolore magna aliqua. Juleord og juleselskap enim ad minim veniam, quis nostrud exercitation ullamco laboris nisi.<\\/p>\\r\\n<p><a href=\\\"http:\\/\\/festningen.local\\/selskap#entry:4:url\\\">Les mer<\\/a><\\/p>\",\"bildeChkbox\":\"1\",\"bilde\":[\"6\"],\"bildeposisjon\":\"left\",\"bildetekstChkbox\":\"\",\"bildetekst\":\"\",\"bildetekstposisjon\":\"left\"}}},\"23\":\"<p>P\\u00e5 historiske Kristiansten festning i Trondheim ligger <strong>Restaurant Kommandanten<\\/strong> i den gamle kommandant-boligen.<\\/p>\",\"25\":\"Festningen servering og kulturarena\",\"22\":[\"8\"]}}','2017-02-14 18:57:02','2017-02-14 18:57:02','4f844060-b7d6-4c94-891f-6922591c147b'),(68,2,1,1,'nb_no',65,'','{\"typeId\":null,\"authorId\":null,\"title\":\"Forside\",\"slug\":\"forside\",\"postDate\":1486740585,\"expiryDate\":null,\"enabled\":1,\"parentId\":null,\"fields\":{\"26\":{\"39\":{\"type\":\"5\",\"fields\":{\"tittel\":\"\\u00c5pningstider\",\"ikon\":[\"15\"],\"rikTekst\":\"<table><tbody><tr><td>Tirsdag - Fredag<\\/td><td>11:00 - 23:00<\\/td><\\/tr><tr><td>L\\u00f8rdag - S\\u00f8ndag<\\/td><td>11:00 - 23:00<\\/td><\\/tr><\\/tbody><\\/table>\\r\\n<p>M\\u00f8ter og lukkede selskap etter avtale<\\/p>\",\"knapp\":\"<p><a href=\\\"tel:2045052666\\\">TLF: 450 52 666<\\/a><\\/p>\"}},\"40\":{\"type\":\"5\",\"fields\":{\"tittel\":\"Booking\",\"ikon\":[\"16\"],\"rikTekst\":\"<p>Reserver bord eller book <strong>egne dedikerte&nbsp;selskapslokaler<\\/strong> med eget vertskap og&nbsp;underholdning<\\/p>\",\"knapp\":\"<p><a href=\\\"mailto:kommandanten@festningenservering.no\\\">Send epost<\\/a><\\/p>\"}}},\"104\":{\"51\":{\"type\":\"6\",\"fields\":{\"tittel\":\"Booking\",\"ikon\":[\"16\"],\"tekst\":\"Reserver selskalslokaler eller bord i restauranten\",\"map\":{\"lat\":\"63.42689290000001\",\"lng\":\"10.41063889999998\",\"zoom\":\"15\",\"address\":\"Kristiansten Festning, 7015 Trondheim, Norge\",\"parts\":{\"establishment\":\"Kristiansten Festning\",\"establishment_short\":\"Kristiansten Festning\",\"locality\":\"Trondheim\",\"locality_short\":\"Trondheim\",\"postal_town\":\"Trondheim\",\"postal_town_short\":\"Trondheim\",\"administrative_area_level_2\":\"Trondheim\",\"administrative_area_level_2_short\":\"Trondheim\",\"administrative_area_level_1\":\"S\\u00f8r-Tr\\u00f8ndelag\",\"administrative_area_level_1_short\":\"S\\u00f8r-Tr\\u00f8ndelag\",\"country\":\"Norge\",\"country_short\":\"NO\",\"postal_code\":\"7015\",\"postal_code_short\":\"7015\"}}}}},\"46\":{\"37\":{\"modified\":\"0\",\"type\":\"designblokk\",\"enabled\":\"1\",\"collapsed\":\"0\",\"level\":\"0\",\"fields\":{\"mellomrom\":\"begge\",\"tekstChkbox\":\"1\",\"rikTekst\":\"<h2>Restauranten<\\/h2>\\r\\n<p>Lorem ipsum dolor sit amet<\\/p>\\r\\n<p><a href=\\\"http:\\/\\/festningen.local\\/restaurant#entry:3:url\\\"><strong>Les mer<\\/strong><\\/a><\\/p>\",\"bildeChkbox\":\"1\",\"bilde\":[\"7\"],\"bildeposisjon\":\"right\",\"bildetekstChkbox\":\"\",\"bildetekst\":\"\",\"bildetekstposisjon\":\"left\"}},\"34\":{\"modified\":\"1\",\"type\":\"vareMenyer\",\"enabled\":\"1\",\"collapsed\":\"0\",\"level\":\"0\",\"fields\":{\"vareMenyer\":{\"41\":{\"type\":\"2\",\"fields\":{\"ikon\":\"\",\"tekst\":\"<h3>Ukens 3-retter<\\/h3>\\r\\n<p>Lorem ipsum dolor sit amet, consectetur adipiscing elit, sed do eiusmod tempor incididunt ut l abore et dolore magna aliqua. Ut enim ad minim veniam, quis nostrud exercitation ullamco laboris nisi. sed do eiusmod tempor incididunt ut l abore et dolore magna aliqua. Ut enim ad minim veniam, quis nostrud exercitation ullamco laboris nisi. sed do eiusmod tempor incididunt ut l abore et dolore magna aliqua. Ut enim ad minim veniam, quis nostrud exercitation ullamco laboris nisi.sed do eiusmod tempor incididunt ut l abore et dolore magna aliqua. Ut enim ad minim veniam, quis nostrud exercitation ullamco laboris nisi.<\\/p>\\r\\n<p><br><\\/p>\\r\\n<p><strong><a href=\\\"http:\\/\\/festningen.local\\/restaurant#entry:3:url\\\">Les mer<\\/a>&nbsp; &nbsp;<\\/strong><br><\\/p>\"}},\"35\":{\"type\":\"2\",\"fields\":{\"ikon\":[\"29\"],\"tekst\":\"<h3>V\\u00e5re menyer<\\/h3>\\r\\n<table><tbody><tr><td>Lunsj<\\/td><td>11:00 - 16:00<\\/td><\\/tr><tr><td>Klassisk<\\/td><td>16:00 - 23:00<\\/td><\\/tr><tr><td>Ukens 3-retter<\\/td><td>16:00 - 23:00<\\/td><\\/tr><\\/tbody><\\/table>\\r\\n<p><br><\\/p>\\r\\n<p><a href=\\\"http:\\/\\/festningen.local\\/restaurant#entry:3:url\\\"><strong>Les mer<\\/strong><\\/a><\\/p>\"}}}}},\"38\":{\"modified\":\"0\",\"type\":\"designblokk\",\"enabled\":\"1\",\"collapsed\":\"0\",\"level\":\"0\",\"fields\":{\"mellomrom\":\"ingen\",\"tekstChkbox\":\"\",\"rikTekst\":\"<h2>Restauranten<\\/h2>\\r\\n<p><br>Lorem ipsum dolor sit amet<\\/p>\",\"bildeChkbox\":\"1\",\"bilde\":[\"6\"],\"bildeposisjon\":\"full\",\"bildetekstChkbox\":\"\",\"bildetekst\":\"\",\"bildetekstposisjon\":\"left\"}},\"45\":{\"modified\":\"0\",\"type\":\"designblokk\",\"enabled\":\"1\",\"collapsed\":\"0\",\"level\":\"0\",\"fields\":{\"mellomrom\":\"begge\",\"tekstChkbox\":\"1\",\"rikTekst\":\"<h2>Selskap<\\/h2>\\r\\n<p>Lorem ipsum dolor sit amet, bryllup adipiscing elit, sed do eiusmod d\\u00e5p og minnestund incididunt ut labore et dolore magna aliqua. Juleord og juleselskap enim ad minim veniam, quis nostrud exercitation ullamco laboris nisi.<\\/p>\\r\\n<p><br><\\/p>\\r\\n<p><a href=\\\"http:\\/\\/festningen.local\\/selskap#entry:4:url\\\">Les mer<\\/a><\\/p>\",\"bildeChkbox\":\"1\",\"bilde\":[\"6\"],\"bildeposisjon\":\"right\",\"bildetekstChkbox\":\"\",\"bildetekst\":\"\",\"bildetekstposisjon\":\"left\"}},\"46\":{\"modified\":\"0\",\"type\":\"designblokk\",\"enabled\":\"1\",\"collapsed\":\"0\",\"level\":\"0\",\"fields\":{\"mellomrom\":\"begge\",\"tekstChkbox\":\"1\",\"rikTekst\":\"<h2>Historiske omgivelser<\\/h2>\\r\\n<p>Lorem ipsum dolor sit amet, bryllup adipiscing elit, sed do eiusmod d\\u00e5p og minnestund incididunt ut labore et dolore magna aliqua. Juleord og juleselskap enim ad minim veniam, quis nostrud exercitation ullamco laboris nisi.<\\/p>\\r\\n<p><a href=\\\"http:\\/\\/festningen.local\\/selskap#entry:4:url\\\">Les mer<\\/a><\\/p>\",\"bildeChkbox\":\"1\",\"bilde\":[\"6\"],\"bildeposisjon\":\"left\",\"bildetekstChkbox\":\"\",\"bildetekst\":\"\",\"bildetekstposisjon\":\"left\"}}},\"23\":\"<p>P\\u00e5 historiske Kristiansten festning i Trondheim ligger <strong>Restaurant Kommandanten<\\/strong> i den gamle kommandant-boligen.<\\/p>\",\"25\":\"Festningen servering og kulturarena\",\"22\":[\"8\"]}}','2017-02-14 19:12:31','2017-02-14 19:12:31','c6c97f43-7841-41b2-87ed-c5a69697ef33'),(69,3,2,1,'nb_no',2,'','{\"typeId\":null,\"authorId\":null,\"title\":\"Restaurant\",\"slug\":\"restaurant\",\"postDate\":1486740601,\"expiryDate\":null,\"enabled\":1,\"parentId\":null,\"fields\":{\"23\":\"<p>Lorem ippsum<\\/p>\",\"25\":\"Restaurant Kommandanten\",\"22\":[\"9\"]}}','2017-02-15 15:55:35','2017-02-15 15:55:35','cc50e555-121c-40b7-b8f7-108cd61ad07b'),(70,3,2,1,'nb_no',3,'','{\"typeId\":null,\"authorId\":null,\"title\":\"Restaurant\",\"slug\":\"restaurant\",\"postDate\":1486740601,\"expiryDate\":null,\"enabled\":1,\"parentId\":null,\"fields\":{\"23\":\"<p>Lorem ippsum<\\/p>\",\"25\":\"Restaurant Kommandanten\",\"22\":[\"9\"]}}','2017-02-15 15:56:48','2017-02-15 15:56:48','d2bd58f9-0faa-4758-853a-bf2ea76d475a'),(73,88,5,1,'nb_no',1,'','{\"typeId\":null,\"authorId\":\"1\",\"title\":\"Festningens sm\\u00f8rbr\\u00f8d\",\"slug\":\"festningens-sm\\u00f8rbr\\u00f8d\",\"postDate\":1487547197,\"expiryDate\":null,\"enabled\":1,\"parentId\":null,\"fields\":{\"111\":[\"52\"]}}','2017-02-19 23:33:17','2017-02-19 23:33:17','0b2e9660-812c-406c-8790-c820a2073e2b'),(74,3,2,1,'nb_no',4,'','{\"typeId\":null,\"authorId\":null,\"title\":\"Restaurant\",\"slug\":\"restaurant\",\"postDate\":1486740601,\"expiryDate\":null,\"enabled\":1,\"parentId\":null,\"fields\":{\"114\":{\"new1\":{\"type\":\"meny\",\"enabled\":\"1\",\"fields\":{\"tittel\":\"Lunsjmeny\",\"tidspunkt\":[{\"col1\":\"11:00\",\"col2\":\"16:00\"}],\"oppskrifter\":[\"88\"]}}},\"23\":\"<p>Lorem ippsum<\\/p>\",\"25\":\"Restaurant Kommandanten\",\"22\":[\"9\"]}}','2017-02-19 23:38:07','2017-02-19 23:38:07','735465fb-d50a-4794-9e93-fc2fdb3b6a2e'),(75,88,5,1,'nb_no',2,'','{\"typeId\":\"5\",\"authorId\":\"1\",\"title\":\"Festningens sm\\u00f8rbr\\u00f8d\",\"slug\":\"festningens-sm\\u00f8rbr\\u00f8d\",\"postDate\":1487547180,\"expiryDate\":null,\"enabled\":1,\"parentId\":null,\"fields\":{\"111\":[\"57\",\"87\"]}}','2017-02-19 23:39:43','2017-02-19 23:39:43','e1f417c9-2e07-4d54-b54b-276004b8de81'),(76,3,2,1,'nb_no',5,'','{\"typeId\":null,\"authorId\":null,\"title\":\"Restaurant\",\"slug\":\"restaurant\",\"postDate\":1486740601,\"expiryDate\":null,\"enabled\":1,\"parentId\":null,\"fields\":{\"114\":{\"89\":{\"type\":\"meny\",\"enabled\":\"1\",\"fields\":{\"tittel\":\"Lunsjmeny\",\"tidspunkt\":\"11:00 - 16:00\",\"oppskrifter\":[\"88\"]}}},\"23\":\"<p>Lorem ippsum<\\/p>\",\"25\":\"Restaurant Kommandanten\",\"22\":[\"9\"]}}','2017-02-20 11:55:05','2017-02-20 11:55:05','efdaa682-5fd0-4b02-b473-7ee0cb0bbd36'),(77,88,5,1,'nb_no',3,'','{\"typeId\":\"5\",\"authorId\":\"1\",\"title\":\"Festningens sm\\u00f8rbr\\u00f8d\",\"slug\":\"festningens-sm\\u00f8rbr\\u00f8d\",\"postDate\":1487547180,\"expiryDate\":null,\"enabled\":1,\"parentId\":null,\"fields\":{\"127\":{\"new1\":{\"type\":\"9\",\"fields\":{\"tekst\":\"<p>Sm\\u00f8rbr\\u00f8d av hjemmebakt br\\u00f8d med tomat, dijon-dressing, l\\u00f8k,&nbsp;serranoskinke med bl\\u00e5mugg eller hvit geitost. Gratineres i ovnen,&nbsp;serveres med stekte poteter og aioli.<\\/p>\",\"allergener\":[\"119\",\"98\",\"105\",\"109\"],\"pris\":\"139,-\"}}}}}','2017-02-20 12:53:49','2017-02-20 12:53:49','7a063ee1-a1a8-4f35-afd9-c552af6cbda0'),(78,134,5,1,'nb_no',1,'','{\"typeId\":null,\"authorId\":\"1\",\"title\":\"Sm\\u00f8rbr\\u00f8d med r\\u00f8kt \\u00f8rret\",\"slug\":\"sm\\u00f8rbr\\u00f8d-med-r\\u00f8kt-\\u00f8rret\",\"postDate\":1487595320,\"expiryDate\":null,\"enabled\":1,\"parentId\":null,\"fields\":{\"127\":{\"new1\":{\"type\":\"9\",\"fields\":{\"tekst\":\"<p>Sm\\u00f8rbr\\u00f8d med \\u00f8rret fra festningens r\\u00f8ykeri. Serveres p\\u00e5 hjemmebakt br\\u00f8d med tomat, agurk, r\\u00f8dl\\u00f8k, salat og dressing. Toppes med friterte aspargesb\\u00f8nner.<\\/p>\",\"allergener\":[\"119\",\"98\",\"105\",\"106\"],\"pris\":\"139\"}}}}}','2017-02-20 12:55:20','2017-02-20 12:55:20','7206d1a1-92fe-43bf-8bea-eb9de8005bbb'),(79,88,5,1,'nb_no',4,'','{\"typeId\":\"5\",\"authorId\":\"1\",\"title\":\"Festningens sm\\u00f8rbr\\u00f8d\",\"slug\":\"festningens-sm\\u00f8rbr\\u00f8d\",\"postDate\":1487547180,\"expiryDate\":null,\"enabled\":1,\"parentId\":null,\"fields\":{\"127\":{\"133\":{\"type\":\"9\",\"fields\":{\"tekst\":\"<p>Sm\\u00f8rbr\\u00f8d av hjemmebakt br\\u00f8d med tomat, dijon-dressing, l\\u00f8k,&nbsp;serranoskinke med bl\\u00e5mugg eller hvit geitost. Gratineres i ovnen,&nbsp;serveres med stekte poteter og aioli.<\\/p>\",\"allergener\":[\"119\",\"98\",\"105\",\"109\"],\"pris\":\"139\"}}}}}','2017-02-20 12:55:41','2017-02-20 12:55:41','3c6aabd1-9ed8-454a-88c1-21d96b3194a1'),(80,136,5,1,'nb_no',1,'','{\"typeId\":null,\"authorId\":\"1\",\"title\":\"Finnbiff\",\"slug\":\"finnbiff\",\"postDate\":1487595373,\"expiryDate\":null,\"enabled\":1,\"parentId\":null,\"fields\":{\"127\":{\"new1\":{\"type\":\"9\",\"fields\":{\"tekst\":\"<p>Tynne skiver av reinsdyrkj\\u00f8tt, rot-gr\\u00f8nnsaker, viltsaus og tytteb\\u00e6r. Serveres med tr\\u00f8ffelpotetmos.<\\/p>\",\"allergener\":[\"109\"],\"pris\":\"149\"}}}}}','2017-02-20 12:56:14','2017-02-20 12:56:14','2d41a6da-69de-45f5-9143-9876b1451f7b'),(81,138,5,1,'nb_no',1,'','{\"typeId\":null,\"authorId\":\"1\",\"title\":\"Soppsuppe\",\"slug\":\"soppsuppe\",\"postDate\":1487595587,\"expiryDate\":null,\"enabled\":1,\"parentId\":null,\"fields\":{\"127\":{\"new1\":{\"type\":\"9\",\"fields\":{\"tekst\":\"<p>Kremet soppsuppe. Serveres med ferskt br\\u00f8d og ulike dressinger. Toppes med hjemmelaget bacon og krutonger.<\\/p>\",\"allergener\":[\"105\",\"109\",\"124\"],\"pris\":\"139\"}}}}}','2017-02-20 12:59:47','2017-02-20 12:59:47','4451bc1b-4827-4740-8252-3b1a0339be98'),(82,140,5,1,'nb_no',1,'','{\"typeId\":null,\"authorId\":\"1\",\"title\":\"Kommandantens burger\",\"slug\":\"kommandantens-burger\",\"postDate\":1487595623,\"expiryDate\":null,\"enabled\":1,\"parentId\":null,\"fields\":{\"127\":{\"new1\":{\"type\":\"9\",\"fields\":{\"tekst\":\"<p>Hjemmelaget hamburger med bacon fra eget r\\u00f8ykeri. Salat, tomat, sylteagurk, l\\u00f8k, bbq-saus og cheddarost. Serveres med aioli og stekte poteter. Serveres hele dagen.<br><\\/p>\",\"allergener\":[\"119\",\"98\",\"105\",\"109\"],\"pris\":\"185\"}}}}}','2017-02-20 13:00:23','2017-02-20 13:00:23','ecbb5565-6954-4656-ba03-6d1d96b93361'),(83,142,5,1,'nb_no',1,'','{\"typeId\":null,\"authorId\":\"1\",\"title\":\"Festningens kaker\",\"slug\":\"festningens-kaker\",\"postDate\":1487595663,\"expiryDate\":null,\"enabled\":1,\"parentId\":null,\"fields\":{\"127\":{\"new1\":{\"type\":\"9\",\"fields\":{\"tekst\":\"<p>Velg mellom v\\u00e5re hjemmelagde kaker. Sp\\u00f8r din servit\\u00f8r om utvalg. Serveres med vaniljeis, karamellisert hvit sjokolade, r\\u00f8rte skogsb\\u00e6r og crumble<br><\\/p>\",\"allergener\":[\"119\",\"98\",\"105\",\"109\",\"117\",\"111\"],\"pris\":\"79\"}}}}}','2017-02-20 13:01:03','2017-02-20 13:01:03','60f0f986-bacc-4511-bef8-bde9258e3831'),(84,144,5,1,'nb_no',1,'','{\"typeId\":null,\"authorId\":\"1\",\"title\":\"Deletallerken (min 2 pers)\",\"slug\":\"deletallerken-min-2-pers\",\"postDate\":1487595784,\"expiryDate\":null,\"enabled\":1,\"parentId\":null,\"fields\":{\"127\":{\"new1\":{\"type\":\"9\",\"fields\":{\"tekst\":\"<p>V\\u00e5re spesialiteter fra kj\\u00f8kken og urtehage samlet p\\u00e5 en spekefj\\u00f8l. Fritert brandad og oksehalekule, sukkersaltet \\u00f8rret, r\\u00f8kt \\u00f8rret, gravet rein, flatbr\\u00f8d, chips og ulike dressinger.<\\/p>\",\"allergener\":[\"119\",\"98\",\"105\",\"106\",\"108\",\"109\",\"117\",\"111\",\"122\",\"124\",\"126\"],\"pris\":\"150,- pr.pers\"}}}}}','2017-02-20 13:03:05','2017-02-20 13:03:05','fc0cc705-8397-4bbf-b7d4-aa0aa1a4ec60'),(85,146,5,1,'nb_no',1,'','{\"typeId\":null,\"authorId\":\"1\",\"title\":\"Torsk\",\"slug\":\"torsk\",\"postDate\":1487595822,\"expiryDate\":null,\"enabled\":1,\"parentId\":null,\"fields\":{\"127\":{\"new1\":{\"type\":\"9\",\"fields\":{\"tekst\":\"<p>Pannestekt torsk med l\\u00f8kkrem, brent sm\\u00e5l\\u00f8k og bl\\u00e5skjell. Fondantpotet og skalldyrskum.<\\/p>\",\"allergener\":[\"104\",\"106\",\"109\"],\"pris\":\"295\"}}}}}','2017-02-20 13:03:42','2017-02-20 13:03:42','fa36744b-6889-4033-9de3-29188f1d63ed'),(86,148,5,1,'nb_no',1,'','{\"typeId\":null,\"authorId\":\"1\",\"title\":\"Rein\",\"slug\":\"rein\",\"postDate\":1487595846,\"expiryDate\":null,\"enabled\":1,\"parentId\":null,\"fields\":{\"127\":{\"new1\":{\"type\":\"9\",\"fields\":{\"tekst\":\"<p>Rein med ristet jordskokkpur\\u00e9, beter, l\\u00f8k, syltet kantarell, grov potetmos og r\\u00f8dvinssaus\\r\\n<\\/p>\",\"allergener\":[\"109\"],\"pris\":\"325,-\"}}}}}','2017-02-20 13:04:06','2017-02-20 13:04:06','aedc0e75-5a4c-4e8f-934a-3f0b40404fe6'),(87,150,5,1,'nb_no',1,'','{\"typeId\":null,\"authorId\":\"1\",\"title\":\"Ostefat\",\"slug\":\"ostefat\",\"postDate\":1487595879,\"expiryDate\":null,\"enabled\":1,\"parentId\":null,\"fields\":{\"127\":{\"new1\":{\"type\":\"9\",\"fields\":{\"tekst\":\"<p>3 norske oster med fikenmarmelade, syrlig eple og n\\u00f8ttebr\\u00f8d.<\\/p>\",\"allergener\":[\"119\",\"98\",\"109\",\"117\",\"111\"],\"pris\":\"149,-\"}}}}}','2017-02-20 13:04:39','2017-02-20 13:04:39','f91b6073-09e4-4e3b-9039-1a60f9eaa400'),(88,152,5,1,'nb_no',1,'','{\"typeId\":null,\"authorId\":\"1\",\"title\":\"Frukt og fl\\u00f8teis\",\"slug\":\"frukt-og-fl\\u00f8teis\",\"postDate\":1487595915,\"expiryDate\":null,\"enabled\":1,\"parentId\":null,\"fields\":{\"127\":{\"new1\":{\"type\":\"9\",\"fields\":{\"tekst\":\"<p>Frukt og fl\\u00f8teis med brunet sm\\u00f8r og touille-kjeks<\\/p>\",\"allergener\":[\"119\",\"98\",\"109\",\"117\",\"111\"],\"pris\":\"149,-\"}}}}}','2017-02-20 13:05:15','2017-02-20 13:05:15','e35b4cd6-5205-4f73-91bb-b7e150c67998'),(89,154,5,1,'nb_no',1,'','{\"typeId\":null,\"authorId\":\"1\",\"title\":\"Hvit sjokolade og kaffe\",\"slug\":\"hvit-sjokolade-og-kaffe\",\"postDate\":1487595963,\"expiryDate\":null,\"enabled\":1,\"parentId\":null,\"fields\":{\"127\":{\"new1\":{\"type\":\"9\",\"fields\":{\"tekst\":\"<p>Hvit sjokolade og kaffeganache med tinnved og eplekakestr\\u00f8.<\\/p>\",\"allergener\":[\"119\",\"98\",\"105\",\"109\"],\"pris\":\"149,-\"}}}}}','2017-02-20 13:06:03','2017-02-20 13:06:03','34df40be-a6ec-4014-a71d-eee5f4c31d86'),(90,3,2,1,'nb_no',6,'','{\"typeId\":null,\"authorId\":null,\"title\":\"Restaurant\",\"slug\":\"restaurant\",\"postDate\":1486740601,\"expiryDate\":null,\"enabled\":1,\"parentId\":null,\"fields\":{\"114\":{\"89\":{\"type\":\"meny\",\"enabled\":\"1\",\"fields\":{\"tittel\":\"Lunsjmeny\",\"tidspunkt\":\"11:00 - 16:00\",\"oppskrifter\":[\"88\",\"134\",\"136\",\"138\",\"140\",\"142\"]}}},\"23\":\"<p>Lorem ippsum<\\/p>\",\"25\":\"Restaurant Kommandanten\",\"22\":[\"9\"]}}','2017-02-20 13:08:24','2017-02-20 13:08:24','0e25c0b2-f34a-49da-a6b3-7c9132d26277'),(91,3,2,1,'nb_no',7,'','{\"typeId\":null,\"authorId\":null,\"title\":\"Restaurant\",\"slug\":\"restaurant\",\"postDate\":1486740601,\"expiryDate\":null,\"enabled\":1,\"parentId\":null,\"fields\":{\"114\":{\"89\":{\"type\":\"meny\",\"enabled\":\"1\",\"fields\":{\"tittel\":\"Lunsjmeny\",\"tidspunkt\":\"11:00 - 16:00\",\"oppskrifter\":[\"88\",\"134\",\"136\",\"138\",\"140\",\"142\"]}},\"new1\":{\"type\":\"meny\",\"enabled\":\"1\",\"fields\":{\"tittel\":\"Klassisk meny\",\"tidspunkt\":\"16:00 - 23:00\",\"oppskrifter\":[\"144\",\"138\",\"140\",\"146\",\"148\",\"150\",\"152\",\"154\"]}},\"new2\":{\"type\":\"meny\",\"enabled\":\"1\",\"fields\":{\"tittel\":\"Ukens 3-retter\",\"tidspunkt\":\"16:00 - 23:00\",\"oppskrifter\":[\"154\"]}}},\"23\":\"<p>Lorem ippsum<\\/p>\",\"25\":\"Restaurant Kommandanten\",\"22\":[\"9\"]}}','2017-02-20 13:34:12','2017-02-20 13:34:12','c4888e94-e73c-4aa5-8003-46af73cb9d0b'),(92,3,2,1,'nb_no',8,'','{\"typeId\":null,\"authorId\":null,\"title\":\"Restaurant\",\"slug\":\"restaurant\",\"postDate\":1486740601,\"expiryDate\":null,\"enabled\":1,\"parentId\":null,\"fields\":{\"114\":{\"89\":{\"type\":\"meny\",\"enabled\":\"1\",\"fields\":{\"tittel\":\"Lunsjmeny\",\"tidspunkt\":\"11:00 - 16:00\",\"oppskrifter\":[\"88\",\"134\",\"136\",\"138\",\"140\",\"142\"]}},\"156\":{\"type\":\"meny\",\"enabled\":\"1\",\"fields\":{\"tittel\":\"Klassisk meny\",\"tidspunkt\":\"16:00 - 23:00\",\"oppskrifter\":[\"144\",\"138\",\"140\",\"146\",\"148\",\"150\",\"152\",\"154\"]}},\"157\":{\"type\":\"meny\",\"enabled\":\"1\",\"fields\":{\"tittel\":\"Ukens 3-retter\",\"tidspunkt\":\"16:00 - 23:00\",\"oppskrifter\":[\"154\"]}}},\"23\":\"<p>Vi byr p\\u00e5 gode mat og drikkeopplevelser p\\u00e5 Trondheims tak, med kortreist mat fra de tr\\u00f8nderske fylker. Her kan du slappe av i solen ved v\\u00e5r popul\\u00e6re uteserveringen, se solnedgangen over Trondheim i festlig lag, eller hygge deg med et godt m\\u00e5ltid inne i restauranten<\\/p>\",\"25\":\"Restaurant Kommandanten\",\"22\":[\"9\"]}}','2017-02-20 13:40:48','2017-02-20 13:40:48','205c991e-c944-4ab5-81bd-d5c999bb102b'),(93,3,2,1,'nb_no',9,'','{\"typeId\":null,\"authorId\":null,\"title\":\"Restaurant\",\"slug\":\"restaurant\",\"postDate\":1486740601,\"expiryDate\":null,\"enabled\":1,\"parentId\":null,\"fields\":{\"114\":{\"89\":{\"type\":\"meny\",\"enabled\":\"1\",\"fields\":{\"tittel\":\"Lunsjmeny\",\"tidspunkt\":\"11:00 - 16:00\",\"oppskrifter\":[\"88\",\"134\",\"136\",\"138\",\"140\",\"142\"]}},\"156\":{\"type\":\"meny\",\"enabled\":\"1\",\"fields\":{\"tittel\":\"Klassisk meny\",\"tidspunkt\":\"16:00 - 23:00\",\"oppskrifter\":[\"144\",\"138\",\"140\",\"146\",\"148\",\"150\",\"152\",\"154\"]}},\"157\":{\"type\":\"meny\",\"enabled\":\"1\",\"fields\":{\"tittel\":\"Ukens 3-retter\",\"tidspunkt\":\"16:00 - 23:00\",\"oppskrifter\":[\"154\",\"146\"]}}},\"23\":\"<p>Vi byr p\\u00e5 gode mat og drikkeopplevelser p\\u00e5 Trondheims tak, med kortreist mat fra de tr\\u00f8nderske fylker. Her kan du slappe av i solen ved v\\u00e5r popul\\u00e6re uteserveringen, se solnedgangen over Trondheim i festlig lag, eller hygge deg med et godt m\\u00e5ltid inne i restauranten<\\/p>\",\"25\":\"Restaurant Kommandanten\",\"22\":[\"9\"]}}','2017-02-20 14:28:31','2017-02-20 14:28:31','dbe6b928-dfb4-41fb-bb20-29e48c7bff3c'),(94,146,5,1,'nb_no',2,'','{\"typeId\":\"5\",\"authorId\":\"1\",\"title\":\"Torsk\",\"slug\":\"torsk\",\"postDate\":1487595780,\"expiryDate\":null,\"enabled\":1,\"parentId\":null,\"fields\":{\"127\":{\"147\":{\"type\":\"9\",\"fields\":{\"tekst\":\"<p>Pannestekt torsk med l\\u00f8kkrem, brent sm\\u00e5l\\u00f8k og bl\\u00e5skjell. Fondantpotet og skalldyrskum.<\\/p>\",\"allergener\":[\"104\",\"106\",\"109\"],\"pris\":\"295\"}}}}}','2017-02-20 14:29:19','2017-02-20 14:29:19','e3268c67-6ae3-4863-8987-e03cf038038f'),(95,146,5,1,'nb_no',3,'','{\"typeId\":\"5\",\"authorId\":\"1\",\"title\":\"Torsk\",\"slug\":\"torsk\",\"postDate\":1487595780,\"expiryDate\":null,\"enabled\":1,\"parentId\":null,\"fields\":{\"127\":{\"147\":{\"type\":\"9\",\"fields\":{\"tekst\":\"<p>Pannestekt torsk med l\\u00f8kkrem, brent sm\\u00e5l\\u00f8k og bl\\u00e5skjell. Fondantpotet og skalldyrskum.<\\/p>\",\"allergener\":[\"104\",\"106\",\"109\"],\"pris\":\"295,-\"}}}}}','2017-02-20 14:29:34','2017-02-20 14:29:34','80d92c8c-fd73-4fd6-a39c-910fe1ef4437'),(96,142,5,1,'nb_no',2,'','{\"typeId\":\"5\",\"authorId\":\"1\",\"title\":\"Festningens kaker\",\"slug\":\"festningens-kaker\",\"postDate\":1487595660,\"expiryDate\":null,\"enabled\":1,\"parentId\":null,\"fields\":{\"127\":{\"143\":{\"type\":\"9\",\"fields\":{\"tekst\":\"<p>Velg mellom v\\u00e5re hjemmelagde kaker. Sp\\u00f8r din servit\\u00f8r om utvalg. Serveres med vaniljeis, karamellisert hvit sjokolade, r\\u00f8rte skogsb\\u00e6r og crumble<br><\\/p>\",\"allergener\":[\"119\",\"98\",\"105\",\"109\",\"117\",\"111\"],\"pris\":\"79,-\"}}}}}','2017-02-20 14:30:26','2017-02-20 14:30:26','40564aa0-f5e7-4b3b-af1b-793030dca77b'),(97,140,5,1,'nb_no',2,'','{\"typeId\":\"5\",\"authorId\":\"1\",\"title\":\"Kommandantens burger\",\"slug\":\"kommandantens-burger\",\"postDate\":1487595600,\"expiryDate\":null,\"enabled\":1,\"parentId\":null,\"fields\":{\"127\":{\"141\":{\"type\":\"9\",\"fields\":{\"tekst\":\"<p>Hjemmelaget hamburger med bacon fra eget r\\u00f8ykeri. Salat, tomat, sylteagurk, l\\u00f8k, bbq-saus og cheddarost. Serveres med aioli og stekte poteter. Serveres hele dagen.<br><\\/p>\",\"allergener\":[\"119\",\"98\",\"105\",\"109\"],\"pris\":\"185,-\"}}}}}','2017-02-20 14:30:33','2017-02-20 14:30:33','351090da-e399-4b2d-8d90-fe2d79309804'),(98,138,5,1,'nb_no',2,'','{\"typeId\":\"5\",\"authorId\":\"1\",\"title\":\"Soppsuppe\",\"slug\":\"soppsuppe\",\"postDate\":1487595540,\"expiryDate\":null,\"enabled\":1,\"parentId\":null,\"fields\":{\"127\":{\"139\":{\"type\":\"9\",\"fields\":{\"tekst\":\"<p>Kremet soppsuppe. Serveres med ferskt br\\u00f8d og ulike dressinger. Toppes med hjemmelaget bacon og krutonger.<\\/p>\",\"allergener\":[\"105\",\"109\",\"124\"],\"pris\":\"139,-\"}}}}}','2017-02-20 14:30:41','2017-02-20 14:30:41','8180ccf8-a916-4628-9493-6da7b5710969'),(99,136,5,1,'nb_no',2,'','{\"typeId\":\"5\",\"authorId\":\"1\",\"title\":\"Finnbiff\",\"slug\":\"finnbiff\",\"postDate\":1487595360,\"expiryDate\":null,\"enabled\":1,\"parentId\":null,\"fields\":{\"127\":{\"137\":{\"type\":\"9\",\"fields\":{\"tekst\":\"<p>Tynne skiver av reinsdyrkj\\u00f8tt, rot-gr\\u00f8nnsaker, viltsaus og tytteb\\u00e6r. Serveres med tr\\u00f8ffelpotetmos.<\\/p>\",\"allergener\":[\"109\"],\"pris\":\"149,-\"}}}}}','2017-02-20 14:30:53','2017-02-20 14:30:53','ad0670fb-8b26-447b-bc9e-09ef8c7c5aea'),(100,134,5,1,'nb_no',2,'','{\"typeId\":\"5\",\"authorId\":\"1\",\"title\":\"Sm\\u00f8rbr\\u00f8d med r\\u00f8kt \\u00f8rret\",\"slug\":\"sm\\u00f8rbr\\u00f8d-med-r\\u00f8kt-\\u00f8rret\",\"postDate\":1487595300,\"expiryDate\":null,\"enabled\":1,\"parentId\":null,\"fields\":{\"127\":{\"135\":{\"type\":\"9\",\"fields\":{\"tekst\":\"<p>Sm\\u00f8rbr\\u00f8d med \\u00f8rret fra festningens r\\u00f8ykeri. Serveres p\\u00e5 hjemmebakt br\\u00f8d med tomat, agurk, r\\u00f8dl\\u00f8k, salat og dressing. Toppes med friterte aspargesb\\u00f8nner.<\\/p>\",\"allergener\":[\"119\",\"98\",\"105\",\"106\"],\"pris\":\"139,-\"}}}}}','2017-02-20 14:31:00','2017-02-20 14:31:00','345cd519-744d-40a5-bf6b-d1a8ac8d3f9f'),(101,88,5,1,'nb_no',5,'','{\"typeId\":\"5\",\"authorId\":\"1\",\"title\":\"Festningens sm\\u00f8rbr\\u00f8d\",\"slug\":\"festningens-sm\\u00f8rbr\\u00f8d\",\"postDate\":1487547180,\"expiryDate\":null,\"enabled\":1,\"parentId\":null,\"fields\":{\"127\":{\"133\":{\"type\":\"9\",\"fields\":{\"tekst\":\"<p>Sm\\u00f8rbr\\u00f8d av hjemmebakt br\\u00f8d med tomat, dijon-dressing, l\\u00f8k,&nbsp;serranoskinke med bl\\u00e5mugg eller hvit geitost. Gratineres i ovnen,&nbsp;serveres med stekte poteter og aioli.<\\/p>\",\"allergener\":[\"119\",\"98\",\"105\",\"109\"],\"pris\":\"139,-\"}}}}}','2017-02-20 14:31:09','2017-02-20 14:31:09','704e6f5a-b94b-42ab-a41c-ecb08c3bc70c'),(102,3,2,1,'nb_no',10,'','{\"typeId\":null,\"authorId\":null,\"title\":\"Restaurant\",\"slug\":\"restaurant\",\"postDate\":1486740601,\"expiryDate\":null,\"enabled\":1,\"parentId\":null,\"fields\":{\"114\":{\"89\":{\"type\":\"meny\",\"enabled\":\"1\",\"fields\":{\"ikon\":[\"158\"],\"tittel\":\"Lunsjmeny\",\"tidspunkt\":\"11:00 - 16:00\",\"oppskrifter\":[\"88\",\"134\",\"136\",\"138\",\"140\",\"142\"]}},\"156\":{\"type\":\"meny\",\"enabled\":\"1\",\"fields\":{\"ikon\":[\"158\"],\"tittel\":\"Klassisk meny\",\"tidspunkt\":\"16:00 - 23:00\",\"oppskrifter\":[\"144\",\"138\",\"140\",\"146\",\"148\",\"150\",\"152\",\"154\"]}},\"157\":{\"type\":\"meny\",\"enabled\":\"1\",\"fields\":{\"ikon\":[\"158\"],\"tittel\":\"Ukens 3-retter\",\"tidspunkt\":\"16:00 - 23:00\",\"oppskrifter\":[\"154\",\"146\"]}}},\"23\":\"<p>Vi byr p\\u00e5 gode mat og drikkeopplevelser p\\u00e5 Trondheims tak, med kortreist mat fra de tr\\u00f8nderske fylker. Her kan du slappe av i solen ved v\\u00e5r popul\\u00e6re uteserveringen, se solnedgangen over Trondheim i festlig lag, eller hygge deg med et godt m\\u00e5ltid inne i restauranten<\\/p>\",\"25\":\"Restaurant Kommandanten\",\"22\":[\"9\"]}}','2017-02-21 12:12:49','2017-02-21 12:12:49','075d3047-6e02-41cc-81ad-6d83ebea786b'),(103,3,2,1,'nb_no',11,'','{\"typeId\":null,\"authorId\":null,\"title\":\"Restaurant\",\"slug\":\"restaurant\",\"postDate\":1486740601,\"expiryDate\":null,\"enabled\":1,\"parentId\":null,\"fields\":{\"114\":{\"89\":{\"type\":\"meny\",\"enabled\":\"1\",\"fields\":{\"ikon\":[\"158\"],\"tittel\":\"Lunsjmeny\",\"tidspunkt\":\"11:00 - 16:00\",\"oppskrifter\":[\"88\",\"134\",\"136\",\"138\",\"140\",\"142\"]}},\"156\":{\"type\":\"meny\",\"enabled\":\"1\",\"fields\":{\"ikon\":[\"158\"],\"tittel\":\"Klassisk meny\",\"tidspunkt\":\"16:00 - 23:00\",\"oppskrifter\":[\"144\",\"138\",\"140\",\"146\",\"148\",\"150\",\"152\",\"154\"]}},\"157\":{\"type\":\"meny\",\"enabled\":\"1\",\"fields\":{\"ikon\":[\"158\"],\"tittel\":\"Ukens 3-retter\",\"tidspunkt\":\"16:00 - 23:00\",\"oppskrifter\":[\"154\",\"146\",\"150\",\"148\",\"136\",\"134\"]}}},\"23\":\"<p>Vi byr p\\u00e5 gode mat og drikkeopplevelser p\\u00e5 Trondheims tak, med kortreist mat fra de tr\\u00f8nderske fylker. Her kan du slappe av i solen ved v\\u00e5r popul\\u00e6re uteserveringen, se solnedgangen over Trondheim i festlig lag, eller hygge deg med et godt m\\u00e5ltid inne i restauranten<\\/p>\",\"25\":\"Restaurant Kommandanten\",\"22\":[\"9\"]}}','2017-02-26 16:12:12','2017-02-26 16:12:12','39686187-94ec-4651-b8d7-6ccdc226f399'),(104,2,1,1,'nb_no',66,'','{\"typeId\":null,\"authorId\":null,\"title\":\"Forside\",\"slug\":\"forside\",\"postDate\":1486740585,\"expiryDate\":null,\"enabled\":1,\"parentId\":null,\"fields\":{\"26\":{\"39\":{\"type\":\"5\",\"fields\":{\"tittel\":\"\\u00c5pningstider\",\"ikon\":[\"15\"],\"rikTekst\":\"<table><tbody><tr><td>Tirsdag - Fredag<\\/td><td>11:00 - 23:00<\\/td><\\/tr><tr><td>L\\u00f8rdag - S\\u00f8ndag<\\/td><td>11:00 - 23:00<\\/td><\\/tr><\\/tbody><\\/table>\\r\\n<p>M\\u00f8ter og lukkede selskap etter avtale<\\/p>\",\"knapp\":\"<p><a href=\\\"tel:2045052666\\\">TLF: 450 52 666<\\/a><\\/p>\"}},\"40\":{\"type\":\"5\",\"fields\":{\"tittel\":\"Booking\",\"ikon\":[\"16\"],\"rikTekst\":\"<p>Reserver bord eller book <strong>egne dedikerte&nbsp;selskapslokaler<\\/strong> med eget vertskap og&nbsp;underholdning<\\/p>\",\"knapp\":\"<p><a href=\\\"mailto:kommandanten@festningenservering.no\\\">Send epost<\\/a><\\/p>\"}}},\"104\":{\"51\":{\"type\":\"6\",\"fields\":{\"tittel\":\"Booking\",\"ikon\":[\"16\"],\"tekst\":\"Reserver selskalslokaler eller bord i restauranten\",\"map\":{\"lat\":\"63.42689290000001\",\"lng\":\"10.41063889999998\",\"zoom\":\"15\",\"address\":\"Kristiansten Festning, 7015 Trondheim, Norge\",\"parts\":{\"establishment\":\"Kristiansten Festning\",\"establishment_short\":\"Kristiansten Festning\",\"locality\":\"Trondheim\",\"locality_short\":\"Trondheim\",\"postal_town\":\"Trondheim\",\"postal_town_short\":\"Trondheim\",\"administrative_area_level_2\":\"Trondheim\",\"administrative_area_level_2_short\":\"Trondheim\",\"administrative_area_level_1\":\"S\\u00f8r-Tr\\u00f8ndelag\",\"administrative_area_level_1_short\":\"S\\u00f8r-Tr\\u00f8ndelag\",\"country\":\"Norge\",\"country_short\":\"NO\",\"postal_code\":\"7015\",\"postal_code_short\":\"7015\"}}}}},\"46\":{\"37\":{\"modified\":\"0\",\"type\":\"designblokk\",\"enabled\":\"1\",\"collapsed\":\"0\",\"level\":\"0\",\"fields\":{\"mellomrom\":\"begge\",\"tekstChkbox\":\"1\",\"rikTekst\":\"<h2>Restauranten<\\/h2>\\r\\n<p>Lorem ipsum dolor sit amet<\\/p>\\r\\n<p><a href=\\\"http:\\/\\/festningen.local\\/restaurant#entry:3:url\\\"><strong>Les mer<\\/strong><\\/a><\\/p>\",\"bildeChkbox\":\"1\",\"bilde\":[\"7\"],\"bildeposisjon\":\"right\",\"bildetekstChkbox\":\"\",\"bildetekst\":\"\",\"bildetekstposisjon\":\"left\"}},\"34\":{\"modified\":\"0\",\"type\":\"vareMenyer\",\"enabled\":\"1\",\"collapsed\":\"0\",\"level\":\"0\",\"fields\":{\"vareMenyer\":{\"41\":{\"type\":\"2\",\"fields\":{\"ikon\":\"\",\"tekst\":\"<h3>Ukens 3-retter<\\/h3>\\r\\n<p>Lorem ipsum dolor sit amet, consectetur adipiscing elit, sed do eiusmod tempor incididunt ut l abore et dolore magna aliqua. Ut enim ad minim veniam, quis nostrud exercitation ullamco laboris nisi. sed do eiusmod tempor incididunt ut l abore et dolore magna aliqua. Ut enim ad minim veniam, quis nostrud exercitation ullamco laboris nisi. sed do eiusmod tempor incididunt ut l abore et dolore magna aliqua. Ut enim ad minim veniam, quis nostrud exercitation ullamco laboris nisi.sed do eiusmod tempor incididunt ut l abore et dolore magna aliqua. Ut enim ad minim veniam, quis nostrud exercitation ullamco laboris nisi.<\\/p>\\r\\n<p><br><\\/p>\\r\\n<p><strong><a href=\\\"http:\\/\\/festningen.local\\/restaurant#entry:3:url\\\">Les mer<\\/a>&nbsp; &nbsp;<\\/strong><br><\\/p>\"}},\"35\":{\"type\":\"2\",\"fields\":{\"ikon\":[\"29\"],\"tekst\":\"<h3>V\\u00e5re menyer<\\/h3>\\r\\n<table><tbody><tr><td>Lunsj<\\/td><td>11:00 - 16:00<\\/td><\\/tr><tr><td>Klassisk<\\/td><td>16:00 - 23:00<\\/td><\\/tr><tr><td>Ukens 3-retter<\\/td><td>16:00 - 23:00<\\/td><\\/tr><\\/tbody><\\/table>\\r\\n<p><br><\\/p>\\r\\n<p><a href=\\\"http:\\/\\/festningen.local\\/restaurant#entry:3:url\\\"><strong>Les mer<\\/strong><\\/a><\\/p>\"}}}}},\"38\":{\"modified\":\"0\",\"type\":\"designblokk\",\"enabled\":\"1\",\"collapsed\":\"0\",\"level\":\"0\",\"fields\":{\"mellomrom\":\"ingen\",\"tekstChkbox\":\"\",\"rikTekst\":\"<h2>Restauranten<\\/h2>\\r\\n<p><br>Lorem ipsum dolor sit amet<\\/p>\",\"bildeChkbox\":\"1\",\"bilde\":[\"6\"],\"bildeposisjon\":\"full\",\"bildetekstChkbox\":\"\",\"bildetekst\":\"\",\"bildetekstposisjon\":\"left\"}},\"45\":{\"modified\":\"0\",\"type\":\"designblokk\",\"enabled\":\"1\",\"collapsed\":\"0\",\"level\":\"0\",\"fields\":{\"mellomrom\":\"begge\",\"tekstChkbox\":\"1\",\"rikTekst\":\"<h2>Selskap<\\/h2>\\r\\n<p>Lorem ipsum dolor sit amet, bryllup adipiscing elit, sed do eiusmod d\\u00e5p og minnestund incididunt ut labore et dolore magna aliqua. Juleord og juleselskap enim ad minim veniam, quis nostrud exercitation ullamco laboris nisi.<\\/p>\\r\\n<p><br><\\/p>\\r\\n<p><a href=\\\"http:\\/\\/festningen.local\\/selskap#entry:4:url\\\">Les mer<\\/a><\\/p>\",\"bildeChkbox\":\"1\",\"bilde\":[\"6\"],\"bildeposisjon\":\"right\",\"bildetekstChkbox\":\"\",\"bildetekst\":\"\",\"bildetekstposisjon\":\"left\"}},\"46\":{\"modified\":\"0\",\"type\":\"designblokk\",\"enabled\":\"1\",\"collapsed\":\"0\",\"level\":\"0\",\"fields\":{\"mellomrom\":\"begge\",\"tekstChkbox\":\"1\",\"rikTekst\":\"<h2>Historiske omgivelser<\\/h2>\\r\\n<p>Lorem ipsum dolor sit amet, bryllup adipiscing elit, sed do eiusmod d\\u00e5p og minnestund incididunt ut labore et dolore magna aliqua. Juleord og juleselskap enim ad minim veniam, quis nostrud exercitation ullamco laboris nisi.<\\/p>\\r\\n<p><a href=\\\"http:\\/\\/festningen.local\\/selskap#entry:4:url\\\">Les mer<\\/a><\\/p>\",\"bildeChkbox\":\"1\",\"bilde\":[\"6\"],\"bildeposisjon\":\"left\",\"bildetekstChkbox\":\"\",\"bildetekst\":\"\",\"bildetekstposisjon\":\"left\"}}},\"23\":\"<p>P\\u00e5 historiske Kristiansten festning i Trondheim ligger <strong>Restaurant Kommandanten<\\/strong> i den gamle kommandant-boligen.<\\/p>\",\"25\":\"Festningen servering og kulturarena\",\"22\":[\"8\"]}}','2017-02-26 18:46:55','2017-02-26 18:46:55','cc749429-b86c-4c28-b6cd-a89886cf2b1b'),(105,2,1,1,'nb_no',67,'','{\"typeId\":null,\"authorId\":null,\"title\":\"Forside\",\"slug\":\"forside\",\"postDate\":1486740585,\"expiryDate\":null,\"enabled\":1,\"parentId\":null,\"fields\":{\"26\":{\"39\":{\"type\":\"5\",\"fields\":{\"tittel\":\"\\u00c5pningstider\",\"ikon\":[\"15\"],\"rikTekst\":\"<table><tbody><tr><td>Tirsdag - Fredag<\\/td><td>11:00 - 23:00<\\/td><\\/tr><tr><td>L\\u00f8rdag - S\\u00f8ndag<\\/td><td>11:00 - 23:00<\\/td><\\/tr><\\/tbody><\\/table>\\r\\n<p>M\\u00f8ter og lukkede selskap etter avtale<\\/p>\",\"knapp\":\"<p><a href=\\\"tel:2045052666\\\">TLF: 450 52 666<\\/a><\\/p>\"}},\"40\":{\"type\":\"5\",\"fields\":{\"tittel\":\"Booking\",\"ikon\":[\"16\"],\"rikTekst\":\"<p>Reserver bord eller book <strong>egne dedikerte&nbsp;selskapslokaler<\\/strong> med eget vertskap og&nbsp;underholdning<\\/p>\",\"knapp\":\"<p><a href=\\\"mailto:kommandanten@festningenservering.no\\\">Send epost<\\/a><\\/p>\"}}},\"104\":{\"51\":{\"type\":\"6\",\"fields\":{\"tittel\":\"Booking\",\"ikon\":[\"16\"],\"tekst\":\"Reserver selskalslokaler eller bord i restauranten\",\"map\":{\"lat\":\"63.42689290000001\",\"lng\":\"10.41063889999998\",\"zoom\":\"15\",\"address\":\"Kristiansten Festning, 7015 Trondheim, Norge\",\"parts\":{\"establishment\":\"Kristiansten Festning\",\"establishment_short\":\"Kristiansten Festning\",\"locality\":\"Trondheim\",\"locality_short\":\"Trondheim\",\"postal_town\":\"Trondheim\",\"postal_town_short\":\"Trondheim\",\"administrative_area_level_2\":\"Trondheim\",\"administrative_area_level_2_short\":\"Trondheim\",\"administrative_area_level_1\":\"S\\u00f8r-Tr\\u00f8ndelag\",\"administrative_area_level_1_short\":\"S\\u00f8r-Tr\\u00f8ndelag\",\"country\":\"Norge\",\"country_short\":\"NO\",\"postal_code\":\"7015\",\"postal_code_short\":\"7015\"}}}}},\"46\":{\"37\":{\"modified\":\"1\",\"type\":\"designblokk\",\"enabled\":\"1\",\"collapsed\":\"0\",\"level\":\"0\",\"fields\":{\"mellomrom\":\"begge\",\"tekstChkbox\":\"1\",\"rikTekst\":\"<h2>Restauranten<\\/h2>\\r\\n<p>Lorem ipsum dolor sit amet<\\/p>\\r\\n<p><a href=\\\"http:\\/\\/festningen.local\\/restaurant#entry:3:url\\\"><strong>Les mer<\\/strong><\\/a><\\/p>\",\"flereKolonner\":\"1\",\"antallKolonner\":\"to\",\"bildeChkbox\":\"1\",\"bilde\":[\"7\"],\"bildeposisjon\":\"full\",\"bildetekstChkbox\":\"\",\"bildetekst\":\"\",\"bildetekstposisjon\":\"left\"}},\"38\":{\"modified\":\"0\",\"type\":\"designblokk\",\"enabled\":\"1\",\"collapsed\":\"0\",\"level\":\"0\",\"fields\":{\"mellomrom\":\"ingen\",\"tekstChkbox\":\"\",\"rikTekst\":\"<h2>Restauranten<\\/h2>\\r\\n<p><br>Lorem ipsum dolor sit amet<\\/p>\",\"flereKolonner\":\"\",\"bildeChkbox\":\"1\",\"bilde\":[\"6\"],\"bildeposisjon\":\"full\",\"bildetekstChkbox\":\"\",\"bildetekst\":\"\",\"bildetekstposisjon\":\"left\"}},\"45\":{\"modified\":\"0\",\"type\":\"designblokk\",\"enabled\":\"1\",\"collapsed\":\"0\",\"level\":\"0\",\"fields\":{\"mellomrom\":\"begge\",\"tekstChkbox\":\"1\",\"rikTekst\":\"<h2>Selskap<\\/h2>\\r\\n<p>Lorem ipsum dolor sit amet, bryllup adipiscing elit, sed do eiusmod d\\u00e5p og minnestund incididunt ut labore et dolore magna aliqua. Juleord og juleselskap enim ad minim veniam, quis nostrud exercitation ullamco laboris nisi.<\\/p>\\r\\n<p><br><\\/p>\\r\\n<p><a href=\\\"http:\\/\\/festningen.local\\/selskap#entry:4:url\\\">Les mer<\\/a><\\/p>\",\"flereKolonner\":\"\",\"bildeChkbox\":\"1\",\"bilde\":[\"6\"],\"bildeposisjon\":\"right\",\"bildetekstChkbox\":\"\",\"bildetekst\":\"\",\"bildetekstposisjon\":\"left\"}},\"46\":{\"modified\":\"0\",\"type\":\"designblokk\",\"enabled\":\"1\",\"collapsed\":\"0\",\"level\":\"0\",\"fields\":{\"mellomrom\":\"begge\",\"tekstChkbox\":\"1\",\"rikTekst\":\"<h2>Historiske omgivelser<\\/h2>\\r\\n<p>Lorem ipsum dolor sit amet, bryllup adipiscing elit, sed do eiusmod d\\u00e5p og minnestund incididunt ut labore et dolore magna aliqua. Juleord og juleselskap enim ad minim veniam, quis nostrud exercitation ullamco laboris nisi.<\\/p>\\r\\n<p><a href=\\\"http:\\/\\/festningen.local\\/selskap#entry:4:url\\\">Les mer<\\/a><\\/p>\",\"flereKolonner\":\"\",\"bildeChkbox\":\"1\",\"bilde\":[\"6\"],\"bildeposisjon\":\"left\",\"bildetekstChkbox\":\"\",\"bildetekst\":\"\",\"bildetekstposisjon\":\"left\"}}},\"23\":\"<p>P\\u00e5 historiske Kristiansten festning i Trondheim ligger <strong>Restaurant Kommandanten<\\/strong> i den gamle kommandant-boligen.<\\/p>\",\"25\":\"Festningen servering og kulturarena\",\"22\":[\"8\"]}}','2017-02-26 18:59:05','2017-02-26 18:59:05','c8e036a6-6517-4819-bb51-731725875c99'),(106,2,1,1,'nb_no',68,'','{\"typeId\":null,\"authorId\":null,\"title\":\"Forside\",\"slug\":\"forside\",\"postDate\":1486740585,\"expiryDate\":null,\"enabled\":1,\"parentId\":null,\"fields\":{\"26\":{\"39\":{\"type\":\"5\",\"fields\":{\"tittel\":\"\\u00c5pningstider\",\"ikon\":[\"15\"],\"rikTekst\":\"<table><tbody><tr><td>Tirsdag - Fredag<\\/td><td>11:00 - 23:00<\\/td><\\/tr><tr><td>L\\u00f8rdag - S\\u00f8ndag<\\/td><td>11:00 - 23:00<\\/td><\\/tr><\\/tbody><\\/table>\\r\\n<p>M\\u00f8ter og lukkede selskap etter avtale<\\/p>\",\"knapp\":\"<p><a href=\\\"tel:2045052666\\\">TLF: 450 52 666<\\/a><\\/p>\"}},\"40\":{\"type\":\"5\",\"fields\":{\"tittel\":\"Booking\",\"ikon\":[\"16\"],\"rikTekst\":\"<p>Reserver bord eller book <strong>egne dedikerte&nbsp;selskapslokaler<\\/strong> med eget vertskap og&nbsp;underholdning<\\/p>\",\"knapp\":\"<p><a href=\\\"mailto:kommandanten@festningenservering.no\\\">Send epost<\\/a><\\/p>\"}}},\"104\":{\"51\":{\"type\":\"6\",\"fields\":{\"tittel\":\"Booking\",\"ikon\":[\"16\"],\"tekst\":\"Reserver selskalslokaler eller bord i restauranten\",\"map\":{\"lat\":\"63.42689290000001\",\"lng\":\"10.41063889999998\",\"zoom\":\"15\",\"address\":\"Kristiansten Festning, 7015 Trondheim, Norge\",\"parts\":{\"establishment\":\"Kristiansten Festning\",\"establishment_short\":\"Kristiansten Festning\",\"locality\":\"Trondheim\",\"locality_short\":\"Trondheim\",\"postal_town\":\"Trondheim\",\"postal_town_short\":\"Trondheim\",\"administrative_area_level_2\":\"Trondheim\",\"administrative_area_level_2_short\":\"Trondheim\",\"administrative_area_level_1\":\"S\\u00f8r-Tr\\u00f8ndelag\",\"administrative_area_level_1_short\":\"S\\u00f8r-Tr\\u00f8ndelag\",\"country\":\"Norge\",\"country_short\":\"NO\",\"postal_code\":\"7015\",\"postal_code_short\":\"7015\"}}}}},\"46\":{\"37\":{\"modified\":\"1\",\"type\":\"designblokk\",\"enabled\":\"1\",\"collapsed\":\"0\",\"level\":\"0\",\"fields\":{\"mellomrom\":\"begge\",\"tekstChkbox\":\"1\",\"rikTekst\":\"<h2>Restauranten<\\/h2>\\r\\n<p>Lorem ipsum dolor sit amet<\\/p>\\r\\n<p><a href=\\\"http:\\/\\/festningen.local\\/restaurant#entry:3:url\\\"><strong>Les mer<\\/strong><\\/a><\\/p>\",\"flereKolonner\":\"1\",\"antallKolonner\":\"2\",\"bildeChkbox\":\"1\",\"bilde\":[\"7\"],\"bildeposisjon\":\"full\",\"bildetekstChkbox\":\"\",\"bildetekst\":\"\",\"bildetekstposisjon\":\"left\"}},\"38\":{\"modified\":\"0\",\"type\":\"designblokk\",\"enabled\":\"1\",\"collapsed\":\"0\",\"level\":\"0\",\"fields\":{\"mellomrom\":\"ingen\",\"tekstChkbox\":\"\",\"rikTekst\":\"<h2>Restauranten<\\/h2>\\r\\n<p><br>Lorem ipsum dolor sit amet<\\/p>\",\"flereKolonner\":\"\",\"bildeChkbox\":\"1\",\"bilde\":[\"6\"],\"bildeposisjon\":\"full\",\"bildetekstChkbox\":\"\",\"bildetekst\":\"\",\"bildetekstposisjon\":\"left\"}},\"45\":{\"modified\":\"0\",\"type\":\"designblokk\",\"enabled\":\"1\",\"collapsed\":\"0\",\"level\":\"0\",\"fields\":{\"mellomrom\":\"begge\",\"tekstChkbox\":\"1\",\"rikTekst\":\"<h2>Selskap<\\/h2>\\r\\n<p>Lorem ipsum dolor sit amet, bryllup adipiscing elit, sed do eiusmod d\\u00e5p og minnestund incididunt ut labore et dolore magna aliqua. Juleord og juleselskap enim ad minim veniam, quis nostrud exercitation ullamco laboris nisi.<\\/p>\\r\\n<p><br><\\/p>\\r\\n<p><a href=\\\"http:\\/\\/festningen.local\\/selskap#entry:4:url\\\">Les mer<\\/a><\\/p>\",\"flereKolonner\":\"\",\"bildeChkbox\":\"1\",\"bilde\":[\"6\"],\"bildeposisjon\":\"right\",\"bildetekstChkbox\":\"\",\"bildetekst\":\"\",\"bildetekstposisjon\":\"left\"}},\"46\":{\"modified\":\"0\",\"type\":\"designblokk\",\"enabled\":\"1\",\"collapsed\":\"0\",\"level\":\"0\",\"fields\":{\"mellomrom\":\"begge\",\"tekstChkbox\":\"1\",\"rikTekst\":\"<h2>Historiske omgivelser<\\/h2>\\r\\n<p>Lorem ipsum dolor sit amet, bryllup adipiscing elit, sed do eiusmod d\\u00e5p og minnestund incididunt ut labore et dolore magna aliqua. Juleord og juleselskap enim ad minim veniam, quis nostrud exercitation ullamco laboris nisi.<\\/p>\\r\\n<p><a href=\\\"http:\\/\\/festningen.local\\/selskap#entry:4:url\\\">Les mer<\\/a><\\/p>\",\"flereKolonner\":\"\",\"bildeChkbox\":\"1\",\"bilde\":[\"6\"],\"bildeposisjon\":\"left\",\"bildetekstChkbox\":\"\",\"bildetekst\":\"\",\"bildetekstposisjon\":\"left\"}}},\"23\":\"<p>P\\u00e5 historiske Kristiansten festning i Trondheim ligger <strong>Restaurant Kommandanten<\\/strong> i den gamle kommandant-boligen.<\\/p>\",\"25\":\"Festningen servering og kulturarena\",\"22\":[\"8\"]}}','2017-02-26 19:04:30','2017-02-26 19:04:30','163ffb77-15a2-46b9-a13b-a752bef64b02'),(107,2,1,1,'nb_no',69,'','{\"typeId\":null,\"authorId\":null,\"title\":\"Forside\",\"slug\":\"forside\",\"postDate\":1486740585,\"expiryDate\":null,\"enabled\":1,\"parentId\":null,\"fields\":{\"26\":{\"39\":{\"type\":\"5\",\"fields\":{\"tittel\":\"\\u00c5pningstider\",\"ikon\":[\"15\"],\"rikTekst\":\"<table><tbody><tr><td>Tirsdag - Fredag<\\/td><td>11:00 - 23:00<\\/td><\\/tr><tr><td>L\\u00f8rdag - S\\u00f8ndag<\\/td><td>11:00 - 23:00<\\/td><\\/tr><\\/tbody><\\/table>\\r\\n<p>M\\u00f8ter og lukkede selskap etter avtale<\\/p>\",\"knapp\":\"<p><a href=\\\"tel:2045052666\\\">TLF: 450 52 666<\\/a><\\/p>\"}},\"40\":{\"type\":\"5\",\"fields\":{\"tittel\":\"Booking\",\"ikon\":[\"16\"],\"rikTekst\":\"<p>Reserver bord eller book <strong>egne dedikerte&nbsp;selskapslokaler<\\/strong> med eget vertskap og&nbsp;underholdning<\\/p>\",\"knapp\":\"<p><a href=\\\"mailto:kommandanten@festningenservering.no\\\">Send epost<\\/a><\\/p>\"}}},\"104\":{\"51\":{\"type\":\"6\",\"fields\":{\"tittel\":\"Booking\",\"ikon\":[\"16\"],\"tekst\":\"Reserver selskalslokaler eller bord i restauranten\",\"map\":{\"lat\":\"63.42689290000001\",\"lng\":\"10.41063889999998\",\"zoom\":\"15\",\"address\":\"Kristiansten Festning, 7015 Trondheim, Norge\",\"parts\":{\"establishment\":\"Kristiansten Festning\",\"establishment_short\":\"Kristiansten Festning\",\"locality\":\"Trondheim\",\"locality_short\":\"Trondheim\",\"postal_town\":\"Trondheim\",\"postal_town_short\":\"Trondheim\",\"administrative_area_level_2\":\"Trondheim\",\"administrative_area_level_2_short\":\"Trondheim\",\"administrative_area_level_1\":\"S\\u00f8r-Tr\\u00f8ndelag\",\"administrative_area_level_1_short\":\"S\\u00f8r-Tr\\u00f8ndelag\",\"country\":\"Norge\",\"country_short\":\"NO\",\"postal_code\":\"7015\",\"postal_code_short\":\"7015\"}}}}},\"46\":{\"37\":{\"modified\":\"0\",\"type\":\"designblokk\",\"enabled\":\"1\",\"collapsed\":\"0\",\"level\":\"0\",\"fields\":{\"mellomrom\":\"begge\",\"tekstChkbox\":\"1\",\"rikTekst\":\"<h2>Restauranten<\\/h2>\\r\\n<p>Lorem ipsum dolor sit amet<\\/p>\\r\\n<p><a href=\\\"http:\\/\\/festningen.local\\/restaurant#entry:3:url\\\"><strong>Les mer<\\/strong><\\/a><\\/p>\",\"flereKolonner\":\"1\",\"antallKolonner\":\"2\",\"bildeChkbox\":\"1\",\"bilde\":[\"7\"],\"bildeposisjon\":\"full\",\"bildetekstChkbox\":\"\",\"bildetekst\":\"\",\"bildetekstposisjon\":\"left\"}},\"38\":{\"modified\":\"0\",\"type\":\"designblokk\",\"enabled\":\"1\",\"collapsed\":\"0\",\"level\":\"0\",\"fields\":{\"mellomrom\":\"ingen\",\"tekstChkbox\":\"\",\"rikTekst\":\"<h2>Restauranten<\\/h2>\\r\\n<p><br>Lorem ipsum dolor sit amet<\\/p>\",\"flereKolonner\":\"\",\"bildeChkbox\":\"1\",\"bilde\":[\"6\"],\"bildeposisjon\":\"full\",\"bildetekstChkbox\":\"\",\"bildetekst\":\"\",\"bildetekstposisjon\":\"left\"}},\"45\":{\"modified\":\"0\",\"type\":\"designblokk\",\"enabled\":\"1\",\"collapsed\":\"0\",\"level\":\"0\",\"fields\":{\"mellomrom\":\"begge\",\"tekstChkbox\":\"1\",\"rikTekst\":\"<h2>Selskap<\\/h2>\\r\\n<p>Lorem ipsum dolor sit amet, bryllup adipiscing elit, sed do eiusmod d\\u00e5p og minnestund incididunt ut labore et dolore magna aliqua. Juleord og juleselskap enim ad minim veniam, quis nostrud exercitation ullamco laboris nisi.<\\/p>\\r\\n<p><br><\\/p>\\r\\n<p><a href=\\\"http:\\/\\/festningen.local\\/selskap#entry:4:url\\\">Les mer<\\/a><\\/p>\",\"flereKolonner\":\"\",\"bildeChkbox\":\"1\",\"bilde\":[\"6\"],\"bildeposisjon\":\"right\",\"bildetekstChkbox\":\"\",\"bildetekst\":\"\",\"bildetekstposisjon\":\"left\"}},\"46\":{\"modified\":\"0\",\"type\":\"designblokk\",\"enabled\":\"1\",\"collapsed\":\"0\",\"level\":\"0\",\"fields\":{\"mellomrom\":\"begge\",\"tekstChkbox\":\"1\",\"rikTekst\":\"<h2>Historiske omgivelser<\\/h2>\\r\\n<p>Lorem ipsum dolor sit amet, bryllup adipiscing elit, sed do eiusmod d\\u00e5p og minnestund incididunt ut labore et dolore magna aliqua. Juleord og juleselskap enim ad minim veniam, quis nostrud exercitation ullamco laboris nisi.<\\/p>\\r\\n<p><a href=\\\"http:\\/\\/festningen.local\\/selskap#entry:4:url\\\">Les mer<\\/a><\\/p>\",\"flereKolonner\":\"\",\"bildeChkbox\":\"1\",\"bilde\":[\"6\"],\"bildeposisjon\":\"left\",\"bildetekstChkbox\":\"\",\"bildetekst\":\"\",\"bildetekstposisjon\":\"left\"}}},\"23\":\"<p>P\\u00e5 historiske Kristiansten festning i Trondheim ligger <strong>Restaurant Kommandanten<\\/strong> i den gamle kommandant-boligen.<\\/p>\",\"25\":\"Festningen servering og kulturarena\",\"22\":[\"8\"]}}','2017-02-26 19:07:41','2017-02-26 19:07:41','c5c6ba1a-e128-4a95-a43b-53641958b936'),(108,2,1,1,'nb_no',70,'','{\"typeId\":null,\"authorId\":null,\"title\":\"Forside\",\"slug\":\"forside\",\"postDate\":1486740585,\"expiryDate\":null,\"enabled\":1,\"parentId\":null,\"fields\":{\"26\":{\"39\":{\"type\":\"5\",\"fields\":{\"tittel\":\"\\u00c5pningstider\",\"ikon\":[\"15\"],\"rikTekst\":\"<table><tbody><tr><td>Tirsdag - Fredag<\\/td><td>11:00 - 23:00<\\/td><\\/tr><tr><td>L\\u00f8rdag - S\\u00f8ndag<\\/td><td>11:00 - 23:00<\\/td><\\/tr><\\/tbody><\\/table>\\r\\n<p>M\\u00f8ter og lukkede selskap etter avtale<\\/p>\",\"knapp\":\"<p><a href=\\\"tel:2045052666\\\">TLF: 450 52 666<\\/a><\\/p>\"}},\"40\":{\"type\":\"5\",\"fields\":{\"tittel\":\"Booking\",\"ikon\":[\"16\"],\"rikTekst\":\"<p>Reserver bord eller book <strong>egne dedikerte&nbsp;selskapslokaler<\\/strong> med eget vertskap og&nbsp;underholdning<\\/p>\",\"knapp\":\"<p><a href=\\\"mailto:kommandanten@festningenservering.no\\\">Send epost<\\/a><\\/p>\"}}},\"104\":{\"51\":{\"type\":\"6\",\"fields\":{\"tittel\":\"Booking\",\"ikon\":[\"16\"],\"tekst\":\"Reserver selskalslokaler eller bord i restauranten\",\"map\":{\"lat\":\"63.42689290000001\",\"lng\":\"10.41063889999998\",\"zoom\":\"15\",\"address\":\"Kristiansten Festning, 7015 Trondheim, Norge\",\"parts\":{\"establishment\":\"Kristiansten Festning\",\"establishment_short\":\"Kristiansten Festning\",\"locality\":\"Trondheim\",\"locality_short\":\"Trondheim\",\"postal_town\":\"Trondheim\",\"postal_town_short\":\"Trondheim\",\"administrative_area_level_2\":\"Trondheim\",\"administrative_area_level_2_short\":\"Trondheim\",\"administrative_area_level_1\":\"S\\u00f8r-Tr\\u00f8ndelag\",\"administrative_area_level_1_short\":\"S\\u00f8r-Tr\\u00f8ndelag\",\"country\":\"Norge\",\"country_short\":\"NO\",\"postal_code\":\"7015\",\"postal_code_short\":\"7015\"}}}}},\"46\":{\"37\":{\"modified\":\"1\",\"type\":\"designblokk\",\"enabled\":\"1\",\"collapsed\":\"0\",\"level\":\"0\",\"fields\":{\"mellomrom\":\"begge\",\"tekstChkbox\":\"1\",\"rikTekst\":\"<h2>Restauranten<\\/h2>\\r\\n<p>Lorem ipsum dolor sit amet<\\/p>\\r\\n<p><a href=\\\"http:\\/\\/festningen.local\\/restaurant#entry:3:url\\\"><strong>Les mer<\\/strong><\\/a><\\/p>\",\"flereKolonner\":\"1\",\"antallKolonner\":\"4\",\"bildeChkbox\":\"1\",\"bilde\":[\"7\"],\"bildeposisjon\":\"full\",\"bildetekstChkbox\":\"\",\"bildetekst\":\"\",\"bildetekstposisjon\":\"left\"}},\"38\":{\"modified\":\"0\",\"type\":\"designblokk\",\"enabled\":\"1\",\"collapsed\":\"0\",\"level\":\"0\",\"fields\":{\"mellomrom\":\"ingen\",\"tekstChkbox\":\"\",\"rikTekst\":\"<h2>Restauranten<\\/h2>\\r\\n<p><br>Lorem ipsum dolor sit amet<\\/p>\",\"flereKolonner\":\"\",\"bildeChkbox\":\"1\",\"bilde\":[\"6\"],\"bildeposisjon\":\"full\",\"bildetekstChkbox\":\"\",\"bildetekst\":\"\",\"bildetekstposisjon\":\"left\"}},\"45\":{\"modified\":\"0\",\"type\":\"designblokk\",\"enabled\":\"1\",\"collapsed\":\"0\",\"level\":\"0\",\"fields\":{\"mellomrom\":\"begge\",\"tekstChkbox\":\"1\",\"rikTekst\":\"<h2>Selskap<\\/h2>\\r\\n<p>Lorem ipsum dolor sit amet, bryllup adipiscing elit, sed do eiusmod d\\u00e5p og minnestund incididunt ut labore et dolore magna aliqua. Juleord og juleselskap enim ad minim veniam, quis nostrud exercitation ullamco laboris nisi.<\\/p>\\r\\n<p><br><\\/p>\\r\\n<p><a href=\\\"http:\\/\\/festningen.local\\/selskap#entry:4:url\\\">Les mer<\\/a><\\/p>\",\"flereKolonner\":\"\",\"bildeChkbox\":\"1\",\"bilde\":[\"6\"],\"bildeposisjon\":\"right\",\"bildetekstChkbox\":\"\",\"bildetekst\":\"\",\"bildetekstposisjon\":\"left\"}},\"46\":{\"modified\":\"0\",\"type\":\"designblokk\",\"enabled\":\"1\",\"collapsed\":\"0\",\"level\":\"0\",\"fields\":{\"mellomrom\":\"begge\",\"tekstChkbox\":\"1\",\"rikTekst\":\"<h2>Historiske omgivelser<\\/h2>\\r\\n<p>Lorem ipsum dolor sit amet, bryllup adipiscing elit, sed do eiusmod d\\u00e5p og minnestund incididunt ut labore et dolore magna aliqua. Juleord og juleselskap enim ad minim veniam, quis nostrud exercitation ullamco laboris nisi.<\\/p>\\r\\n<p><a href=\\\"http:\\/\\/festningen.local\\/selskap#entry:4:url\\\">Les mer<\\/a><\\/p>\",\"flereKolonner\":\"\",\"bildeChkbox\":\"1\",\"bilde\":[\"6\"],\"bildeposisjon\":\"left\",\"bildetekstChkbox\":\"\",\"bildetekst\":\"\",\"bildetekstposisjon\":\"left\"}}},\"23\":\"<p>P\\u00e5 historiske Kristiansten festning i Trondheim ligger <strong>Restaurant Kommandanten<\\/strong> i den gamle kommandant-boligen.<\\/p>\",\"25\":\"Festningen servering og kulturarena\",\"22\":[\"8\"]}}','2017-02-26 19:09:44','2017-02-26 19:09:44','3e98d66d-8932-40b1-86da-5792da897a9e'),(109,2,1,1,'nb_no',71,'','{\"typeId\":null,\"authorId\":null,\"title\":\"Forside\",\"slug\":\"forside\",\"postDate\":1486740585,\"expiryDate\":null,\"enabled\":1,\"parentId\":null,\"fields\":{\"26\":{\"39\":{\"type\":\"5\",\"fields\":{\"tittel\":\"\\u00c5pningstider\",\"ikon\":[\"15\"],\"rikTekst\":\"<table><tbody><tr><td>Tirsdag - Fredag<\\/td><td>11:00 - 23:00<\\/td><\\/tr><tr><td>L\\u00f8rdag - S\\u00f8ndag<\\/td><td>11:00 - 23:00<\\/td><\\/tr><\\/tbody><\\/table>\\r\\n<p>M\\u00f8ter og lukkede selskap etter avtale<\\/p>\",\"knapp\":\"<p><a href=\\\"tel:2045052666\\\">TLF: 450 52 666<\\/a><\\/p>\"}},\"40\":{\"type\":\"5\",\"fields\":{\"tittel\":\"Booking\",\"ikon\":[\"16\"],\"rikTekst\":\"<p>Reserver bord eller book <strong>egne dedikerte&nbsp;selskapslokaler<\\/strong> med eget vertskap og&nbsp;underholdning<\\/p>\",\"knapp\":\"<p><a href=\\\"mailto:kommandanten@festningenservering.no\\\">Send epost<\\/a><\\/p>\"}}},\"104\":{\"51\":{\"type\":\"6\",\"fields\":{\"tittel\":\"Booking\",\"ikon\":[\"16\"],\"tekst\":\"Reserver selskalslokaler eller bord i restauranten\",\"map\":{\"lat\":\"63.42689290000001\",\"lng\":\"10.41063889999998\",\"zoom\":\"15\",\"address\":\"Kristiansten Festning, 7015 Trondheim, Norge\",\"parts\":{\"establishment\":\"Kristiansten Festning\",\"establishment_short\":\"Kristiansten Festning\",\"locality\":\"Trondheim\",\"locality_short\":\"Trondheim\",\"postal_town\":\"Trondheim\",\"postal_town_short\":\"Trondheim\",\"administrative_area_level_2\":\"Trondheim\",\"administrative_area_level_2_short\":\"Trondheim\",\"administrative_area_level_1\":\"S\\u00f8r-Tr\\u00f8ndelag\",\"administrative_area_level_1_short\":\"S\\u00f8r-Tr\\u00f8ndelag\",\"country\":\"Norge\",\"country_short\":\"NO\",\"postal_code\":\"7015\",\"postal_code_short\":\"7015\"}}}}},\"46\":{\"37\":{\"modified\":\"1\",\"type\":\"designblokk\",\"enabled\":\"1\",\"collapsed\":\"0\",\"level\":\"0\",\"fields\":{\"mellomrom\":\"begge\",\"tekstChkbox\":\"1\",\"rikTekst\":\"<h2>Restauranten<\\/h2>\\r\\n<p>Lorem ipsum dolor sit amet<\\/p>\\r\\n<p><a href=\\\"http:\\/\\/festningen.local\\/restaurant#entry:3:url\\\"><strong>Les mer<\\/strong><\\/a><\\/p>\",\"antallKolonner\":\"2\",\"bildeChkbox\":\"1\",\"bilde\":[\"7\"],\"bildeposisjon\":\"full\",\"bildetekstChkbox\":\"\",\"bildetekst\":\"\",\"bildetekstposisjon\":\"left\"}},\"38\":{\"modified\":\"0\",\"type\":\"designblokk\",\"enabled\":\"1\",\"collapsed\":\"0\",\"level\":\"0\",\"fields\":{\"mellomrom\":\"ingen\",\"tekstChkbox\":\"\",\"rikTekst\":\"<h2>Restauranten<\\/h2>\\r\\n<p><br>Lorem ipsum dolor sit amet<\\/p>\",\"bildeChkbox\":\"1\",\"bilde\":[\"6\"],\"bildeposisjon\":\"full\",\"bildetekstChkbox\":\"\",\"bildetekst\":\"\",\"bildetekstposisjon\":\"left\"}},\"45\":{\"modified\":\"1\",\"type\":\"designblokk\",\"enabled\":\"1\",\"collapsed\":\"0\",\"level\":\"0\",\"fields\":{\"mellomrom\":\"begge\",\"tekstChkbox\":\"1\",\"rikTekst\":\"<h2>Selskap<\\/h2>\\r\\n<p>Lorem ipsum dolor sit amet, bryllup adipiscing elit, sed do eiusmod d\\u00e5p og minnestund incididunt ut labore et dolore magna aliqua. Juleord og juleselskap enim ad minim veniam, quis nostrud exercitation ullamco laboris nisi.<\\/p>\\r\\n<p><br><\\/p>\\r\\n<p><a href=\\\"http:\\/\\/festningen.local\\/selskap#entry:4:url\\\">Les mer<\\/a><\\/p>\",\"antallKolonner\":\"1\",\"bildeChkbox\":\"1\",\"bilde\":[\"6\"],\"bildeposisjon\":\"right\",\"bildetekstChkbox\":\"\",\"bildetekst\":\"\",\"bildetekstposisjon\":\"left\"}},\"46\":{\"modified\":\"0\",\"type\":\"designblokk\",\"enabled\":\"1\",\"collapsed\":\"0\",\"level\":\"0\",\"fields\":{\"mellomrom\":\"begge\",\"tekstChkbox\":\"1\",\"rikTekst\":\"<h2>Historiske omgivelser<\\/h2>\\r\\n<p>Lorem ipsum dolor sit amet, bryllup adipiscing elit, sed do eiusmod d\\u00e5p og minnestund incididunt ut labore et dolore magna aliqua. Juleord og juleselskap enim ad minim veniam, quis nostrud exercitation ullamco laboris nisi.<\\/p>\\r\\n<p><a href=\\\"http:\\/\\/festningen.local\\/selskap#entry:4:url\\\">Les mer<\\/a><\\/p>\",\"bildeChkbox\":\"1\",\"bilde\":[\"6\"],\"bildeposisjon\":\"left\",\"bildetekstChkbox\":\"\",\"bildetekst\":\"\",\"bildetekstposisjon\":\"left\"}}},\"23\":\"<p>P\\u00e5 historiske Kristiansten festning i Trondheim ligger <strong>Restaurant Kommandanten<\\/strong> i den gamle kommandant-boligen.<\\/p>\",\"25\":\"Festningen servering og kulturarena\",\"22\":[\"8\"]}}','2017-02-26 19:19:02','2017-02-26 19:19:02','6979ec03-19a0-4e10-a750-659b64d15ad8'),(110,2,1,1,'nb_no',72,'','{\"typeId\":null,\"authorId\":null,\"title\":\"Forside\",\"slug\":\"forside\",\"postDate\":1486740585,\"expiryDate\":null,\"enabled\":1,\"parentId\":null,\"fields\":{\"26\":{\"39\":{\"type\":\"5\",\"fields\":{\"tittel\":\"\\u00c5pningstider\",\"ikon\":[\"15\"],\"rikTekst\":\"<table><tbody><tr><td>Tirsdag - Fredag<\\/td><td>11:00 - 23:00<\\/td><\\/tr><tr><td>L\\u00f8rdag - S\\u00f8ndag<\\/td><td>11:00 - 23:00<\\/td><\\/tr><\\/tbody><\\/table>\\r\\n<p>M\\u00f8ter og lukkede selskap etter avtale<\\/p>\",\"knapp\":\"<p><a href=\\\"tel:2045052666\\\">TLF: 450 52 666<\\/a><\\/p>\"}},\"40\":{\"type\":\"5\",\"fields\":{\"tittel\":\"Booking\",\"ikon\":[\"16\"],\"rikTekst\":\"<p>Reserver bord eller book <strong>egne dedikerte&nbsp;selskapslokaler<\\/strong> med eget vertskap og&nbsp;underholdning<\\/p>\",\"knapp\":\"<p><a href=\\\"mailto:kommandanten@festningenservering.no\\\">Send epost<\\/a><\\/p>\"}}},\"104\":{\"51\":{\"type\":\"6\",\"fields\":{\"tittel\":\"Booking\",\"ikon\":[\"16\"],\"tekst\":\"Reserver selskalslokaler eller bord i restauranten\",\"map\":{\"lat\":\"63.42689290000001\",\"lng\":\"10.41063889999998\",\"zoom\":\"15\",\"address\":\"Kristiansten Festning, 7015 Trondheim, Norge\",\"parts\":{\"establishment\":\"Kristiansten Festning\",\"establishment_short\":\"Kristiansten Festning\",\"locality\":\"Trondheim\",\"locality_short\":\"Trondheim\",\"postal_town\":\"Trondheim\",\"postal_town_short\":\"Trondheim\",\"administrative_area_level_2\":\"Trondheim\",\"administrative_area_level_2_short\":\"Trondheim\",\"administrative_area_level_1\":\"S\\u00f8r-Tr\\u00f8ndelag\",\"administrative_area_level_1_short\":\"S\\u00f8r-Tr\\u00f8ndelag\",\"country\":\"Norge\",\"country_short\":\"NO\",\"postal_code\":\"7015\",\"postal_code_short\":\"7015\"}}}}},\"46\":{\"37\":{\"modified\":\"1\",\"type\":\"designblokk\",\"enabled\":\"1\",\"collapsed\":\"0\",\"level\":\"0\",\"fields\":{\"mellomrom\":\"begge\",\"tekstChkbox\":\"1\",\"rikTekst\":\"<h2>Restauranten<\\/h2>\\r\\n<p>Lorem ipsum dolor sit amet<\\/p>\\r\\n<p><a href=\\\"http:\\/\\/festningen.local\\/restaurant#entry:3:url\\\"><strong>Les mer<\\/strong><\\/a><\\/p>\",\"antallKolonner\":\"1\",\"bildeChkbox\":\"1\",\"bilde\":[\"7\"],\"bildeposisjon\":\"full\",\"bildetekstChkbox\":\"\",\"bildetekst\":\"\",\"bildetekstposisjon\":\"left\"}},\"38\":{\"modified\":\"0\",\"type\":\"designblokk\",\"enabled\":\"1\",\"collapsed\":\"0\",\"level\":\"0\",\"fields\":{\"mellomrom\":\"ingen\",\"tekstChkbox\":\"\",\"rikTekst\":\"<h2>Restauranten<\\/h2>\\r\\n<p><br>Lorem ipsum dolor sit amet<\\/p>\",\"bildeChkbox\":\"1\",\"bilde\":[\"6\"],\"bildeposisjon\":\"full\",\"bildetekstChkbox\":\"\",\"bildetekst\":\"\",\"bildetekstposisjon\":\"left\"}},\"45\":{\"modified\":\"0\",\"type\":\"designblokk\",\"enabled\":\"1\",\"collapsed\":\"0\",\"level\":\"0\",\"fields\":{\"mellomrom\":\"begge\",\"tekstChkbox\":\"1\",\"rikTekst\":\"<h2>Selskap<\\/h2>\\r\\n<p>Lorem ipsum dolor sit amet, bryllup adipiscing elit, sed do eiusmod d\\u00e5p og minnestund incididunt ut labore et dolore magna aliqua. Juleord og juleselskap enim ad minim veniam, quis nostrud exercitation ullamco laboris nisi.<\\/p>\\r\\n<p><br><\\/p>\\r\\n<p><a href=\\\"http:\\/\\/festningen.local\\/selskap#entry:4:url\\\">Les mer<\\/a><\\/p>\",\"antallKolonner\":\"1\",\"bildeChkbox\":\"1\",\"bilde\":[\"6\"],\"bildeposisjon\":\"right\",\"bildetekstChkbox\":\"\",\"bildetekst\":\"\",\"bildetekstposisjon\":\"left\"}},\"46\":{\"modified\":\"0\",\"type\":\"designblokk\",\"enabled\":\"1\",\"collapsed\":\"0\",\"level\":\"0\",\"fields\":{\"mellomrom\":\"begge\",\"tekstChkbox\":\"1\",\"rikTekst\":\"<h2>Historiske omgivelser<\\/h2>\\r\\n<p>Lorem ipsum dolor sit amet, bryllup adipiscing elit, sed do eiusmod d\\u00e5p og minnestund incididunt ut labore et dolore magna aliqua. Juleord og juleselskap enim ad minim veniam, quis nostrud exercitation ullamco laboris nisi.<\\/p>\\r\\n<p><a href=\\\"http:\\/\\/festningen.local\\/selskap#entry:4:url\\\">Les mer<\\/a><\\/p>\",\"bildeChkbox\":\"1\",\"bilde\":[\"6\"],\"bildeposisjon\":\"left\",\"bildetekstChkbox\":\"\",\"bildetekst\":\"\",\"bildetekstposisjon\":\"left\"}}},\"23\":\"<p>P\\u00e5 historiske Kristiansten festning i Trondheim ligger <strong>Restaurant Kommandanten<\\/strong> i den gamle kommandant-boligen.<\\/p>\",\"25\":\"Festningen servering og kulturarena\",\"22\":[\"8\"]}}','2017-02-26 19:19:32','2017-02-26 19:19:32','0773984b-1e97-4198-9910-fd043786dfd0'),(111,3,2,1,'nb_no',12,'','{\"typeId\":null,\"authorId\":null,\"title\":\"Restaurant\",\"slug\":\"restaurant\",\"postDate\":1486740601,\"expiryDate\":null,\"enabled\":1,\"parentId\":null,\"fields\":{\"133\":{\"new0\":{\"modified\":\"1\",\"type\":\"designblokk\",\"enabled\":\"1\",\"collapsed\":\"0\",\"level\":\"0\",\"fields\":{\"mellomrom\":\"begge\",\"tekstChkbox\":\"1\",\"rikTekst\":\"<h3>Lokale r\\u00e5varer<\\/h3><p>Lorem ipsum dolor sit amet, consectetur adipiscing elit, sed do eiusmod tempor incididunt ut l abore et dolore magna aliqua. Ut enim ad minim veniam, quis nostrud exercitation ullamco laboris nisi. sed do eiusmod tempor incididunt ut l abore et dolore magna aliqua. Ut enim ad minim veniam, quis nostrud exercitation ullamco laboris nisi. sed do eiusmod tempor incididunt ut l abore et dolore magna aliqua. Ut enim&nbsp;Lorem ipsum dolor sit amet, consectetur adipiscing elit, sed do eiusmod tempor incididunt ut l abore et dolore magna aliqua. Ut enim ad minim veniam, quis nostrud exercitation ullamco laboris nisi. sed do eiusmod tempor incididunt ut l abore et dolore magna aliqua. Ut enim ad minim veniam, quis nostrud exercitation ullamco laboris nisi. sed do eiusmod tempor incididunt ut l abore et dolore magna aliqua. Ut enim&nbsp;<br><\\/p>\",\"antallKolonner\":\"2\",\"bildeChkbox\":\"1\",\"bilde\":[\"7\"],\"bildeposisjon\":\"full\",\"bildetekstChkbox\":\"\",\"bildetekst\":\"\",\"bildetekstposisjon\":\"left\"}},\"new1\":{\"modified\":\"1\",\"type\":\"designblokk\",\"enabled\":\"1\",\"collapsed\":\"0\",\"level\":\"0\",\"fields\":{\"mellomrom\":\"begge\",\"tekstChkbox\":\"1\",\"rikTekst\":\"<p>Ukens 3-rettere<\\/p><p>Lorem ipsum dolor sit amet, consectetur adipiscing elit, sed do eiusmod tempor incididunt ut l abore et dolore magna aliqua. Ut enim ad minim veniam, quis nostrud exercitation ullamco laboris nisi. sed do eiusmod tempor incididunt ut l abore et dolore magna aliqua. Ut enim ad minim veniam, quis nostrud exercitation ullamco laboris nisi. sed do eiusmod tempor incididunt ut l abore et dolore magna aliqua. Ut enim&nbsp;<br><\\/p>\",\"antallKolonner\":\"1\",\"bildeChkbox\":\"1\",\"bilde\":[\"7\"],\"bildeposisjon\":\"left\",\"bildetekstChkbox\":\"\",\"bildetekst\":\"\",\"bildetekstposisjon\":\"left\"}},\"new2\":{\"modified\":\"1\",\"type\":\"designblokk\",\"enabled\":\"1\",\"collapsed\":\"0\",\"level\":\"0\",\"fields\":{\"mellomrom\":\"begge\",\"tekstChkbox\":\"1\",\"rikTekst\":\"<h3>Uteservering<\\/h3><p>Lorem ipsum dolor sit amet, consectetur adipiscing elit, sed do eiusmod tempor incididunt ut l abore et dolore magna aliqua. Ut enim ad minim veniam, quis nostrud exercitation ullamco laboris nisi. sed do eiusmod tempor incididunt ut l abore et dolore magna aliqua. Ut enim ad minim veniam, quis nostrud exercitation ullamco laboris nisi. sed do eiusmod tempor incididunt ut l abore et dolore magna aliqua. Ut enim&nbsp;<br><\\/p>\",\"antallKolonner\":\"1\",\"bildeChkbox\":\"1\",\"bilde\":[\"6\"],\"bildeposisjon\":\"right\",\"bildetekstChkbox\":\"\",\"bildetekst\":\"\",\"bildetekstposisjon\":\"left\"}}},\"114\":{\"89\":{\"type\":\"meny\",\"enabled\":\"1\",\"fields\":{\"ikon\":[\"158\"],\"tittel\":\"Lunsjmeny\",\"tidspunkt\":\"11:00 - 16:00\",\"oppskrifter\":[\"88\",\"134\",\"136\",\"138\",\"140\",\"142\"]}},\"156\":{\"type\":\"meny\",\"enabled\":\"1\",\"fields\":{\"ikon\":[\"158\"],\"tittel\":\"Klassisk meny\",\"tidspunkt\":\"16:00 - 23:00\",\"oppskrifter\":[\"144\",\"138\",\"140\",\"146\",\"148\",\"150\",\"152\",\"154\"]}},\"157\":{\"type\":\"meny\",\"enabled\":\"1\",\"fields\":{\"ikon\":[\"158\"],\"tittel\":\"Ukens 3-retter\",\"tidspunkt\":\"16:00 - 23:00\",\"oppskrifter\":[\"154\",\"146\",\"150\",\"148\",\"136\",\"134\"]}}},\"23\":\"<p>Vi byr p\\u00e5 gode mat og drikkeopplevelser p\\u00e5 Trondheims tak, med kortreist mat fra de tr\\u00f8nderske fylker. Her kan du slappe av i solen ved v\\u00e5r popul\\u00e6re uteserveringen, se solnedgangen over Trondheim i festlig lag, eller hygge deg med et godt m\\u00e5ltid inne i restauranten<\\/p>\",\"25\":\"Restaurant Kommandanten\",\"22\":[\"9\"]}}','2017-02-26 19:25:41','2017-02-26 19:25:41','76bb0525-6d67-4c74-b9c8-1b98af935202'),(112,3,2,1,'nb_no',13,'','{\"typeId\":null,\"authorId\":null,\"title\":\"Restaurant\",\"slug\":\"restaurant\",\"postDate\":1486740601,\"expiryDate\":null,\"enabled\":1,\"parentId\":null,\"fields\":{\"133\":{\"159\":{\"modified\":\"0\",\"type\":\"designblokk\",\"enabled\":\"1\",\"collapsed\":\"0\",\"level\":\"0\",\"fields\":{\"mellomrom\":\"begge\",\"tekstChkbox\":\"1\",\"rikTekst\":\"<h3>Lokale r\\u00e5varer<\\/h3>\\r\\n<p>Lorem ipsum dolor sit amet, consectetur adipiscing elit, sed do eiusmod tempor incididunt ut l abore et dolore magna aliqua. Ut enim ad minim veniam, quis nostrud exercitation ullamco laboris nisi. sed do eiusmod tempor incididunt ut l abore et dolore magna aliqua. Ut enim ad minim veniam, quis nostrud exercitation ullamco laboris nisi. sed do eiusmod tempor incididunt ut l abore et dolore magna aliqua. Ut enim&nbsp;Lorem ipsum dolor sit amet, consectetur adipiscing elit, sed do eiusmod tempor incididunt ut l abore et dolore magna aliqua. Ut enim ad minim veniam, quis nostrud exercitation ullamco laboris nisi. sed do eiusmod tempor incididunt ut l abore et dolore magna aliqua. Ut enim ad minim veniam, quis nostrud exercitation ullamco laboris nisi. sed do eiusmod tempor incididunt ut l abore et dolore magna aliqua. Ut enim&nbsp;<br><\\/p>\",\"antallKolonner\":\"2\",\"bildeChkbox\":\"1\",\"bilde\":[\"7\"],\"bildeposisjon\":\"full\",\"bildetekstChkbox\":\"\",\"bildetekst\":\"\",\"bildetekstposisjon\":\"left\"}},\"160\":{\"modified\":\"1\",\"type\":\"designblokk\",\"enabled\":\"1\",\"collapsed\":\"0\",\"level\":\"0\",\"fields\":{\"mellomrom\":\"begge\",\"tekstChkbox\":\"1\",\"rikTekst\":\"<h3>Ukens 3-rettere<\\/h3>\\r\\n<p>Lorem ipsum dolor sit amet, consectetur adipiscing elit, sed do eiusmod tempor incididunt ut l abore et dolore magna aliqua. Ut enim ad minim veniam, quis nostrud exercitation ullamco laboris nisi. sed do eiusmod tempor incididunt ut l abore et dolore magna aliqua. Ut enim ad minim veniam, quis nostrud exercitation ullamco laboris nisi. sed do eiusmod tempor incididunt ut l abore et dolore magna aliqua. Ut enim&nbsp;<br><\\/p>\",\"antallKolonner\":\"1\",\"bildeChkbox\":\"1\",\"bilde\":[\"7\"],\"bildeposisjon\":\"left\",\"bildetekstChkbox\":\"\",\"bildetekst\":\"\",\"bildetekstposisjon\":\"left\"}},\"161\":{\"modified\":\"0\",\"type\":\"designblokk\",\"enabled\":\"1\",\"collapsed\":\"0\",\"level\":\"0\",\"fields\":{\"mellomrom\":\"begge\",\"tekstChkbox\":\"1\",\"rikTekst\":\"<h3>Uteservering<\\/h3>\\r\\n<p>Lorem ipsum dolor sit amet, consectetur adipiscing elit, sed do eiusmod tempor incididunt ut l abore et dolore magna aliqua. Ut enim ad minim veniam, quis nostrud exercitation ullamco laboris nisi. sed do eiusmod tempor incididunt ut l abore et dolore magna aliqua. Ut enim ad minim veniam, quis nostrud exercitation ullamco laboris nisi. sed do eiusmod tempor incididunt ut l abore et dolore magna aliqua. Ut enim&nbsp;<br><\\/p>\",\"antallKolonner\":\"1\",\"bildeChkbox\":\"1\",\"bilde\":[\"6\"],\"bildeposisjon\":\"right\",\"bildetekstChkbox\":\"\",\"bildetekst\":\"\",\"bildetekstposisjon\":\"left\"}}},\"114\":{\"89\":{\"type\":\"meny\",\"enabled\":\"1\",\"fields\":{\"ikon\":[\"158\"],\"tittel\":\"Lunsjmeny\",\"tidspunkt\":\"11:00 - 16:00\",\"oppskrifter\":[\"88\",\"134\",\"136\",\"138\",\"140\",\"142\"]}},\"156\":{\"type\":\"meny\",\"enabled\":\"1\",\"fields\":{\"ikon\":[\"158\"],\"tittel\":\"Klassisk meny\",\"tidspunkt\":\"16:00 - 23:00\",\"oppskrifter\":[\"144\",\"138\",\"140\",\"146\",\"148\",\"150\",\"152\",\"154\"]}},\"157\":{\"type\":\"meny\",\"enabled\":\"1\",\"fields\":{\"ikon\":[\"158\"],\"tittel\":\"Ukens 3-retter\",\"tidspunkt\":\"16:00 - 23:00\",\"oppskrifter\":[\"154\",\"146\",\"150\",\"148\",\"136\",\"134\"]}}},\"23\":\"<p>Vi byr p\\u00e5 gode mat og drikkeopplevelser p\\u00e5 Trondheims tak, med kortreist mat fra de tr\\u00f8nderske fylker. Her kan du slappe av i solen ved v\\u00e5r popul\\u00e6re uteserveringen, se solnedgangen over Trondheim i festlig lag, eller hygge deg med et godt m\\u00e5ltid inne i restauranten<\\/p>\",\"25\":\"Restaurant Kommandanten\",\"22\":[\"9\"]}}','2017-02-26 19:26:21','2017-02-26 19:26:21','d0782bf5-ed66-47f5-a934-4355fddbe074'),(113,3,2,1,'nb_no',14,'','{\"typeId\":null,\"authorId\":null,\"title\":\"Restaurant\",\"slug\":\"restaurant\",\"postDate\":1486740601,\"expiryDate\":null,\"enabled\":1,\"parentId\":null,\"fields\":{\"133\":{\"159\":{\"modified\":\"0\",\"type\":\"designblokk\",\"enabled\":\"1\",\"collapsed\":\"0\",\"level\":\"0\",\"fields\":{\"mellomrom\":\"begge\",\"tekstChkbox\":\"1\",\"rikTekst\":\"<h3>Lokale r\\u00e5varer<\\/h3>\\r\\n<p>Lorem ipsum dolor sit amet, consectetur adipiscing elit, sed do eiusmod tempor incididunt ut l abore et dolore magna aliqua. Ut enim ad minim veniam, quis nostrud exercitation ullamco laboris nisi. sed do eiusmod tempor incididunt ut l abore et dolore magna aliqua. Ut enim ad minim veniam, quis nostrud exercitation ullamco laboris nisi. sed do eiusmod tempor incididunt ut l abore et dolore magna aliqua. Ut enim&nbsp;Lorem ipsum dolor sit amet, consectetur adipiscing elit, sed do eiusmod tempor incididunt ut l abore et dolore magna aliqua. Ut enim ad minim veniam, quis nostrud exercitation ullamco laboris nisi. sed do eiusmod tempor incididunt ut l abore et dolore magna aliqua. Ut enim ad minim veniam, quis nostrud exercitation ullamco laboris nisi. sed do eiusmod tempor incididunt ut l abore et dolore magna aliqua. Ut enim&nbsp;<br><\\/p>\",\"antallKolonner\":\"2\",\"bildeChkbox\":\"1\",\"bilde\":[\"7\"],\"bildeposisjon\":\"full\",\"bildetekstChkbox\":\"\",\"bildetekst\":\"\",\"bildetekstposisjon\":\"left\"}},\"160\":{\"modified\":\"0\",\"type\":\"designblokk\",\"enabled\":\"1\",\"collapsed\":\"0\",\"level\":\"0\",\"fields\":{\"mellomrom\":\"begge\",\"tekstChkbox\":\"1\",\"rikTekst\":\"<h3>Ukens 3-rettere<\\/h3>\\r\\n<p>Lorem ipsum dolor sit amet, consectetur adipiscing elit, sed do eiusmod tempor incididunt ut l abore et dolore magna aliqua. Ut enim ad minim veniam, quis nostrud exercitation ullamco laboris nisi. sed do eiusmod tempor incididunt ut l abore et dolore magna aliqua. Ut enim ad minim veniam, quis nostrud exercitation ullamco laboris nisi. sed do eiusmod tempor incididunt ut l abore et dolore magna aliqua. Ut enim&nbsp;<br><\\/p>\",\"antallKolonner\":\"1\",\"bildeChkbox\":\"1\",\"bilde\":[\"7\"],\"bildeposisjon\":\"left\",\"bildetekstChkbox\":\"\",\"bildetekst\":\"\",\"bildetekstposisjon\":\"left\"}},\"161\":{\"modified\":\"0\",\"type\":\"designblokk\",\"enabled\":\"1\",\"collapsed\":\"0\",\"level\":\"0\",\"fields\":{\"mellomrom\":\"begge\",\"tekstChkbox\":\"1\",\"rikTekst\":\"<h3>Uteservering<\\/h3>\\r\\n<p>Lorem ipsum dolor sit amet, consectetur adipiscing elit, sed do eiusmod tempor incididunt ut l abore et dolore magna aliqua. Ut enim ad minim veniam, quis nostrud exercitation ullamco laboris nisi. sed do eiusmod tempor incididunt ut l abore et dolore magna aliqua. Ut enim ad minim veniam, quis nostrud exercitation ullamco laboris nisi. sed do eiusmod tempor incididunt ut l abore et dolore magna aliqua. Ut enim&nbsp;<br><\\/p>\",\"antallKolonner\":\"1\",\"bildeChkbox\":\"1\",\"bilde\":[\"6\"],\"bildeposisjon\":\"right\",\"bildetekstChkbox\":\"\",\"bildetekst\":\"\",\"bildetekstposisjon\":\"left\"}}},\"114\":{\"89\":{\"type\":\"meny\",\"enabled\":\"1\",\"fields\":{\"ikon\":[\"158\"],\"tittel\":\"Lunsjmeny\",\"tidspunkt\":\"11:00 - 16:00\",\"oppskrifter\":[\"88\",\"134\",\"136\",\"138\",\"140\",\"142\"]}},\"156\":{\"type\":\"meny\",\"enabled\":\"1\",\"fields\":{\"ikon\":[\"158\"],\"tittel\":\"Klassisk meny\",\"tidspunkt\":\"16:00 - 23:00\",\"oppskrifter\":[\"144\",\"138\",\"140\",\"146\",\"148\",\"150\",\"152\",\"154\"]}},\"157\":{\"type\":\"meny\",\"enabled\":\"1\",\"fields\":{\"ikon\":[\"158\"],\"tittel\":\"Ukens 3-retter\",\"tidspunkt\":\"16:00 - 23:00\",\"oppskrifter\":[\"154\",\"146\",\"150\",\"148\",\"136\",\"134\"]}},\"new1\":{\"type\":\"meny\",\"enabled\":\"1\",\"fields\":{\"ikon\":[\"92\"],\"tittel\":\"Festmeny\",\"tidspunkt\":\"HELE D\\u00d8GNET\",\"oppskrifter\":[\"154\",\"142\"]}}},\"23\":\"<p>Vi byr p\\u00e5 gode mat og drikkeopplevelser p\\u00e5 Trondheims tak, med kortreist mat fra de tr\\u00f8nderske fylker. Her kan du slappe av i solen ved v\\u00e5r popul\\u00e6re uteserveringen, se solnedgangen over Trondheim i festlig lag, eller hygge deg med et godt m\\u00e5ltid inne i restauranten<\\/p>\",\"25\":\"Restaurant Kommandanten\",\"22\":[\"9\"]}}','2017-02-26 19:35:32','2017-02-26 19:35:32','e2bc4b40-6929-4ce0-a54f-25e1f0efe044'),(114,3,2,1,'nb_no',15,'','{\"typeId\":null,\"authorId\":null,\"title\":\"Restaurant\",\"slug\":\"restaurant\",\"postDate\":1486740601,\"expiryDate\":null,\"enabled\":1,\"parentId\":null,\"fields\":{\"133\":{\"159\":{\"modified\":\"0\",\"type\":\"designblokk\",\"enabled\":\"1\",\"collapsed\":\"0\",\"level\":\"0\",\"fields\":{\"mellomrom\":\"begge\",\"tekstChkbox\":\"1\",\"rikTekst\":\"<h3>Lokale r\\u00e5varer<\\/h3>\\r\\n<p>Lorem ipsum dolor sit amet, consectetur adipiscing elit, sed do eiusmod tempor incididunt ut l abore et dolore magna aliqua. Ut enim ad minim veniam, quis nostrud exercitation ullamco laboris nisi. sed do eiusmod tempor incididunt ut l abore et dolore magna aliqua. Ut enim ad minim veniam, quis nostrud exercitation ullamco laboris nisi. sed do eiusmod tempor incididunt ut l abore et dolore magna aliqua. Ut enim&nbsp;Lorem ipsum dolor sit amet, consectetur adipiscing elit, sed do eiusmod tempor incididunt ut l abore et dolore magna aliqua. Ut enim ad minim veniam, quis nostrud exercitation ullamco laboris nisi. sed do eiusmod tempor incididunt ut l abore et dolore magna aliqua. Ut enim ad minim veniam, quis nostrud exercitation ullamco laboris nisi. sed do eiusmod tempor incididunt ut l abore et dolore magna aliqua. Ut enim&nbsp;<br><\\/p>\",\"antallKolonner\":\"2\",\"bildeChkbox\":\"1\",\"bilde\":[\"7\"],\"bildeposisjon\":\"full\",\"bildetekstChkbox\":\"\",\"bildetekst\":\"\",\"bildetekstposisjon\":\"left\"}},\"160\":{\"modified\":\"0\",\"type\":\"designblokk\",\"enabled\":\"1\",\"collapsed\":\"0\",\"level\":\"0\",\"fields\":{\"mellomrom\":\"begge\",\"tekstChkbox\":\"1\",\"rikTekst\":\"<h3>Ukens 3-rettere<\\/h3>\\r\\n<p>Lorem ipsum dolor sit amet, consectetur adipiscing elit, sed do eiusmod tempor incididunt ut l abore et dolore magna aliqua. Ut enim ad minim veniam, quis nostrud exercitation ullamco laboris nisi. sed do eiusmod tempor incididunt ut l abore et dolore magna aliqua. Ut enim ad minim veniam, quis nostrud exercitation ullamco laboris nisi. sed do eiusmod tempor incididunt ut l abore et dolore magna aliqua. Ut enim&nbsp;<br><\\/p>\",\"antallKolonner\":\"1\",\"bildeChkbox\":\"1\",\"bilde\":[\"7\"],\"bildeposisjon\":\"left\",\"bildetekstChkbox\":\"\",\"bildetekst\":\"\",\"bildetekstposisjon\":\"left\"}},\"161\":{\"modified\":\"0\",\"type\":\"designblokk\",\"enabled\":\"1\",\"collapsed\":\"0\",\"level\":\"0\",\"fields\":{\"mellomrom\":\"begge\",\"tekstChkbox\":\"1\",\"rikTekst\":\"<h3>Uteservering<\\/h3>\\r\\n<p>Lorem ipsum dolor sit amet, consectetur adipiscing elit, sed do eiusmod tempor incididunt ut l abore et dolore magna aliqua. Ut enim ad minim veniam, quis nostrud exercitation ullamco laboris nisi. sed do eiusmod tempor incididunt ut l abore et dolore magna aliqua. Ut enim ad minim veniam, quis nostrud exercitation ullamco laboris nisi. sed do eiusmod tempor incididunt ut l abore et dolore magna aliqua. Ut enim&nbsp;<br><\\/p>\",\"antallKolonner\":\"1\",\"bildeChkbox\":\"1\",\"bilde\":[\"6\"],\"bildeposisjon\":\"right\",\"bildetekstChkbox\":\"\",\"bildetekst\":\"\",\"bildetekstposisjon\":\"left\"}}},\"114\":{\"89\":{\"type\":\"meny\",\"enabled\":\"1\",\"fields\":{\"ikon\":[\"158\"],\"tittel\":\"Lunsjmeny\",\"tidspunkt\":\"11:00 - 16:00\",\"oppskrifter\":[\"88\",\"134\",\"136\",\"138\",\"140\",\"142\"]}},\"156\":{\"type\":\"meny\",\"enabled\":\"1\",\"fields\":{\"ikon\":[\"29\"],\"tittel\":\"Klassisk meny\",\"tidspunkt\":\"16:00 - 23:00\",\"oppskrifter\":[\"144\",\"138\",\"140\",\"146\",\"148\",\"150\",\"152\",\"154\"]}},\"157\":{\"type\":\"meny\",\"enabled\":\"1\",\"fields\":{\"ikon\":[\"16\"],\"tittel\":\"Ukens 3-retter\",\"tidspunkt\":\"16:00 - 23:00\",\"oppskrifter\":[\"154\",\"146\",\"150\",\"148\",\"136\",\"134\"]}}},\"23\":\"<p>Vi byr p\\u00e5 gode mat og drikkeopplevelser p\\u00e5 Trondheims tak, med kortreist mat fra de tr\\u00f8nderske fylker. Her kan du slappe av i solen ved v\\u00e5r popul\\u00e6re uteserveringen, se solnedgangen over Trondheim i festlig lag, eller hygge deg med et godt m\\u00e5ltid inne i restauranten<\\/p>\",\"25\":\"Restaurant Kommandanten\",\"22\":[\"9\"]}}','2017-02-26 19:37:03','2017-02-26 19:37:03','abf8768d-6e76-47b0-a2db-2000860d8a4a'),(115,3,2,1,'nb_no',16,'','{\"typeId\":null,\"authorId\":null,\"title\":\"Restaurant\",\"slug\":\"restaurant\",\"postDate\":1486740601,\"expiryDate\":null,\"enabled\":1,\"parentId\":null,\"fields\":{\"133\":{\"159\":{\"modified\":\"0\",\"type\":\"designblokk\",\"enabled\":\"1\",\"collapsed\":\"0\",\"level\":\"0\",\"fields\":{\"mellomrom\":\"begge\",\"tekstChkbox\":\"1\",\"rikTekst\":\"<h3>Lokale r\\u00e5varer<\\/h3>\\r\\n<p>Lorem ipsum dolor sit amet, consectetur adipiscing elit, sed do eiusmod tempor incididunt ut l abore et dolore magna aliqua. Ut enim ad minim veniam, quis nostrud exercitation ullamco laboris nisi. sed do eiusmod tempor incididunt ut l abore et dolore magna aliqua. Ut enim ad minim veniam, quis nostrud exercitation ullamco laboris nisi. sed do eiusmod tempor incididunt ut l abore et dolore magna aliqua. Ut enim&nbsp;Lorem ipsum dolor sit amet, consectetur adipiscing elit, sed do eiusmod tempor incididunt ut l abore et dolore magna aliqua. Ut enim ad minim veniam, quis nostrud exercitation ullamco laboris nisi. sed do eiusmod tempor incididunt ut l abore et dolore magna aliqua. Ut enim ad minim veniam, quis nostrud exercitation ullamco laboris nisi. sed do eiusmod tempor incididunt ut l abore et dolore magna aliqua. Ut enim&nbsp;<br><\\/p>\",\"antallKolonner\":\"2\",\"bildeChkbox\":\"1\",\"bilde\":[\"7\"],\"bildeposisjon\":\"full\",\"bildetekstChkbox\":\"\",\"bildetekst\":\"\",\"bildetekstposisjon\":\"left\"}},\"160\":{\"modified\":\"0\",\"type\":\"designblokk\",\"enabled\":\"1\",\"collapsed\":\"0\",\"level\":\"0\",\"fields\":{\"mellomrom\":\"begge\",\"tekstChkbox\":\"1\",\"rikTekst\":\"<h3>Ukens 3-rettere<\\/h3>\\r\\n<p>Lorem ipsum dolor sit amet, consectetur adipiscing elit, sed do eiusmod tempor incididunt ut l abore et dolore magna aliqua. Ut enim ad minim veniam, quis nostrud exercitation ullamco laboris nisi. sed do eiusmod tempor incididunt ut l abore et dolore magna aliqua. Ut enim ad minim veniam, quis nostrud exercitation ullamco laboris nisi. sed do eiusmod tempor incididunt ut l abore et dolore magna aliqua. Ut enim&nbsp;<br><\\/p>\",\"antallKolonner\":\"1\",\"bildeChkbox\":\"1\",\"bilde\":[\"7\"],\"bildeposisjon\":\"left\",\"bildetekstChkbox\":\"\",\"bildetekst\":\"\",\"bildetekstposisjon\":\"left\"}},\"161\":{\"modified\":\"0\",\"type\":\"designblokk\",\"enabled\":\"1\",\"collapsed\":\"0\",\"level\":\"0\",\"fields\":{\"mellomrom\":\"begge\",\"tekstChkbox\":\"1\",\"rikTekst\":\"<h3>Uteservering<\\/h3>\\r\\n<p>Lorem ipsum dolor sit amet, consectetur adipiscing elit, sed do eiusmod tempor incididunt ut l abore et dolore magna aliqua. Ut enim ad minim veniam, quis nostrud exercitation ullamco laboris nisi. sed do eiusmod tempor incididunt ut l abore et dolore magna aliqua. Ut enim ad minim veniam, quis nostrud exercitation ullamco laboris nisi. sed do eiusmod tempor incididunt ut l abore et dolore magna aliqua. Ut enim&nbsp;<br><\\/p>\",\"antallKolonner\":\"1\",\"bildeChkbox\":\"1\",\"bilde\":[\"6\"],\"bildeposisjon\":\"right\",\"bildetekstChkbox\":\"\",\"bildetekst\":\"\",\"bildetekstposisjon\":\"left\"}}},\"114\":{\"89\":{\"type\":\"meny\",\"enabled\":\"1\",\"fields\":{\"ikon\":[\"158\"],\"tittel\":\"Lunsjmeny\",\"tidspunkt\":\"11:00 - 16:00\",\"oppskrifter\":[\"88\",\"134\",\"136\",\"138\",\"140\",\"142\"]}},\"156\":{\"type\":\"meny\",\"enabled\":\"1\",\"fields\":{\"ikon\":[\"29\"],\"tittel\":\"Klassisk meny\",\"tidspunkt\":\"16:00 - 23:00\",\"oppskrifter\":[\"144\",\"138\",\"140\",\"146\",\"148\",\"150\",\"152\",\"154\"]}},\"157\":{\"type\":\"meny\",\"enabled\":\"1\",\"fields\":{\"ikon\":[\"16\"],\"tittel\":\"Ukens 3-retter\",\"tidspunkt\":\"16:00 - 23:00\",\"oppskrifter\":[\"154\",\"146\",\"150\",\"148\",\"136\",\"134\"]}},\"new1\":{\"type\":\"meny\",\"enabled\":\"1\",\"fields\":{\"ikon\":[\"91\"],\"tittel\":\"Festmeny\",\"tidspunkt\":\"HGELE \\u00c5RET\",\"oppskrifter\":[\"148\",\"146\",\"142\"]}}},\"23\":\"<p>Vi byr p\\u00e5 gode mat og drikkeopplevelser p\\u00e5 Trondheims tak, med kortreist mat fra de tr\\u00f8nderske fylker. Her kan du slappe av i solen ved v\\u00e5r popul\\u00e6re uteserveringen, se solnedgangen over Trondheim i festlig lag, eller hygge deg med et godt m\\u00e5ltid inne i restauranten<\\/p>\",\"25\":\"Restaurant Kommandanten\",\"22\":[\"9\"]}}','2017-02-26 19:41:57','2017-02-26 19:41:57','4f1fdb66-0378-4de6-bb37-2766787e527a'),(116,3,2,1,'nb_no',17,'','{\"typeId\":null,\"authorId\":null,\"title\":\"Restaurant\",\"slug\":\"restaurant\",\"postDate\":1486740601,\"expiryDate\":null,\"enabled\":1,\"parentId\":null,\"fields\":{\"133\":{\"159\":{\"modified\":\"1\",\"type\":\"designblokk\",\"enabled\":\"1\",\"collapsed\":\"0\",\"level\":\"0\",\"fields\":{\"mellomrom\":\"begge\",\"tekstChkbox\":\"1\",\"rikTekst\":\"<h3>Lokale r\\u00e5varer<\\/h3>\\r\\n<p>Lorem ipsum dolor sit amet, consectetur adipiscing elit, sed do eiusmod tempor incididunt ut l abore et dolore magna aliqua. Ut enim ad minim veniam, quis nostrud exercitation ullamco laboris nisi. sed do eiusmod tempor incididunt ut l abore et dolore magna aliqua. Ut enim ad minim veniam, quis nostrud exercitation ullamco laboris nisi. sed do eiusmod tempor incididunt ut l abore et dolore magna aliqua. Ut enim&nbsp;Lorem ipsum dolor sit amet, consectetur adipiscing elit, sed do eiusmod tempor incididunt ut l abore et dolore magna aliqua. Ut enim ad minim veniam, quis nostrud exercitation ullamco laboris nisi. sed do eiusmod tempor incididunt ut l abore et dolore magna aliqua. Ut enim ad minim veniam, quis nostrud exercitation ullamco laboris nisi. sed do eiusmod tempor incididunt ut l abore et dolore magna aliqua. Ut enim&nbsp;<br><\\/p>\",\"antallKolonner\":\"2\",\"bildeChkbox\":\"1\",\"bilde\":[\"7\"],\"bildeposisjon\":\"full\",\"bildetekstChkbox\":\"1\",\"bildetekst\":\"<p>Lorem ipsum<\\/p>\",\"bildetekstposisjon\":\"drop-left\"}},\"160\":{\"modified\":\"0\",\"type\":\"designblokk\",\"enabled\":\"1\",\"collapsed\":\"0\",\"level\":\"0\",\"fields\":{\"mellomrom\":\"begge\",\"tekstChkbox\":\"1\",\"rikTekst\":\"<h3>Ukens 3-rettere<\\/h3>\\r\\n<p>Lorem ipsum dolor sit amet, consectetur adipiscing elit, sed do eiusmod tempor incididunt ut l abore et dolore magna aliqua. Ut enim ad minim veniam, quis nostrud exercitation ullamco laboris nisi. sed do eiusmod tempor incididunt ut l abore et dolore magna aliqua. Ut enim ad minim veniam, quis nostrud exercitation ullamco laboris nisi. sed do eiusmod tempor incididunt ut l abore et dolore magna aliqua. Ut enim&nbsp;<br><\\/p>\",\"antallKolonner\":\"1\",\"bildeChkbox\":\"1\",\"bilde\":[\"7\"],\"bildeposisjon\":\"left\",\"bildetekstChkbox\":\"\",\"bildetekst\":\"\",\"bildetekstposisjon\":\"left\"}},\"161\":{\"modified\":\"0\",\"type\":\"designblokk\",\"enabled\":\"1\",\"collapsed\":\"0\",\"level\":\"0\",\"fields\":{\"mellomrom\":\"begge\",\"tekstChkbox\":\"1\",\"rikTekst\":\"<h3>Uteservering<\\/h3>\\r\\n<p>Lorem ipsum dolor sit amet, consectetur adipiscing elit, sed do eiusmod tempor incididunt ut l abore et dolore magna aliqua. Ut enim ad minim veniam, quis nostrud exercitation ullamco laboris nisi. sed do eiusmod tempor incididunt ut l abore et dolore magna aliqua. Ut enim ad minim veniam, quis nostrud exercitation ullamco laboris nisi. sed do eiusmod tempor incididunt ut l abore et dolore magna aliqua. Ut enim&nbsp;<br><\\/p>\",\"antallKolonner\":\"1\",\"bildeChkbox\":\"1\",\"bilde\":[\"6\"],\"bildeposisjon\":\"right\",\"bildetekstChkbox\":\"\",\"bildetekst\":\"\",\"bildetekstposisjon\":\"left\"}}},\"114\":{\"89\":{\"type\":\"meny\",\"enabled\":\"1\",\"fields\":{\"ikon\":[\"158\"],\"tittel\":\"Lunsjmeny\",\"tidspunkt\":\"11:00 - 16:00\",\"oppskrifter\":[\"88\",\"134\",\"136\",\"138\",\"140\",\"142\"]}},\"156\":{\"type\":\"meny\",\"enabled\":\"1\",\"fields\":{\"ikon\":[\"29\"],\"tittel\":\"Klassisk meny\",\"tidspunkt\":\"16:00 - 23:00\",\"oppskrifter\":[\"144\",\"138\",\"140\",\"146\",\"148\",\"150\",\"152\",\"154\"]}},\"157\":{\"type\":\"meny\",\"enabled\":\"1\",\"fields\":{\"ikon\":[\"16\"],\"tittel\":\"Ukens 3-retter\",\"tidspunkt\":\"16:00 - 23:00\",\"oppskrifter\":[\"154\",\"146\",\"150\",\"148\",\"136\",\"134\"]}},\"163\":{\"type\":\"meny\",\"enabled\":\"1\",\"fields\":{\"ikon\":[\"91\"],\"tittel\":\"Festmeny\",\"tidspunkt\":\"HGELE \\u00c5RET\",\"oppskrifter\":[\"148\",\"146\",\"142\"]}}},\"23\":\"<p>Vi byr p\\u00e5 gode mat og drikkeopplevelser p\\u00e5 Trondheims tak, med kortreist mat fra de tr\\u00f8nderske fylker. Her kan du slappe av i solen ved v\\u00e5r popul\\u00e6re uteserveringen, se solnedgangen over Trondheim i festlig lag, eller hygge deg med et godt m\\u00e5ltid inne i restauranten<\\/p>\",\"25\":\"Restaurant Kommandanten\",\"22\":[\"9\"]}}','2017-02-27 01:07:48','2017-02-27 01:07:48','4d82121d-5b47-49ef-a121-7847463e2b53'),(117,3,2,1,'nb_no',18,'','{\"typeId\":null,\"authorId\":null,\"title\":\"Restaurant\",\"slug\":\"restaurant\",\"postDate\":1486740601,\"expiryDate\":null,\"enabled\":1,\"parentId\":null,\"fields\":{\"133\":{\"159\":{\"modified\":\"0\",\"type\":\"designblokk\",\"enabled\":\"1\",\"collapsed\":\"0\",\"level\":\"0\",\"fields\":{\"mellomrom\":\"begge\",\"tekstChkbox\":\"1\",\"rikTekst\":\"<h3>Lokale r\\u00e5varer<\\/h3>\\r\\n<p>Lorem ipsum dolor sit amet, consectetur adipiscing elit, sed do eiusmod tempor incididunt ut l abore et dolore magna aliqua. Ut enim ad minim veniam, quis nostrud exercitation ullamco laboris nisi. sed do eiusmod tempor incididunt ut l abore et dolore magna aliqua. Ut enim ad minim veniam, quis nostrud exercitation ullamco laboris nisi. sed do eiusmod tempor incididunt ut l abore et dolore magna aliqua. Ut enim&nbsp;Lorem ipsum dolor sit amet, consectetur adipiscing elit, sed do eiusmod tempor incididunt ut l abore et dolore magna aliqua. Ut enim ad minim veniam, quis nostrud exercitation ullamco laboris nisi. sed do eiusmod tempor incididunt ut l abore et dolore magna aliqua. Ut enim ad minim veniam, quis nostrud exercitation ullamco laboris nisi. sed do eiusmod tempor incididunt ut l abore et dolore magna aliqua. Ut enim&nbsp;<br><\\/p>\",\"antallKolonner\":\"2\",\"bildeChkbox\":\"1\",\"bilde\":[\"7\"],\"bildeposisjon\":\"full\",\"bildetekstChkbox\":\"1\",\"bildetekst\":\"<p>Lorem ipsum<\\/p>\",\"bildetekstposisjon\":\"drop-left\"}},\"160\":{\"modified\":\"0\",\"type\":\"designblokk\",\"enabled\":\"1\",\"collapsed\":\"0\",\"level\":\"0\",\"fields\":{\"mellomrom\":\"begge\",\"tekstChkbox\":\"1\",\"rikTekst\":\"<h3>Ukens 3-rettere<\\/h3>\\r\\n<p>Lorem ipsum dolor sit amet, consectetur adipiscing elit, sed do eiusmod tempor incididunt ut l abore et dolore magna aliqua. Ut enim ad minim veniam, quis nostrud exercitation ullamco laboris nisi. sed do eiusmod tempor incididunt ut l abore et dolore magna aliqua. Ut enim ad minim veniam, quis nostrud exercitation ullamco laboris nisi. sed do eiusmod tempor incididunt ut l abore et dolore magna aliqua. Ut enim&nbsp;<br><\\/p>\",\"antallKolonner\":\"1\",\"bildeChkbox\":\"1\",\"bilde\":[\"7\"],\"bildeposisjon\":\"left\",\"bildetekstChkbox\":\"\",\"bildetekst\":\"\",\"bildetekstposisjon\":\"left\"}},\"161\":{\"modified\":\"0\",\"type\":\"designblokk\",\"enabled\":\"1\",\"collapsed\":\"0\",\"level\":\"0\",\"fields\":{\"mellomrom\":\"begge\",\"tekstChkbox\":\"1\",\"rikTekst\":\"<h3>Uteservering<\\/h3>\\r\\n<p>Lorem ipsum dolor sit amet, consectetur adipiscing elit, sed do eiusmod tempor incididunt ut l abore et dolore magna aliqua. Ut enim ad minim veniam, quis nostrud exercitation ullamco laboris nisi. sed do eiusmod tempor incididunt ut l abore et dolore magna aliqua. Ut enim ad minim veniam, quis nostrud exercitation ullamco laboris nisi. sed do eiusmod tempor incididunt ut l abore et dolore magna aliqua. Ut enim&nbsp;<br><\\/p>\",\"antallKolonner\":\"1\",\"bildeChkbox\":\"1\",\"bilde\":[\"6\"],\"bildeposisjon\":\"right\",\"bildetekstChkbox\":\"\",\"bildetekst\":\"\",\"bildetekstposisjon\":\"left\"}}},\"114\":{\"89\":{\"type\":\"meny\",\"enabled\":\"1\",\"fields\":{\"ikon\":[\"158\"],\"tittel\":\"Lunsjmeny\",\"tidspunkt\":\"11:00 - 16:00\",\"oppskrifter\":[\"88\",\"134\",\"136\",\"138\",\"140\",\"142\"]}},\"156\":{\"type\":\"meny\",\"enabled\":\"1\",\"fields\":{\"ikon\":[\"29\"],\"tittel\":\"Klassisk meny\",\"tidspunkt\":\"16:00 - 23:00\",\"oppskrifter\":[\"144\",\"138\",\"140\",\"146\",\"148\",\"150\",\"152\",\"154\"]}},\"157\":{\"type\":\"meny\",\"enabled\":\"1\",\"fields\":{\"ikon\":[\"16\"],\"tittel\":\"Ukens 3-retter\",\"tidspunkt\":\"16:00 - 23:00\",\"oppskrifter\":[\"154\",\"146\",\"150\",\"148\",\"136\",\"134\"]}},\"163\":{\"type\":\"meny\",\"enabled\":\"1\",\"fields\":{\"ikon\":[\"91\"],\"tittel\":\"Festmeny\",\"tidspunkt\":\"HGELE \\u00c5RET\",\"oppskrifter\":[\"148\",\"146\",\"142\"]}}},\"23\":\"<p>Vi byr p\\u00e5 gode mat og drikkeopplevelser p\\u00e5 Trondheims tak, med kortreist mat fra de tr\\u00f8nderske fylker. Her kan du slappe av i solen ved v\\u00e5r popul\\u00e6re uteserveringen, se solnedgangen over Trondheim i festlig lag, eller hygge deg med et godt m\\u00e5ltid inne i restauranten<\\/p>\",\"25\":\"Restaurant Kommandanten\",\"22\":[\"9\"]}}','2017-02-27 01:22:27','2017-02-27 01:22:27','c21b7e6d-ea76-49ed-a6b9-8ce05bdcea35'),(118,3,2,1,'nb_no',19,'','{\"typeId\":null,\"authorId\":null,\"title\":\"Restaurant\",\"slug\":\"restaurant\",\"postDate\":1486740601,\"expiryDate\":null,\"enabled\":1,\"parentId\":null,\"fields\":{\"133\":{\"159\":{\"modified\":\"0\",\"type\":\"designblokk\",\"enabled\":\"1\",\"collapsed\":\"0\",\"level\":\"0\",\"fields\":{\"mellomrom\":\"begge\",\"tekstChkbox\":\"1\",\"rikTekst\":\"<h3>Lokale r\\u00e5varer<\\/h3>\\r\\n<p>Lorem ipsum dolor sit amet, consectetur adipiscing elit, sed do eiusmod tempor incididunt ut l abore et dolore magna aliqua. Ut enim ad minim veniam, quis nostrud exercitation ullamco laboris nisi. sed do eiusmod tempor incididunt ut l abore et dolore magna aliqua. Ut enim ad minim veniam, quis nostrud exercitation ullamco laboris nisi. sed do eiusmod tempor incididunt ut l abore et dolore magna aliqua. Ut enim&nbsp;Lorem ipsum dolor sit amet, consectetur adipiscing elit, sed do eiusmod tempor incididunt ut l abore et dolore magna aliqua. Ut enim ad minim veniam, quis nostrud exercitation ullamco laboris nisi. sed do eiusmod tempor incididunt ut l abore et dolore magna aliqua. Ut enim ad minim veniam, quis nostrud exercitation ullamco laboris nisi. sed do eiusmod tempor incididunt ut l abore et dolore magna aliqua. Ut enim&nbsp;<br><\\/p>\",\"antallKolonner\":\"2\",\"bildeChkbox\":\"1\",\"bilde\":[\"7\"],\"bildeposisjon\":\"full\",\"bildetekstChkbox\":\"1\",\"bildetekst\":\"<p>Lorem ipsum<\\/p>\",\"bildetekstposisjon\":\"drop-left\"}},\"160\":{\"modified\":\"0\",\"type\":\"designblokk\",\"enabled\":\"1\",\"collapsed\":\"0\",\"level\":\"0\",\"fields\":{\"mellomrom\":\"begge\",\"tekstChkbox\":\"1\",\"rikTekst\":\"<h3>Ukens 3-rettere<\\/h3>\\r\\n<p>Lorem ipsum dolor sit amet, consectetur adipiscing elit, sed do eiusmod tempor incididunt ut l abore et dolore magna aliqua. Ut enim ad minim veniam, quis nostrud exercitation ullamco laboris nisi. sed do eiusmod tempor incididunt ut l abore et dolore magna aliqua. Ut enim ad minim veniam, quis nostrud exercitation ullamco laboris nisi. sed do eiusmod tempor incididunt ut l abore et dolore magna aliqua. Ut enim&nbsp;<br><\\/p>\",\"antallKolonner\":\"1\",\"bildeChkbox\":\"1\",\"bilde\":[\"7\"],\"bildeposisjon\":\"left\",\"bildetekstChkbox\":\"\",\"bildetekst\":\"\",\"bildetekstposisjon\":\"left\"}},\"161\":{\"modified\":\"0\",\"type\":\"designblokk\",\"enabled\":\"1\",\"collapsed\":\"0\",\"level\":\"0\",\"fields\":{\"mellomrom\":\"begge\",\"tekstChkbox\":\"1\",\"rikTekst\":\"<h3>Uteservering<\\/h3>\\r\\n<p>Lorem ipsum dolor sit amet, consectetur adipiscing elit, sed do eiusmod tempor incididunt ut l abore et dolore magna aliqua. Ut enim ad minim veniam, quis nostrud exercitation ullamco laboris nisi. sed do eiusmod tempor incididunt ut l abore et dolore magna aliqua. Ut enim ad minim veniam, quis nostrud exercitation ullamco laboris nisi. sed do eiusmod tempor incididunt ut l abore et dolore magna aliqua. Ut enim&nbsp;<br><\\/p>\",\"antallKolonner\":\"1\",\"bildeChkbox\":\"1\",\"bilde\":[\"6\"],\"bildeposisjon\":\"right\",\"bildetekstChkbox\":\"\",\"bildetekst\":\"\",\"bildetekstposisjon\":\"left\"}}},\"114\":{\"89\":{\"type\":\"meny\",\"enabled\":\"1\",\"fields\":{\"ikon\":[\"158\"],\"tittel\":\"Lunsjmeny\",\"tidspunkt\":\"11:00 - 16:00\",\"oppskrifter\":[\"88\",\"134\",\"136\",\"138\",\"140\",\"142\"]}},\"156\":{\"type\":\"meny\",\"enabled\":\"1\",\"fields\":{\"ikon\":[\"29\"],\"tittel\":\"Klassisk meny\",\"tidspunkt\":\"16:00 - 23:00\",\"oppskrifter\":[\"144\",\"138\",\"140\",\"146\",\"148\",\"150\",\"152\",\"154\"]}},\"157\":{\"type\":\"meny\",\"enabled\":\"1\",\"fields\":{\"ikon\":[\"16\"],\"tittel\":\"Ukens 3-retter\",\"tidspunkt\":\"16:00 - 23:00\",\"oppskrifter\":[\"154\",\"146\",\"150\",\"148\",\"136\",\"134\"]}},\"163\":{\"type\":\"meny\",\"enabled\":\"1\",\"fields\":{\"ikon\":[\"91\"],\"tittel\":\"Festmeny\",\"tidspunkt\":\"HELE \\u00c5RET\",\"oppskrifter\":[\"148\",\"146\",\"142\"]}}},\"23\":\"<p>Vi byr p\\u00e5 gode mat og drikkeopplevelser p\\u00e5 Trondheims tak, med kortreist mat fra de tr\\u00f8nderske fylker. Her kan du slappe av i solen ved v\\u00e5r popul\\u00e6re uteserveringen, se solnedgangen over Trondheim i festlig lag, eller hygge deg med et godt m\\u00e5ltid inne i restauranten<\\/p>\",\"25\":\"Restaurant Kommandanten\",\"22\":[\"9\"]}}','2017-02-27 01:22:48','2017-02-27 01:22:48','4e9772ea-755d-4b5b-a7a3-35a91a453f5e'),(119,3,2,1,'nb_no',20,'','{\"typeId\":null,\"authorId\":null,\"title\":\"Restaurant\",\"slug\":\"restaurant\",\"postDate\":1486740601,\"expiryDate\":null,\"enabled\":1,\"parentId\":null,\"fields\":{\"133\":{\"159\":{\"modified\":\"0\",\"type\":\"designblokk\",\"enabled\":\"1\",\"collapsed\":\"0\",\"level\":\"0\",\"fields\":{\"mellomrom\":\"begge\",\"tekstChkbox\":\"1\",\"rikTekst\":\"<h3>Lokale r\\u00e5varer<\\/h3>\\r\\n<p>Lorem ipsum dolor sit amet, consectetur adipiscing elit, sed do eiusmod tempor incididunt ut l abore et dolore magna aliqua. Ut enim ad minim veniam, quis nostrud exercitation ullamco laboris nisi. sed do eiusmod tempor incididunt ut l abore et dolore magna aliqua. Ut enim ad minim veniam, quis nostrud exercitation ullamco laboris nisi. sed do eiusmod tempor incididunt ut l abore et dolore magna aliqua. Ut enim&nbsp;Lorem ipsum dolor sit amet, consectetur adipiscing elit, sed do eiusmod tempor incididunt ut l abore et dolore magna aliqua. Ut enim ad minim veniam, quis nostrud exercitation ullamco laboris nisi. sed do eiusmod tempor incididunt ut l abore et dolore magna aliqua. Ut enim ad minim veniam, quis nostrud exercitation ullamco laboris nisi. sed do eiusmod tempor incididunt ut l abore et dolore magna aliqua. Ut enim&nbsp;<br><\\/p>\",\"antallKolonner\":\"2\",\"bildeChkbox\":\"1\",\"bilde\":[\"7\"],\"bildeposisjon\":\"full\",\"bildetekstChkbox\":\"1\",\"bildetekst\":\"<p>Lorem ipsum<\\/p>\",\"bildetekstposisjon\":\"drop-left\"}},\"160\":{\"modified\":\"0\",\"type\":\"designblokk\",\"enabled\":\"1\",\"collapsed\":\"0\",\"level\":\"0\",\"fields\":{\"mellomrom\":\"begge\",\"tekstChkbox\":\"1\",\"rikTekst\":\"<h3>Ukens 3-rettere<\\/h3>\\r\\n<p>Lorem ipsum dolor sit amet, consectetur adipiscing elit, sed do eiusmod tempor incididunt ut l abore et dolore magna aliqua. Ut enim ad minim veniam, quis nostrud exercitation ullamco laboris nisi. sed do eiusmod tempor incididunt ut l abore et dolore magna aliqua. Ut enim ad minim veniam, quis nostrud exercitation ullamco laboris nisi. sed do eiusmod tempor incididunt ut l abore et dolore magna aliqua. Ut enim&nbsp;<br><\\/p>\",\"antallKolonner\":\"1\",\"bildeChkbox\":\"1\",\"bilde\":[\"7\"],\"bildeposisjon\":\"left\",\"bildetekstChkbox\":\"\",\"bildetekst\":\"\",\"bildetekstposisjon\":\"left\"}},\"161\":{\"modified\":\"0\",\"type\":\"designblokk\",\"enabled\":\"1\",\"collapsed\":\"0\",\"level\":\"0\",\"fields\":{\"mellomrom\":\"begge\",\"tekstChkbox\":\"1\",\"rikTekst\":\"<h3>Uteservering<\\/h3>\\r\\n<p>Lorem ipsum dolor sit amet, consectetur adipiscing elit, sed do eiusmod tempor incididunt ut l abore et dolore magna aliqua. Ut enim ad minim veniam, quis nostrud exercitation ullamco laboris nisi. sed do eiusmod tempor incididunt ut l abore et dolore magna aliqua. Ut enim ad minim veniam, quis nostrud exercitation ullamco laboris nisi. sed do eiusmod tempor incididunt ut l abore et dolore magna aliqua. Ut enim&nbsp;<br><\\/p>\",\"antallKolonner\":\"1\",\"bildeChkbox\":\"1\",\"bilde\":[\"6\"],\"bildeposisjon\":\"right\",\"bildetekstChkbox\":\"\",\"bildetekst\":\"\",\"bildetekstposisjon\":\"left\"}}},\"114\":{\"89\":{\"type\":\"meny\",\"enabled\":\"1\",\"fields\":{\"ikon\":[\"158\"],\"tittel\":\"Lunsjmeny\",\"tidspunkt\":\"11:00 - 16:00\",\"oppskrifter\":[\"88\",\"134\",\"136\",\"138\",\"140\",\"142\"]}},\"156\":{\"type\":\"meny\",\"enabled\":\"1\",\"fields\":{\"ikon\":[\"29\"],\"tittel\":\"Klassisk meny\",\"tidspunkt\":\"16:00 - 23:00\",\"oppskrifter\":[\"144\",\"138\",\"140\",\"146\",\"148\",\"150\",\"152\",\"154\"]}},\"157\":{\"type\":\"meny\",\"enabled\":\"1\",\"fields\":{\"ikon\":[\"16\"],\"tittel\":\"Ukens 3-retter\",\"tidspunkt\":\"16:00 - 23:00\",\"oppskrifter\":[\"154\",\"146\",\"150\",\"148\",\"136\",\"134\"]}}},\"23\":\"<p>Vi byr p\\u00e5 gode mat og drikkeopplevelser p\\u00e5 Trondheims tak, med kortreist mat fra de tr\\u00f8nderske fylker. Her kan du slappe av i solen ved v\\u00e5r popul\\u00e6re uteserveringen, se solnedgangen over Trondheim i festlig lag, eller hygge deg med et godt m\\u00e5ltid inne i restauranten<\\/p>\",\"25\":\"Restaurant Kommandanten\",\"22\":[\"9\"]}}','2017-02-27 01:25:47','2017-02-27 01:25:47','ef812971-ddf0-47f0-aa74-41ab8946bc8f'),(120,3,2,1,'nb_no',21,'','{\"typeId\":null,\"authorId\":null,\"title\":\"Restaurant\",\"slug\":\"restaurant\",\"postDate\":1486740601,\"expiryDate\":null,\"enabled\":1,\"parentId\":null,\"fields\":{\"133\":{\"159\":{\"modified\":\"0\",\"type\":\"designblokk\",\"enabled\":\"1\",\"collapsed\":\"0\",\"level\":\"0\",\"fields\":{\"mellomrom\":\"begge\",\"tekstChkbox\":\"1\",\"rikTekst\":\"<h3>Lokale r\\u00e5varer<\\/h3>\\r\\n<p>Lorem ipsum dolor sit amet, consectetur adipiscing elit, sed do eiusmod tempor incididunt ut l abore et dolore magna aliqua. Ut enim ad minim veniam, quis nostrud exercitation ullamco laboris nisi. sed do eiusmod tempor incididunt ut l abore et dolore magna aliqua. Ut enim ad minim veniam, quis nostrud exercitation ullamco laboris nisi. sed do eiusmod tempor incididunt ut l abore et dolore magna aliqua. Ut enim&nbsp;Lorem ipsum dolor sit amet, consectetur adipiscing elit, sed do eiusmod tempor incididunt ut l abore et dolore magna aliqua. Ut enim ad minim veniam, quis nostrud exercitation ullamco laboris nisi. sed do eiusmod tempor incididunt ut l abore et dolore magna aliqua. Ut enim ad minim veniam, quis nostrud exercitation ullamco laboris nisi. sed do eiusmod tempor incididunt ut l abore et dolore magna aliqua. Ut enim&nbsp;<br><\\/p>\",\"antallKolonner\":\"2\",\"bildeChkbox\":\"1\",\"bilde\":[\"7\"],\"bildeposisjon\":\"full\",\"bildetekstChkbox\":\"1\",\"bildetekst\":\"<p>Lorem ipsum<\\/p>\",\"bildetekstposisjon\":\"drop-left\"}},\"160\":{\"modified\":\"0\",\"type\":\"designblokk\",\"enabled\":\"1\",\"collapsed\":\"0\",\"level\":\"0\",\"fields\":{\"mellomrom\":\"begge\",\"tekstChkbox\":\"1\",\"rikTekst\":\"<h3>Ukens 3-rettere<\\/h3>\\r\\n<p>Lorem ipsum dolor sit amet, consectetur adipiscing elit, sed do eiusmod tempor incididunt ut l abore et dolore magna aliqua. Ut enim ad minim veniam, quis nostrud exercitation ullamco laboris nisi. sed do eiusmod tempor incididunt ut l abore et dolore magna aliqua. Ut enim ad minim veniam, quis nostrud exercitation ullamco laboris nisi. sed do eiusmod tempor incididunt ut l abore et dolore magna aliqua. Ut enim&nbsp;<br><\\/p>\",\"antallKolonner\":\"1\",\"bildeChkbox\":\"1\",\"bilde\":[\"7\"],\"bildeposisjon\":\"left\",\"bildetekstChkbox\":\"\",\"bildetekst\":\"\",\"bildetekstposisjon\":\"left\"}},\"161\":{\"modified\":\"0\",\"type\":\"designblokk\",\"enabled\":\"1\",\"collapsed\":\"0\",\"level\":\"0\",\"fields\":{\"mellomrom\":\"begge\",\"tekstChkbox\":\"1\",\"rikTekst\":\"<h3>Uteservering<\\/h3>\\r\\n<p>Lorem ipsum dolor sit amet, consectetur adipiscing elit, sed do eiusmod tempor incididunt ut l abore et dolore magna aliqua. Ut enim ad minim veniam, quis nostrud exercitation ullamco laboris nisi. sed do eiusmod tempor incididunt ut l abore et dolore magna aliqua. Ut enim ad minim veniam, quis nostrud exercitation ullamco laboris nisi. sed do eiusmod tempor incididunt ut l abore et dolore magna aliqua. Ut enim&nbsp;<br><\\/p>\",\"antallKolonner\":\"1\",\"bildeChkbox\":\"1\",\"bilde\":[\"6\"],\"bildeposisjon\":\"right\",\"bildetekstChkbox\":\"\",\"bildetekst\":\"\",\"bildetekstposisjon\":\"left\"}}},\"114\":{\"157\":{\"type\":\"meny\",\"enabled\":\"1\",\"fields\":{\"ikon\":[\"16\"],\"tittel\":\"Ukens 3-retter\",\"tidspunkt\":\"16:00 - 23:00\",\"oppskrifter\":[\"154\",\"146\",\"150\",\"148\",\"136\",\"134\"]}},\"156\":{\"type\":\"meny\",\"enabled\":\"1\",\"fields\":{\"ikon\":[\"29\"],\"tittel\":\"Klassisk meny\",\"tidspunkt\":\"16:00 - 23:00\",\"oppskrifter\":[\"144\",\"138\",\"140\",\"146\",\"148\",\"150\",\"152\",\"154\"]}},\"89\":{\"type\":\"meny\",\"enabled\":\"1\",\"fields\":{\"ikon\":[\"158\"],\"tittel\":\"Lunsjmeny\",\"tidspunkt\":\"11:00 - 16:00\",\"oppskrifter\":[\"88\",\"134\",\"136\",\"138\",\"140\",\"142\"]}}},\"23\":\"<p>Vi byr p\\u00e5 gode mat og drikkeopplevelser p\\u00e5 Trondheims tak, med kortreist mat fra de tr\\u00f8nderske fylker. Her kan du slappe av i solen ved v\\u00e5r popul\\u00e6re uteserveringen, se solnedgangen over Trondheim i festlig lag, eller hygge deg med et godt m\\u00e5ltid inne i restauranten<\\/p>\",\"25\":\"Restaurant Kommandanten\",\"22\":[\"9\"]}}','2017-02-27 14:26:21','2017-02-27 14:26:21','87ee3a55-6de8-44b2-922a-5e26fb67c356'),(121,3,2,1,'nb_no',22,'','{\"typeId\":null,\"authorId\":null,\"title\":\"Restaurant\",\"slug\":\"restaurant\",\"postDate\":1486740601,\"expiryDate\":null,\"enabled\":1,\"parentId\":null,\"fields\":{\"133\":{\"159\":{\"modified\":\"0\",\"type\":\"designblokk\",\"enabled\":\"1\",\"collapsed\":\"0\",\"level\":\"0\",\"fields\":{\"mellomrom\":\"begge\",\"tekstChkbox\":\"1\",\"rikTekst\":\"<h3>Lokale r\\u00e5varer<\\/h3>\\r\\n<p>Lorem ipsum dolor sit amet, consectetur adipiscing elit, sed do eiusmod tempor incididunt ut l abore et dolore magna aliqua. Ut enim ad minim veniam, quis nostrud exercitation ullamco laboris nisi. sed do eiusmod tempor incididunt ut l abore et dolore magna aliqua. Ut enim ad minim veniam, quis nostrud exercitation ullamco laboris nisi. sed do eiusmod tempor incididunt ut l abore et dolore magna aliqua. Ut enim&nbsp;Lorem ipsum dolor sit amet, consectetur adipiscing elit, sed do eiusmod tempor incididunt ut l abore et dolore magna aliqua. Ut enim ad minim veniam, quis nostrud exercitation ullamco laboris nisi. sed do eiusmod tempor incididunt ut l abore et dolore magna aliqua. Ut enim ad minim veniam, quis nostrud exercitation ullamco laboris nisi. sed do eiusmod tempor incididunt ut l abore et dolore magna aliqua. Ut enim&nbsp;<br><\\/p>\",\"antallKolonner\":\"2\",\"bildeChkbox\":\"1\",\"bilde\":[\"7\"],\"bildeposisjon\":\"full\",\"bildetekstChkbox\":\"1\",\"bildetekst\":\"<p>Lorem ipsum<\\/p>\",\"bildetekstposisjon\":\"drop-left\"}},\"160\":{\"modified\":\"1\",\"type\":\"designblokk\",\"enabled\":\"1\",\"collapsed\":\"0\",\"level\":\"0\",\"fields\":{\"mellomrom\":\"under\",\"tekstChkbox\":\"1\",\"rikTekst\":\"<h3>Ukens 3-rettere<\\/h3>\\r\\n<p>Lorem ipsum dolor sit amet, consectetur adipiscing elit, sed do eiusmod tempor incididunt ut l abore et dolore magna aliqua. Ut enim ad minim veniam, quis nostrud exercitation ullamco laboris nisi. sed do eiusmod tempor incididunt ut l abore et dolore magna aliqua. Ut enim ad minim veniam, quis nostrud exercitation ullamco laboris nisi. sed do eiusmod tempor incididunt ut l abore et dolore magna aliqua. Ut enim&nbsp;<br><\\/p>\",\"antallKolonner\":\"1\",\"bildeChkbox\":\"1\",\"bilde\":[\"7\"],\"bildeposisjon\":\"left\",\"bildetekstChkbox\":\"\",\"bildetekst\":\"\",\"bildetekstposisjon\":\"left\"}},\"161\":{\"modified\":\"1\",\"type\":\"designblokk\",\"enabled\":\"1\",\"collapsed\":\"0\",\"level\":\"0\",\"fields\":{\"mellomrom\":\"under\",\"tekstChkbox\":\"1\",\"rikTekst\":\"<h3>Uteservering<\\/h3>\\r\\n<p>Lorem ipsum dolor sit amet, consectetur adipiscing elit, sed do eiusmod tempor incididunt ut l abore et dolore magna aliqua. Ut enim ad minim veniam, quis nostrud exercitation ullamco laboris nisi. sed do eiusmod tempor incididunt ut l abore et dolore magna aliqua. Ut enim ad minim veniam, quis nostrud exercitation ullamco laboris nisi. sed do eiusmod tempor incididunt ut l abore et dolore magna aliqua. Ut enim&nbsp;<br><\\/p>\",\"antallKolonner\":\"1\",\"bildeChkbox\":\"1\",\"bilde\":[\"6\"],\"bildeposisjon\":\"right\",\"bildetekstChkbox\":\"\",\"bildetekst\":\"\",\"bildetekstposisjon\":\"left\"}}},\"114\":{\"157\":{\"type\":\"meny\",\"enabled\":\"1\",\"fields\":{\"ikon\":[\"16\"],\"tittel\":\"Ukens 3-retter\",\"tidspunkt\":\"16:00 - 23:00\",\"oppskrifter\":[\"154\",\"146\",\"150\",\"148\",\"136\",\"134\"]}},\"156\":{\"type\":\"meny\",\"enabled\":\"1\",\"fields\":{\"ikon\":[\"29\"],\"tittel\":\"Klassisk meny\",\"tidspunkt\":\"16:00 - 23:00\",\"oppskrifter\":[\"144\",\"138\",\"140\",\"146\",\"148\",\"150\",\"152\",\"154\"]}},\"89\":{\"type\":\"meny\",\"enabled\":\"1\",\"fields\":{\"ikon\":[\"158\"],\"tittel\":\"Lunsjmeny\",\"tidspunkt\":\"11:00 - 16:00\",\"oppskrifter\":[\"88\",\"134\",\"136\",\"138\",\"140\",\"142\"]}}},\"23\":\"<p>Vi byr p\\u00e5 gode mat og drikkeopplevelser p\\u00e5 Trondheims tak, med kortreist mat fra de tr\\u00f8nderske fylker. Her kan du slappe av i solen ved v\\u00e5r popul\\u00e6re uteserveringen, se solnedgangen over Trondheim i festlig lag, eller hygge deg med et godt m\\u00e5ltid inne i restauranten<\\/p>\",\"25\":\"Restaurant Kommandanten\",\"22\":[\"9\"]}}','2017-02-28 01:02:22','2017-02-28 01:02:22','676f80be-aa4c-450b-8f9f-3d97bf7b7313'),(122,3,2,1,'nb_no',23,'','{\"typeId\":null,\"authorId\":null,\"title\":\"Restaurant\",\"slug\":\"restaurant\",\"postDate\":1486740601,\"expiryDate\":null,\"enabled\":1,\"parentId\":null,\"fields\":{\"133\":{\"new0\":{\"modified\":\"1\",\"type\":\"designblokk\",\"enabled\":\"1\",\"collapsed\":\"1\",\"level\":\"0\",\"fields\":{\"mellomrom\":\"under\",\"tekstChkbox\":\"\",\"rikTekst\":\"\",\"antallKolonner\":\"1\",\"bildeChkbox\":\"1\",\"bilde\":[\"164\"],\"bildeposisjon\":\"full\",\"bildetekstChkbox\":\"1\",\"bildetekst\":\"<p>ullamco laboris nisi. sed do eiusmod tempor incididunt ut l abore et dolore magnostrud exercitation ullamco laboris nisi.sed do.&nbsp;<\\/p><p><strong>Eiusmod tempor incididunt ut l abore et dolore magna aliqua.&nbsp;<\\/strong><\\/p><p>Ut enim ad minim veniam, quis nostrud exercitation ullamco laboris nisi.sed do.&nbsp;<span><\\/span><\\/p>\",\"bildetekstposisjon\":\"drop-left\"}},\"159\":{\"modified\":\"1\",\"type\":\"designblokk\",\"enabled\":\"1\",\"collapsed\":\"0\",\"level\":\"0\",\"fields\":{\"mellomrom\":\"begge\",\"tekstChkbox\":\"1\",\"rikTekst\":\"<h3>Lokale r\\u00e5varer<\\/h3>\\r\\n<p>Lorem ipsum dolor sit amet, consectetur adipiscing elit, sed do eiusmod tempor incididunt ut l abore et dolore magna aliqua. Ut enim ad minim veniam, quis nostrud exercitation ullamco laboris nisi. sed do eiusmod tempor incididunt ut l abore et dolore magna aliqua. Ut enim ad minim veniam, quis nostrud exercitation ullamco laboris nisi. sed do eiusmod tempor incididunt ut l abore et dolore magna aliqua. Ut enim&nbsp;Lorem ipsum dolor sit amet, consectetur adipiscing elit, sed do eiusmod tempor incididunt ut l abore et dolore magna aliqua. Ut enim ad minim veniam, quis nostrud exercitation ullamco laboris nisi. sed do eiusmod tempor incididunt ut l abore et dolore magna aliqua. Ut enim ad minim veniam, quis nostrud exercitation ullamco laboris nisi. sed do eiusmod tempor incididunt ut l abore et dolore magna aliqua. Ut enim&nbsp;<br><\\/p>\",\"antallKolonner\":\"2\",\"bildeChkbox\":\"1\",\"bilde\":[\"165\"],\"bildeposisjon\":\"full\",\"bildetekstChkbox\":\"\",\"bildetekst\":\"<p>Lorem ipsum<\\/p>\",\"bildetekstposisjon\":\"drop-left\"}},\"160\":{\"modified\":\"1\",\"type\":\"designblokk\",\"enabled\":\"1\",\"collapsed\":\"0\",\"level\":\"0\",\"fields\":{\"mellomrom\":\"under\",\"tekstChkbox\":\"1\",\"rikTekst\":\"<h3>Ukens 3-rettere<\\/h3>\\r\\n<p>Lorem ipsum dolor sit amet, consectetur adipiscing elit, sed do eiusmod tempor incididunt ut l abore et dolore magna aliqua. Ut enim ad minim veniam, quis nostrud exercitation ullamco laboris nisi. sed do eiusmod tempor incididunt ut l abore et dolore magna aliqua. Ut enim ad minim veniam, quis nostrud exercitation ullamco laboris nisi. sed do eiusmod tempor incididunt ut l abore et dolore magna aliqua. Ut enim&nbsp;<br><\\/p>\",\"antallKolonner\":\"1\",\"bildeChkbox\":\"1\",\"bilde\":[\"167\"],\"bildeposisjon\":\"left\",\"bildetekstChkbox\":\"\",\"bildetekst\":\"\",\"bildetekstposisjon\":\"left\"}},\"161\":{\"modified\":\"0\",\"type\":\"designblokk\",\"enabled\":\"1\",\"collapsed\":\"0\",\"level\":\"0\",\"fields\":{\"mellomrom\":\"under\",\"tekstChkbox\":\"1\",\"rikTekst\":\"<h3>Uteservering<\\/h3>\\r\\n<p>Lorem ipsum dolor sit amet, consectetur adipiscing elit, sed do eiusmod tempor incididunt ut l abore et dolore magna aliqua. Ut enim ad minim veniam, quis nostrud exercitation ullamco laboris nisi. sed do eiusmod tempor incididunt ut l abore et dolore magna aliqua. Ut enim ad minim veniam, quis nostrud exercitation ullamco laboris nisi. sed do eiusmod tempor incididunt ut l abore et dolore magna aliqua. Ut enim&nbsp;<br><\\/p>\",\"antallKolonner\":\"1\",\"bildeChkbox\":\"1\",\"bilde\":[\"6\"],\"bildeposisjon\":\"right\",\"bildetekstChkbox\":\"\",\"bildetekst\":\"\",\"bildetekstposisjon\":\"left\"}}},\"114\":{\"157\":{\"type\":\"meny\",\"enabled\":\"1\",\"fields\":{\"ikon\":[\"16\"],\"tittel\":\"Ukens 3-retter\",\"tidspunkt\":\"16:00 - 23:00\",\"oppskrifter\":[\"154\",\"146\",\"150\",\"148\",\"136\",\"134\"]}},\"156\":{\"type\":\"meny\",\"enabled\":\"1\",\"fields\":{\"ikon\":[\"29\"],\"tittel\":\"Klassisk meny\",\"tidspunkt\":\"16:00 - 23:00\",\"oppskrifter\":[\"144\",\"138\",\"140\",\"146\",\"148\",\"150\",\"152\",\"154\"]}},\"89\":{\"type\":\"meny\",\"enabled\":\"1\",\"fields\":{\"ikon\":[\"158\"],\"tittel\":\"Lunsjmeny\",\"tidspunkt\":\"11:00 - 16:00\",\"oppskrifter\":[\"88\",\"134\",\"136\",\"138\",\"140\",\"142\"]}}},\"23\":\"<p>Vi byr p\\u00e5 gode mat og drikkeopplevelser p\\u00e5 Trondheims tak, med kortreist mat fra de tr\\u00f8nderske fylker. Her kan du slappe av i solen ved v\\u00e5r popul\\u00e6re uteserveringen, se solnedgangen over Trondheim i festlig lag, eller hygge deg med et godt m\\u00e5ltid inne i restauranten<\\/p>\",\"25\":\"Restaurant Kommandanten\",\"22\":[\"9\"]}}','2017-02-28 01:12:00','2017-02-28 01:12:00','eab0f0c6-2497-45ec-8e3e-6262233b731a'),(123,3,2,1,'nb_no',24,'','{\"typeId\":null,\"authorId\":null,\"title\":\"Restaurant\",\"slug\":\"restaurant\",\"postDate\":1486740601,\"expiryDate\":null,\"enabled\":1,\"parentId\":null,\"fields\":{\"133\":{\"168\":{\"modified\":\"1\",\"type\":\"designblokk\",\"enabled\":\"1\",\"collapsed\":\"0\",\"level\":\"0\",\"fields\":{\"mellomrom\":\"begge\",\"tekstChkbox\":\"\",\"rikTekst\":\"\",\"antallKolonner\":\"1\",\"bildeChkbox\":\"1\",\"bilde\":[\"164\"],\"bildeposisjon\":\"full\",\"bildetekstChkbox\":\"1\",\"bildetekst\":\"<p>ullamco laboris nisi. sed do eiusmod tempor incididunt ut l abore et dolore magnostrud exercitation ullamco laboris nisi.sed do.&nbsp;<\\/p>\\r\\n<p><strong>Eiusmod tempor incididunt ut l abore et dolore magna aliqua.&nbsp;<\\/strong><\\/p>\\r\\n<p>Ut enim ad minim veniam, quis nostrud exercitation ullamco laboris nisi.sed do.&nbsp;<\\/p>\",\"bildetekstposisjon\":\"drop-left\"}},\"159\":{\"modified\":\"0\",\"type\":\"designblokk\",\"enabled\":\"1\",\"collapsed\":\"0\",\"level\":\"0\",\"fields\":{\"mellomrom\":\"begge\",\"tekstChkbox\":\"1\",\"rikTekst\":\"<h3>Lokale r\\u00e5varer<\\/h3>\\r\\n<p>Lorem ipsum dolor sit amet, consectetur adipiscing elit, sed do eiusmod tempor incididunt ut l abore et dolore magna aliqua. Ut enim ad minim veniam, quis nostrud exercitation ullamco laboris nisi. sed do eiusmod tempor incididunt ut l abore et dolore magna aliqua. Ut enim ad minim veniam, quis nostrud exercitation ullamco laboris nisi. sed do eiusmod tempor incididunt ut l abore et dolore magna aliqua. Ut enim&nbsp;Lorem ipsum dolor sit amet, consectetur adipiscing elit, sed do eiusmod tempor incididunt ut l abore et dolore magna aliqua. Ut enim ad minim veniam, quis nostrud exercitation ullamco laboris nisi. sed do eiusmod tempor incididunt ut l abore et dolore magna aliqua. Ut enim ad minim veniam, quis nostrud exercitation ullamco laboris nisi. sed do eiusmod tempor incididunt ut l abore et dolore magna aliqua. Ut enim&nbsp;<br><\\/p>\",\"antallKolonner\":\"2\",\"bildeChkbox\":\"1\",\"bilde\":[\"165\"],\"bildeposisjon\":\"full\",\"bildetekstChkbox\":\"\",\"bildetekst\":\"<p>Lorem ipsum<\\/p>\",\"bildetekstposisjon\":\"drop-left\"}},\"160\":{\"modified\":\"0\",\"type\":\"designblokk\",\"enabled\":\"1\",\"collapsed\":\"0\",\"level\":\"0\",\"fields\":{\"mellomrom\":\"under\",\"tekstChkbox\":\"1\",\"rikTekst\":\"<h3>Ukens 3-rettere<\\/h3>\\r\\n<p>Lorem ipsum dolor sit amet, consectetur adipiscing elit, sed do eiusmod tempor incididunt ut l abore et dolore magna aliqua. Ut enim ad minim veniam, quis nostrud exercitation ullamco laboris nisi. sed do eiusmod tempor incididunt ut l abore et dolore magna aliqua. Ut enim ad minim veniam, quis nostrud exercitation ullamco laboris nisi. sed do eiusmod tempor incididunt ut l abore et dolore magna aliqua. Ut enim&nbsp;<br><\\/p>\",\"antallKolonner\":\"1\",\"bildeChkbox\":\"1\",\"bilde\":[\"167\"],\"bildeposisjon\":\"left\",\"bildetekstChkbox\":\"\",\"bildetekst\":\"\",\"bildetekstposisjon\":\"left\"}},\"161\":{\"modified\":\"0\",\"type\":\"designblokk\",\"enabled\":\"1\",\"collapsed\":\"0\",\"level\":\"0\",\"fields\":{\"mellomrom\":\"under\",\"tekstChkbox\":\"1\",\"rikTekst\":\"<h3>Uteservering<\\/h3>\\r\\n<p>Lorem ipsum dolor sit amet, consectetur adipiscing elit, sed do eiusmod tempor incididunt ut l abore et dolore magna aliqua. Ut enim ad minim veniam, quis nostrud exercitation ullamco laboris nisi. sed do eiusmod tempor incididunt ut l abore et dolore magna aliqua. Ut enim ad minim veniam, quis nostrud exercitation ullamco laboris nisi. sed do eiusmod tempor incididunt ut l abore et dolore magna aliqua. Ut enim&nbsp;<br><\\/p>\",\"antallKolonner\":\"1\",\"bildeChkbox\":\"1\",\"bilde\":[\"6\"],\"bildeposisjon\":\"right\",\"bildetekstChkbox\":\"\",\"bildetekst\":\"\",\"bildetekstposisjon\":\"left\"}}},\"114\":{\"157\":{\"type\":\"meny\",\"enabled\":\"1\",\"fields\":{\"ikon\":[\"16\"],\"tittel\":\"Ukens 3-retter\",\"tidspunkt\":\"16:00 - 23:00\",\"oppskrifter\":[\"154\",\"146\",\"150\",\"148\",\"136\",\"134\"]}},\"156\":{\"type\":\"meny\",\"enabled\":\"1\",\"fields\":{\"ikon\":[\"29\"],\"tittel\":\"Klassisk meny\",\"tidspunkt\":\"16:00 - 23:00\",\"oppskrifter\":[\"144\",\"138\",\"140\",\"146\",\"148\",\"150\",\"152\",\"154\"]}},\"89\":{\"type\":\"meny\",\"enabled\":\"1\",\"fields\":{\"ikon\":[\"158\"],\"tittel\":\"Lunsjmeny\",\"tidspunkt\":\"11:00 - 16:00\",\"oppskrifter\":[\"88\",\"134\",\"136\",\"138\",\"140\",\"142\"]}}},\"23\":\"<p>Vi byr p\\u00e5 gode mat og drikkeopplevelser p\\u00e5 Trondheims tak, med kortreist mat fra de tr\\u00f8nderske fylker. Her kan du slappe av i solen ved v\\u00e5r popul\\u00e6re uteserveringen, se solnedgangen over Trondheim i festlig lag, eller hygge deg med et godt m\\u00e5ltid inne i restauranten<\\/p>\",\"25\":\"Restaurant Kommandanten\",\"22\":[\"9\"]}}','2017-02-28 01:13:30','2017-02-28 01:13:30','ba150585-9533-4fea-bc97-15dd2c1e6190'),(124,2,1,1,'nb_no',73,'','{\"typeId\":null,\"authorId\":null,\"title\":\"Forside\",\"slug\":\"forside\",\"postDate\":1486740585,\"expiryDate\":null,\"enabled\":1,\"parentId\":null,\"fields\":{\"26\":{\"39\":{\"type\":\"5\",\"fields\":{\"tittel\":\"\\u00c5pningstider\",\"ikon\":[\"15\"],\"rikTekst\":\"<table><tbody><tr><td>Tirsdag - Fredag<\\/td><td>11:00 - 23:00<\\/td><\\/tr><tr><td>L\\u00f8rdag - S\\u00f8ndag<\\/td><td>11:00 - 23:00<\\/td><\\/tr><\\/tbody><\\/table>\\r\\n<p>M\\u00f8ter og lukkede selskap etter avtale<\\/p>\",\"knapp\":\"<p><a href=\\\"tel:2045052666\\\">TLF: 450 52 666<\\/a><\\/p>\"}},\"40\":{\"type\":\"5\",\"fields\":{\"tittel\":\"Booking\",\"ikon\":[\"16\"],\"rikTekst\":\"<p>Reserver bord eller book <strong>egne dedikerte&nbsp;selskapslokaler<\\/strong> med eget vertskap og&nbsp;underholdning<\\/p>\",\"knapp\":\"<p><a href=\\\"mailto:kommandanten@festningenservering.no\\\">Send epost<\\/a><\\/p>\"}}},\"104\":{\"51\":{\"type\":\"6\",\"fields\":{\"tittel\":\"Booking\",\"ikon\":[\"16\"],\"tekst\":\"Reserver selskalslokaler eller bord i restauranten\",\"map\":{\"lat\":\"63.42728200000001\",\"lng\":\"10.410894999999982\",\"zoom\":\"15\",\"address\":\"Kristiansten Festning, 7015 Trondheim, Norge\",\"parts\":{\"establishment\":\"Kristiansten Festning\",\"establishment_short\":\"Kristiansten Festning\",\"locality\":\"Trondheim\",\"locality_short\":\"Trondheim\",\"postal_town\":\"Trondheim\",\"postal_town_short\":\"Trondheim\",\"administrative_area_level_2\":\"Trondheim\",\"administrative_area_level_2_short\":\"Trondheim\",\"administrative_area_level_1\":\"S\\u00f8r-Tr\\u00f8ndelag\",\"administrative_area_level_1_short\":\"S\\u00f8r-Tr\\u00f8ndelag\",\"country\":\"Norge\",\"country_short\":\"NO\",\"postal_code\":\"7015\",\"postal_code_short\":\"7015\"}}}}},\"46\":{\"37\":{\"modified\":\"0\",\"type\":\"designblokk\",\"enabled\":\"1\",\"collapsed\":\"0\",\"level\":\"0\",\"fields\":{\"mellomrom\":\"begge\",\"tekstChkbox\":\"1\",\"rikTekst\":\"<h2>Restauranten<\\/h2>\\r\\n<p>Lorem ipsum dolor sit amet<\\/p>\\r\\n<p><a href=\\\"http:\\/\\/festningen.local\\/restaurant#entry:3:url\\\"><strong>Les mer<\\/strong><\\/a><\\/p>\",\"antallKolonner\":\"1\",\"bildeChkbox\":\"1\",\"bilde\":[\"7\"],\"bildeposisjon\":\"full\",\"bildetekstChkbox\":\"\",\"bildetekst\":\"\",\"bildetekstposisjon\":\"left\"}},\"38\":{\"modified\":\"0\",\"type\":\"designblokk\",\"enabled\":\"1\",\"collapsed\":\"0\",\"level\":\"0\",\"fields\":{\"mellomrom\":\"ingen\",\"tekstChkbox\":\"\",\"rikTekst\":\"<h2>Restauranten<\\/h2>\\r\\n<p><br>Lorem ipsum dolor sit amet<\\/p>\",\"bildeChkbox\":\"1\",\"bilde\":[\"6\"],\"bildeposisjon\":\"full\",\"bildetekstChkbox\":\"\",\"bildetekst\":\"\",\"bildetekstposisjon\":\"left\"}},\"45\":{\"modified\":\"0\",\"type\":\"designblokk\",\"enabled\":\"1\",\"collapsed\":\"0\",\"level\":\"0\",\"fields\":{\"mellomrom\":\"begge\",\"tekstChkbox\":\"1\",\"rikTekst\":\"<h2>Selskap<\\/h2>\\r\\n<p>Lorem ipsum dolor sit amet, bryllup adipiscing elit, sed do eiusmod d\\u00e5p og minnestund incididunt ut labore et dolore magna aliqua. Juleord og juleselskap enim ad minim veniam, quis nostrud exercitation ullamco laboris nisi.<\\/p>\\r\\n<p><br><\\/p>\\r\\n<p><a href=\\\"http:\\/\\/festningen.local\\/selskap#entry:4:url\\\">Les mer<\\/a><\\/p>\",\"antallKolonner\":\"1\",\"bildeChkbox\":\"1\",\"bilde\":[\"6\"],\"bildeposisjon\":\"right\",\"bildetekstChkbox\":\"\",\"bildetekst\":\"\",\"bildetekstposisjon\":\"left\"}},\"46\":{\"modified\":\"0\",\"type\":\"designblokk\",\"enabled\":\"1\",\"collapsed\":\"0\",\"level\":\"0\",\"fields\":{\"mellomrom\":\"begge\",\"tekstChkbox\":\"1\",\"rikTekst\":\"<h2>Historiske omgivelser<\\/h2>\\r\\n<p>Lorem ipsum dolor sit amet, bryllup adipiscing elit, sed do eiusmod d\\u00e5p og minnestund incididunt ut labore et dolore magna aliqua. Juleord og juleselskap enim ad minim veniam, quis nostrud exercitation ullamco laboris nisi.<\\/p>\\r\\n<p><a href=\\\"http:\\/\\/festningen.local\\/selskap#entry:4:url\\\">Les mer<\\/a><\\/p>\",\"bildeChkbox\":\"1\",\"bilde\":[\"6\"],\"bildeposisjon\":\"left\",\"bildetekstChkbox\":\"\",\"bildetekst\":\"\",\"bildetekstposisjon\":\"left\"}}},\"23\":\"<p>P\\u00e5 historiske Kristiansten festning i Trondheim ligger <strong>Restaurant Kommandanten<\\/strong> i den gamle kommandant-boligen.<\\/p>\",\"25\":\"Festningen servering og kulturarena\",\"22\":[\"8\"]}}','2017-02-28 15:11:05','2017-02-28 15:11:05','7e372e8a-bcdd-4359-a564-322237c963b8'),(125,2,1,1,'nb_no',74,'','{\"typeId\":null,\"authorId\":null,\"title\":\"Forside\",\"slug\":\"forside\",\"postDate\":1486740585,\"expiryDate\":null,\"enabled\":1,\"parentId\":null,\"fields\":{\"26\":{\"39\":{\"type\":\"5\",\"fields\":{\"tittel\":\"\\u00c5pningstider\",\"ikon\":[\"15\"],\"rikTekst\":\"<table><tbody><tr><td>Tirsdag - Fredag<\\/td><td>11:00 - 23:00<\\/td><\\/tr><tr><td>L\\u00f8rdag - S\\u00f8ndag<\\/td><td>11:00 - 23:00<\\/td><\\/tr><\\/tbody><\\/table>\\r\\n<p>M\\u00f8ter og lukkede selskap etter avtale<\\/p>\",\"knapp\":\"<p><a href=\\\"tel:2045052666\\\">TLF: 450 52 666<\\/a><\\/p>\"}},\"40\":{\"type\":\"5\",\"fields\":{\"tittel\":\"Booking\",\"ikon\":[\"16\"],\"rikTekst\":\"<p>Reserver bord eller book <strong>egne dedikerte&nbsp;selskapslokaler<\\/strong> med eget vertskap og&nbsp;underholdning<\\/p>\",\"knapp\":\"<p><a href=\\\"mailto:kommandanten@festningenservering.no\\\">Send epost<\\/a><\\/p>\"}}},\"104\":{\"51\":{\"type\":\"6\",\"fields\":{\"tittel\":\"Booking\",\"ikon\":[\"16\"],\"tekst\":\"Reserver selskalslokaler eller bord i restauranten\",\"map\":{\"lat\":\"63.42689290000001\",\"lng\":\"10.41063889999998\",\"zoom\":\"15\",\"address\":\"Kristiansten Festning, 7015 Trondheim, Norge\",\"parts\":{\"establishment\":\"Kristiansten Festning\",\"establishment_short\":\"Kristiansten Festning\",\"locality\":\"Trondheim\",\"locality_short\":\"Trondheim\",\"postal_town\":\"Trondheim\",\"postal_town_short\":\"Trondheim\",\"administrative_area_level_2\":\"Trondheim\",\"administrative_area_level_2_short\":\"Trondheim\",\"administrative_area_level_1\":\"S\\u00f8r-Tr\\u00f8ndelag\",\"administrative_area_level_1_short\":\"S\\u00f8r-Tr\\u00f8ndelag\",\"country\":\"Norge\",\"country_short\":\"NO\",\"postal_code\":\"7015\",\"postal_code_short\":\"7015\"}}}}},\"46\":{\"37\":{\"modified\":\"1\",\"type\":\"designblokk\",\"enabled\":\"1\",\"collapsed\":\"0\",\"level\":\"0\",\"fields\":{\"mellomrom\":\"begge\",\"tekstChkbox\":\"1\",\"rikTekst\":\"<h2>Restauranten<\\/h2>\\r\\n<p>Lorem ipsum dolor sit amet<\\/p>\\r\\n<p><a href=\\\"http:\\/\\/festningen.local\\/restaurant#entry:3:url\\\"><strong>Les mer<\\/strong><\\/a><\\/p>\",\"antallKolonner\":\"1\",\"bildeChkbox\":\"1\",\"bilde\":[\"7\"],\"bildeposisjon\":\"right\",\"bildetekstChkbox\":\"\",\"bildetekst\":\"\",\"bildetekstposisjon\":\"left\"}},\"38\":{\"modified\":\"0\",\"type\":\"designblokk\",\"enabled\":\"1\",\"collapsed\":\"0\",\"level\":\"0\",\"fields\":{\"mellomrom\":\"ingen\",\"tekstChkbox\":\"\",\"rikTekst\":\"<h2>Restauranten<\\/h2>\\r\\n<p><br>Lorem ipsum dolor sit amet<\\/p>\",\"bildeChkbox\":\"1\",\"bilde\":[\"6\"],\"bildeposisjon\":\"full\",\"bildetekstChkbox\":\"\",\"bildetekst\":\"\",\"bildetekstposisjon\":\"left\"}},\"45\":{\"modified\":\"0\",\"type\":\"designblokk\",\"enabled\":\"1\",\"collapsed\":\"0\",\"level\":\"0\",\"fields\":{\"mellomrom\":\"begge\",\"tekstChkbox\":\"1\",\"rikTekst\":\"<h2>Selskap<\\/h2>\\r\\n<p>Lorem ipsum dolor sit amet, bryllup adipiscing elit, sed do eiusmod d\\u00e5p og minnestund incididunt ut labore et dolore magna aliqua. Juleord og juleselskap enim ad minim veniam, quis nostrud exercitation ullamco laboris nisi.<\\/p>\\r\\n<p><br><\\/p>\\r\\n<p><a href=\\\"http:\\/\\/festningen.local\\/selskap#entry:4:url\\\">Les mer<\\/a><\\/p>\",\"antallKolonner\":\"1\",\"bildeChkbox\":\"1\",\"bilde\":[\"6\"],\"bildeposisjon\":\"right\",\"bildetekstChkbox\":\"\",\"bildetekst\":\"\",\"bildetekstposisjon\":\"left\"}},\"46\":{\"modified\":\"0\",\"type\":\"designblokk\",\"enabled\":\"1\",\"collapsed\":\"0\",\"level\":\"0\",\"fields\":{\"mellomrom\":\"begge\",\"tekstChkbox\":\"1\",\"rikTekst\":\"<h2>Historiske omgivelser<\\/h2>\\r\\n<p>Lorem ipsum dolor sit amet, bryllup adipiscing elit, sed do eiusmod d\\u00e5p og minnestund incididunt ut labore et dolore magna aliqua. Juleord og juleselskap enim ad minim veniam, quis nostrud exercitation ullamco laboris nisi.<\\/p>\\r\\n<p><a href=\\\"http:\\/\\/festningen.local\\/selskap#entry:4:url\\\">Les mer<\\/a><\\/p>\",\"bildeChkbox\":\"1\",\"bilde\":[\"6\"],\"bildeposisjon\":\"left\",\"bildetekstChkbox\":\"\",\"bildetekst\":\"\",\"bildetekstposisjon\":\"left\"}}},\"23\":\"<p>P\\u00e5 historiske Kristiansten festning i Trondheim ligger <strong>Restaurant Kommandanten<\\/strong> i den gamle kommandant-boligen.<\\/p>\",\"25\":\"Festningen servering og kulturarena\",\"22\":[\"8\"]}}','2017-02-28 15:52:01','2017-02-28 15:52:01','7b0e23f8-e4e2-424a-aff8-aa5c872c9249'),(126,2,1,1,'nb_no',75,'','{\"typeId\":null,\"authorId\":null,\"title\":\"Forside\",\"slug\":\"forside\",\"postDate\":1486740585,\"expiryDate\":null,\"enabled\":1,\"parentId\":null,\"fields\":{\"26\":{\"39\":{\"type\":\"5\",\"fields\":{\"tittel\":\"\\u00c5pningstider\",\"ikon\":[\"15\"],\"rikTekst\":\"<table><tbody><tr><td>Tirsdag - Fredag<\\/td><td>11:00 - 23:00<\\/td><\\/tr><tr><td>L\\u00f8rdag - S\\u00f8ndag<\\/td><td>11:00 - 23:00<\\/td><\\/tr><\\/tbody><\\/table>\\r\\n<p>M\\u00f8ter og lukkede selskap etter avtale<\\/p>\",\"knapp\":\"<p><a href=\\\"tel:2045052666\\\">TLF: 450 52 666<\\/a><\\/p>\"}},\"40\":{\"type\":\"5\",\"fields\":{\"tittel\":\"Booking\",\"ikon\":[\"16\"],\"rikTekst\":\"<p>Reserver bord eller book <strong>egne dedikerte&nbsp;selskapslokaler<\\/strong> med eget vertskap og&nbsp;underholdning<\\/p>\",\"knapp\":\"<p><a href=\\\"mailto:kommandanten@festningenservering.no\\\">Send epost<\\/a><\\/p>\"}}},\"104\":{\"51\":{\"type\":\"6\",\"fields\":{\"tittel\":\"Booking\",\"ikon\":[\"16\"],\"tekst\":\"Reserver selskalslokaler eller bord i restauranten\",\"map\":{\"lat\":\"63.42689290000001\",\"lng\":\"10.41063889999998\",\"zoom\":\"15\",\"address\":\"Kristiansten Festning, 7015 Trondheim, Norge\",\"parts\":{\"establishment\":\"Kristiansten Festning\",\"establishment_short\":\"Kristiansten Festning\",\"locality\":\"Trondheim\",\"locality_short\":\"Trondheim\",\"postal_town\":\"Trondheim\",\"postal_town_short\":\"Trondheim\",\"administrative_area_level_2\":\"Trondheim\",\"administrative_area_level_2_short\":\"Trondheim\",\"administrative_area_level_1\":\"S\\u00f8r-Tr\\u00f8ndelag\",\"administrative_area_level_1_short\":\"S\\u00f8r-Tr\\u00f8ndelag\",\"country\":\"Norge\",\"country_short\":\"NO\",\"postal_code\":\"7015\",\"postal_code_short\":\"7015\"}}}}},\"46\":{\"37\":{\"modified\":\"1\",\"type\":\"designblokk\",\"enabled\":\"1\",\"collapsed\":\"0\",\"level\":\"0\",\"fields\":{\"mellomrom\":\"begge\",\"tekstChkbox\":\"1\",\"rikTekst\":\"<h2>Restauranten<\\/h2>\\r\\n<p>Lorem ipsum dolor sit amet, consectetur adipiscing elit, sed do eiusmod tempor incididunt ut labore et dolore magna aliqua. Ut enim ad minim veniam, quis nostrud exercitation ullamco laboris nisi.<\\/p>\\r\\n<p><a href=\\\"http:\\/\\/festningen.local\\/restaurant#entry:3:url\\\"><strong>Les mer<\\/strong><\\/a><\\/p>\",\"antallKolonner\":\"1\",\"bildeChkbox\":\"1\",\"bilde\":[\"7\"],\"bildeposisjon\":\"right\",\"bildetekstChkbox\":\"\",\"bildetekst\":\"\",\"bildetekstposisjon\":\"left\"}},\"38\":{\"modified\":\"0\",\"type\":\"designblokk\",\"enabled\":\"1\",\"collapsed\":\"0\",\"level\":\"0\",\"fields\":{\"mellomrom\":\"ingen\",\"tekstChkbox\":\"\",\"rikTekst\":\"<h2>Restauranten<\\/h2>\\r\\n<p><br>Lorem ipsum dolor sit amet<\\/p>\",\"bildeChkbox\":\"1\",\"bilde\":[\"6\"],\"bildeposisjon\":\"full\",\"bildetekstChkbox\":\"\",\"bildetekst\":\"\",\"bildetekstposisjon\":\"left\"}},\"45\":{\"modified\":\"0\",\"type\":\"designblokk\",\"enabled\":\"1\",\"collapsed\":\"0\",\"level\":\"0\",\"fields\":{\"mellomrom\":\"begge\",\"tekstChkbox\":\"1\",\"rikTekst\":\"<h2>Selskap<\\/h2>\\r\\n<p>Lorem ipsum dolor sit amet, bryllup adipiscing elit, sed do eiusmod d\\u00e5p og minnestund incididunt ut labore et dolore magna aliqua. Juleord og juleselskap enim ad minim veniam, quis nostrud exercitation ullamco laboris nisi.<\\/p>\\r\\n<p><br><\\/p>\\r\\n<p><a href=\\\"http:\\/\\/festningen.local\\/selskap#entry:4:url\\\">Les mer<\\/a><\\/p>\",\"antallKolonner\":\"1\",\"bildeChkbox\":\"1\",\"bilde\":[\"6\"],\"bildeposisjon\":\"right\",\"bildetekstChkbox\":\"\",\"bildetekst\":\"\",\"bildetekstposisjon\":\"left\"}},\"46\":{\"modified\":\"0\",\"type\":\"designblokk\",\"enabled\":\"1\",\"collapsed\":\"0\",\"level\":\"0\",\"fields\":{\"mellomrom\":\"begge\",\"tekstChkbox\":\"1\",\"rikTekst\":\"<h2>Historiske omgivelser<\\/h2>\\r\\n<p>Lorem ipsum dolor sit amet, bryllup adipiscing elit, sed do eiusmod d\\u00e5p og minnestund incididunt ut labore et dolore magna aliqua. Juleord og juleselskap enim ad minim veniam, quis nostrud exercitation ullamco laboris nisi.<\\/p>\\r\\n<p><a href=\\\"http:\\/\\/festningen.local\\/selskap#entry:4:url\\\">Les mer<\\/a><\\/p>\",\"bildeChkbox\":\"1\",\"bilde\":[\"6\"],\"bildeposisjon\":\"left\",\"bildetekstChkbox\":\"\",\"bildetekst\":\"\",\"bildetekstposisjon\":\"left\"}}},\"23\":\"<p>P\\u00e5 historiske Kristiansten festning i Trondheim ligger <strong>Restaurant Kommandanten<\\/strong> i den gamle kommandant-boligen.<\\/p>\",\"25\":\"Festningen servering og kulturarena\",\"22\":[\"8\"]}}','2017-02-28 15:52:30','2017-02-28 15:52:30','3e3d1256-f4a4-438f-b24a-523975702e81'),(127,2,1,1,'nb_no',76,'','{\"typeId\":null,\"authorId\":null,\"title\":\"Forside\",\"slug\":\"forside\",\"postDate\":1486740585,\"expiryDate\":null,\"enabled\":1,\"parentId\":null,\"fields\":{\"26\":{\"39\":{\"type\":\"5\",\"fields\":{\"tittel\":\"\\u00c5pningstider\",\"ikon\":[\"15\"],\"rikTekst\":\"<table><tbody><tr><td>Tirsdag - Fredag<\\/td><td>11:00 - 23:00<\\/td><\\/tr><tr><td>L\\u00f8rdag - S\\u00f8ndag<\\/td><td>11:00 - 23:00<\\/td><\\/tr><\\/tbody><\\/table>\\r\\n<p>M\\u00f8ter og lukkede selskap etter avtale<\\/p>\",\"knapp\":\"<p><a href=\\\"tel:2045052666\\\">TLF: 450 52 666<\\/a><\\/p>\"}},\"40\":{\"type\":\"5\",\"fields\":{\"tittel\":\"Booking\",\"ikon\":[\"16\"],\"rikTekst\":\"<p>Reserver bord eller book <strong>egne dedikerte&nbsp;selskapslokaler<\\/strong> med eget vertskap og&nbsp;underholdning<\\/p>\",\"knapp\":\"<p><a href=\\\"mailto:kommandanten@festningenservering.no\\\">Send epost<\\/a><\\/p>\"}}},\"104\":{\"51\":{\"type\":\"6\",\"fields\":{\"tittel\":\"Booking\",\"ikon\":[\"16\"],\"tekst\":\"Reserver selskalslokaler eller bord i restauranten\",\"map\":{\"lat\":\"63.42689290000001\",\"lng\":\"10.41063889999998\",\"zoom\":\"15\",\"address\":\"Kristiansten Festning, 7015 Trondheim, Norge\",\"parts\":{\"establishment\":\"Kristiansten Festning\",\"establishment_short\":\"Kristiansten Festning\",\"locality\":\"Trondheim\",\"locality_short\":\"Trondheim\",\"postal_town\":\"Trondheim\",\"postal_town_short\":\"Trondheim\",\"administrative_area_level_2\":\"Trondheim\",\"administrative_area_level_2_short\":\"Trondheim\",\"administrative_area_level_1\":\"S\\u00f8r-Tr\\u00f8ndelag\",\"administrative_area_level_1_short\":\"S\\u00f8r-Tr\\u00f8ndelag\",\"country\":\"Norge\",\"country_short\":\"NO\",\"postal_code\":\"7015\",\"postal_code_short\":\"7015\"}}}}},\"46\":{\"37\":{\"modified\":\"0\",\"type\":\"designblokk\",\"enabled\":\"1\",\"collapsed\":\"0\",\"level\":\"0\",\"fields\":{\"mellomrom\":\"begge\",\"tekstChkbox\":\"1\",\"rikTekst\":\"<h2>Restauranten<\\/h2>\\r\\n<p>Lorem ipsum dolor sit amet, consectetur adipiscing elit, sed do eiusmod tempor incididunt ut labore et dolore magna aliqua. Ut enim ad minim veniam, quis nostrud exercitation ullamco laboris nisi.<\\/p>\\r\\n<p><a href=\\\"http:\\/\\/festningen.local\\/restaurant#entry:3:url\\\"><strong>Les mer<\\/strong><\\/a><\\/p>\",\"antallKolonner\":\"1\",\"bildeChkbox\":\"1\",\"bilde\":[\"7\"],\"bildeposisjon\":\"right\",\"bildetekstChkbox\":\"\",\"bildetekst\":\"\",\"bildetekstposisjon\":\"left\"}},\"38\":{\"modified\":\"0\",\"type\":\"designblokk\",\"enabled\":\"1\",\"collapsed\":\"0\",\"level\":\"0\",\"fields\":{\"mellomrom\":\"ingen\",\"tekstChkbox\":\"\",\"rikTekst\":\"<h2>Restauranten<\\/h2>\\r\\n<p><br>Lorem ipsum dolor sit amet<\\/p>\",\"bildeChkbox\":\"1\",\"bilde\":[\"6\"],\"bildeposisjon\":\"full\",\"bildetekstChkbox\":\"\",\"bildetekst\":\"\",\"bildetekstposisjon\":\"left\"}},\"45\":{\"modified\":\"0\",\"type\":\"designblokk\",\"enabled\":\"1\",\"collapsed\":\"0\",\"level\":\"0\",\"fields\":{\"mellomrom\":\"begge\",\"tekstChkbox\":\"1\",\"rikTekst\":\"<h2>Selskap<\\/h2>\\r\\n<p>Lorem ipsum dolor sit amet, bryllup adipiscing elit, sed do eiusmod d\\u00e5p og minnestund incididunt ut labore et dolore magna aliqua. Juleord og juleselskap enim ad minim veniam, quis nostrud exercitation ullamco laboris nisi.<\\/p>\\r\\n<p><br><\\/p>\\r\\n<p><a href=\\\"http:\\/\\/festningen.local\\/selskap#entry:4:url\\\">Les mer<\\/a><\\/p>\",\"antallKolonner\":\"1\",\"bildeChkbox\":\"1\",\"bilde\":[\"6\"],\"bildeposisjon\":\"right\",\"bildetekstChkbox\":\"\",\"bildetekst\":\"\",\"bildetekstposisjon\":\"left\"}},\"46\":{\"modified\":\"0\",\"type\":\"designblokk\",\"enabled\":\"1\",\"collapsed\":\"0\",\"level\":\"0\",\"fields\":{\"mellomrom\":\"begge\",\"tekstChkbox\":\"1\",\"rikTekst\":\"<h2>Historiske omgivelser<\\/h2>\\r\\n<p>Lorem ipsum dolor sit amet, bryllup adipiscing elit, sed do eiusmod d\\u00e5p og minnestund incididunt ut labore et dolore magna aliqua. Juleord og juleselskap enim ad minim veniam, quis nostrud exercitation ullamco laboris nisi.<\\/p>\\r\\n<p><a href=\\\"http:\\/\\/festningen.local\\/selskap#entry:4:url\\\">Les mer<\\/a><\\/p>\",\"bildeChkbox\":\"1\",\"bilde\":[\"6\"],\"bildeposisjon\":\"left\",\"bildetekstChkbox\":\"\",\"bildetekst\":\"\",\"bildetekstposisjon\":\"left\"}},\"new0\":{\"modified\":\"1\",\"type\":\"vareMenyer\",\"enabled\":\"1\",\"collapsed\":\"0\",\"level\":\"0\",\"fields\":{\"vareMenyer\":{\"new1\":{\"type\":\"2\",\"fields\":{\"ikon\":[\"29\"],\"tekst\":\"<h3>V\\u00e5re menyer<\\/h3><table><tbody><tr><td>Ukens 3-retter<\\/td><td>11:00 - 16:00<\\/td><\\/tr><tr><td>Klassisk meny<\\/td><td>16:00 - 23:00<\\/td><\\/tr><tr><td>Lunsjmeny<\\/td><td>16:00 - 23:00<\\/td><\\/tr><\\/tbody><\\/table><p><strong><\\/strong><a href=\\\"http:\\/\\/festningen.local\\/restaurant#entry:3\\\"><strong>Les mer<\\/strong><\\/a><\\/p>\"}}}}}},\"23\":\"<p>P\\u00e5 historiske Kristiansten festning i Trondheim ligger <strong>Restaurant Kommandanten<\\/strong> i den gamle kommandant-boligen.<\\/p>\",\"25\":\"Festningen servering og kulturarena\",\"22\":[\"8\"]}}','2017-02-28 15:55:09','2017-02-28 15:55:09','84b5d696-7812-4037-933d-6c80257f1da7'),(128,2,1,1,'nb_no',77,'','{\"typeId\":null,\"authorId\":null,\"title\":\"Forside\",\"slug\":\"forside\",\"postDate\":1486740585,\"expiryDate\":null,\"enabled\":1,\"parentId\":null,\"fields\":{\"26\":{\"39\":{\"type\":\"5\",\"fields\":{\"tittel\":\"\\u00c5pningstider\",\"ikon\":[\"15\"],\"rikTekst\":\"<table><tbody><tr><td>Tirsdag - Fredag<\\/td><td>11:00 - 23:00<\\/td><\\/tr><tr><td>L\\u00f8rdag - S\\u00f8ndag<\\/td><td>11:00 - 23:00<\\/td><\\/tr><\\/tbody><\\/table>\\r\\n<p>M\\u00f8ter og lukkede selskap etter avtale<\\/p>\",\"knapp\":\"<p><a href=\\\"tel:2045052666\\\">TLF: 450 52 666<\\/a><\\/p>\"}},\"40\":{\"type\":\"5\",\"fields\":{\"tittel\":\"Booking\",\"ikon\":[\"16\"],\"rikTekst\":\"<p>Reserver bord eller book <strong>egne dedikerte&nbsp;selskapslokaler<\\/strong> med eget vertskap og&nbsp;underholdning<\\/p>\",\"knapp\":\"<p><a href=\\\"mailto:kommandanten@festningenservering.no\\\">Send epost<\\/a><\\/p>\"}}},\"104\":{\"51\":{\"type\":\"6\",\"fields\":{\"tittel\":\"Booking\",\"ikon\":[\"16\"],\"tekst\":\"Reserver selskalslokaler eller bord i restauranten\",\"map\":{\"lat\":\"63.42689290000001\",\"lng\":\"10.41063889999998\",\"zoom\":\"15\",\"address\":\"Kristiansten Festning, 7015 Trondheim, Norge\",\"parts\":{\"establishment\":\"Kristiansten Festning\",\"establishment_short\":\"Kristiansten Festning\",\"locality\":\"Trondheim\",\"locality_short\":\"Trondheim\",\"postal_town\":\"Trondheim\",\"postal_town_short\":\"Trondheim\",\"administrative_area_level_2\":\"Trondheim\",\"administrative_area_level_2_short\":\"Trondheim\",\"administrative_area_level_1\":\"S\\u00f8r-Tr\\u00f8ndelag\",\"administrative_area_level_1_short\":\"S\\u00f8r-Tr\\u00f8ndelag\",\"country\":\"Norge\",\"country_short\":\"NO\",\"postal_code\":\"7015\",\"postal_code_short\":\"7015\"}}}}},\"46\":{\"37\":{\"modified\":\"0\",\"type\":\"designblokk\",\"enabled\":\"1\",\"collapsed\":\"0\",\"level\":\"0\",\"fields\":{\"mellomrom\":\"begge\",\"tekstChkbox\":\"1\",\"rikTekst\":\"<h2>Restauranten<\\/h2>\\r\\n<p>Lorem ipsum dolor sit amet, consectetur adipiscing elit, sed do eiusmod tempor incididunt ut labore et dolore magna aliqua. Ut enim ad minim veniam, quis nostrud exercitation ullamco laboris nisi.<\\/p>\\r\\n<p><a href=\\\"http:\\/\\/festningen.local\\/restaurant#entry:3:url\\\"><strong>Les mer<\\/strong><\\/a><\\/p>\",\"antallKolonner\":\"1\",\"bildeChkbox\":\"1\",\"bilde\":[\"7\"],\"bildeposisjon\":\"right\",\"bildetekstChkbox\":\"\",\"bildetekst\":\"\",\"bildetekstposisjon\":\"left\"}},\"169\":{\"modified\":\"0\",\"type\":\"vareMenyer\",\"enabled\":\"1\",\"collapsed\":\"0\",\"level\":\"0\",\"fields\":{\"vareMenyer\":{\"170\":{\"type\":\"2\",\"fields\":{\"ikon\":[\"29\"],\"tekst\":\"<h3>V\\u00e5re menyer<\\/h3>\\r\\n<table><tbody><tr><td>Ukens 3-retter<\\/td><td>11:00 - 16:00<\\/td><\\/tr><tr><td>Klassisk meny<\\/td><td>16:00 - 23:00<\\/td><\\/tr><tr><td>Lunsjmeny<\\/td><td>16:00 - 23:00<\\/td><\\/tr><\\/tbody><\\/table>\\r\\n<p><a href=\\\"http:\\/\\/festningen.local\\/restaurant#entry:3:url\\\"><strong>Les mer<\\/strong><\\/a><\\/p>\"}}}}},\"38\":{\"modified\":\"0\",\"type\":\"designblokk\",\"enabled\":\"1\",\"collapsed\":\"0\",\"level\":\"0\",\"fields\":{\"mellomrom\":\"ingen\",\"tekstChkbox\":\"\",\"rikTekst\":\"<h2>Restauranten<\\/h2>\\r\\n<p><br>Lorem ipsum dolor sit amet<\\/p>\",\"bildeChkbox\":\"1\",\"bilde\":[\"6\"],\"bildeposisjon\":\"full\",\"bildetekstChkbox\":\"\",\"bildetekst\":\"\",\"bildetekstposisjon\":\"left\"}},\"45\":{\"modified\":\"0\",\"type\":\"designblokk\",\"enabled\":\"1\",\"collapsed\":\"0\",\"level\":\"0\",\"fields\":{\"mellomrom\":\"begge\",\"tekstChkbox\":\"1\",\"rikTekst\":\"<h2>Selskap<\\/h2>\\r\\n<p>Lorem ipsum dolor sit amet, bryllup adipiscing elit, sed do eiusmod d\\u00e5p og minnestund incididunt ut labore et dolore magna aliqua. Juleord og juleselskap enim ad minim veniam, quis nostrud exercitation ullamco laboris nisi.<\\/p>\\r\\n<p><br><\\/p>\\r\\n<p><a href=\\\"http:\\/\\/festningen.local\\/selskap#entry:4:url\\\">Les mer<\\/a><\\/p>\",\"antallKolonner\":\"1\",\"bildeChkbox\":\"1\",\"bilde\":[\"6\"],\"bildeposisjon\":\"right\",\"bildetekstChkbox\":\"\",\"bildetekst\":\"\",\"bildetekstposisjon\":\"left\"}},\"46\":{\"modified\":\"0\",\"type\":\"designblokk\",\"enabled\":\"1\",\"collapsed\":\"0\",\"level\":\"0\",\"fields\":{\"mellomrom\":\"begge\",\"tekstChkbox\":\"1\",\"rikTekst\":\"<h2>Historiske omgivelser<\\/h2>\\r\\n<p>Lorem ipsum dolor sit amet, bryllup adipiscing elit, sed do eiusmod d\\u00e5p og minnestund incididunt ut labore et dolore magna aliqua. Juleord og juleselskap enim ad minim veniam, quis nostrud exercitation ullamco laboris nisi.<\\/p>\\r\\n<p><a href=\\\"http:\\/\\/festningen.local\\/selskap#entry:4:url\\\">Les mer<\\/a><\\/p>\",\"bildeChkbox\":\"1\",\"bilde\":[\"6\"],\"bildeposisjon\":\"left\",\"bildetekstChkbox\":\"\",\"bildetekst\":\"\",\"bildetekstposisjon\":\"left\"}}},\"23\":\"<p>P\\u00e5 historiske Kristiansten festning i Trondheim ligger <strong>Restaurant Kommandanten<\\/strong> i den gamle kommandant-boligen.<\\/p>\",\"25\":\"Festningen servering og kulturarena\",\"22\":[\"8\"]}}','2017-02-28 15:56:13','2017-02-28 15:56:13','0f47007d-0375-40da-aa68-1a019a9d72e4'),(129,2,1,1,'nb_no',78,'','{\"typeId\":null,\"authorId\":null,\"title\":\"Forside\",\"slug\":\"forside\",\"postDate\":1486740585,\"expiryDate\":null,\"enabled\":1,\"parentId\":null,\"fields\":{\"26\":{\"39\":{\"type\":\"5\",\"fields\":{\"tittel\":\"\\u00c5pningstider\",\"ikon\":[\"15\"],\"rikTekst\":\"<table><tbody><tr><td>Tirsdag - Fredag<\\/td><td>11:00 - 23:00<\\/td><\\/tr><tr><td>L\\u00f8rdag - S\\u00f8ndag<\\/td><td>11:00 - 23:00<\\/td><\\/tr><\\/tbody><\\/table>\\r\\n<p>M\\u00f8ter og lukkede selskap etter avtale<\\/p>\",\"knapp\":\"<p><a href=\\\"tel:2045052666\\\">TLF: 450 52 666<\\/a><\\/p>\"}},\"40\":{\"type\":\"5\",\"fields\":{\"tittel\":\"Booking\",\"ikon\":[\"16\"],\"rikTekst\":\"<p>Reserver bord eller book <strong>egne dedikerte&nbsp;selskapslokaler<\\/strong> med eget vertskap og&nbsp;underholdning<\\/p>\",\"knapp\":\"<p><a href=\\\"mailto:kommandanten@festningenservering.no\\\">Send epost<\\/a><\\/p>\"}}},\"104\":{\"51\":{\"type\":\"6\",\"fields\":{\"tittel\":\"Booking\",\"ikon\":[\"16\"],\"tekst\":\"Reserver selskalslokaler eller bord i restauranten\",\"map\":{\"lat\":\"63.42689290000001\",\"lng\":\"10.41063889999998\",\"zoom\":\"15\",\"address\":\"Kristiansten Festning, 7015 Trondheim, Norge\",\"parts\":{\"establishment\":\"Kristiansten Festning\",\"establishment_short\":\"Kristiansten Festning\",\"locality\":\"Trondheim\",\"locality_short\":\"Trondheim\",\"postal_town\":\"Trondheim\",\"postal_town_short\":\"Trondheim\",\"administrative_area_level_2\":\"Trondheim\",\"administrative_area_level_2_short\":\"Trondheim\",\"administrative_area_level_1\":\"S\\u00f8r-Tr\\u00f8ndelag\",\"administrative_area_level_1_short\":\"S\\u00f8r-Tr\\u00f8ndelag\",\"country\":\"Norge\",\"country_short\":\"NO\",\"postal_code\":\"7015\",\"postal_code_short\":\"7015\"}}}}},\"46\":{\"37\":{\"modified\":\"0\",\"type\":\"designblokk\",\"enabled\":\"1\",\"collapsed\":\"0\",\"level\":\"0\",\"fields\":{\"mellomrom\":\"begge\",\"tekstChkbox\":\"1\",\"rikTekst\":\"<h2>Restauranten<\\/h2>\\r\\n<p>Lorem ipsum dolor sit amet, consectetur adipiscing elit, sed do eiusmod tempor incididunt ut labore et dolore magna aliqua. Ut enim ad minim veniam, quis nostrud exercitation ullamco laboris nisi.<\\/p>\\r\\n<p><a href=\\\"http:\\/\\/festningen.local\\/restaurant#entry:3:url\\\"><strong>Les mer<\\/strong><\\/a><\\/p>\",\"antallKolonner\":\"1\",\"bildeChkbox\":\"1\",\"bilde\":[\"7\"],\"bildeposisjon\":\"right\",\"bildetekstChkbox\":\"\",\"bildetekst\":\"\",\"bildetekstposisjon\":\"left\"}},\"169\":{\"modified\":\"1\",\"type\":\"vareMenyer\",\"enabled\":\"1\",\"collapsed\":\"0\",\"level\":\"0\",\"fields\":{\"vareMenyer\":{\"170\":{\"type\":\"2\",\"fields\":{\"ikon\":\"\",\"tekst\":\"<p>Ukens 3-retter, klassisk meny og god gammeldags lunsj<\\/p><p>Lorem ipsum dolor sit amet, consectetur adipiscing elit, sed do eiusmod tempor incididunt ut l abore et dolore magna aliqua. Ut enim ad minim veniam, quis nostrud exercitation ullamco laboris nisi. sed do eiusmod tempor incididunt ut l abore et dolore magna aliqua. Ut enim ad minim veniam, quis nostrud exercitation ullamco laboris nisi. sed do eiusmod tempor incididunt ut l abore et dolore magna aliqua. Ut enim ad minim veniam, quis nostrud exercitation ullamco laboris nisi.sed do eiusmod tempor incididunt ut l abore et dolore magna aliqua. Ut enim ad minim veniam, quis nostrud exercitation ullamco laboris nisi.<\\/p><p><strong><a href=\\\"http:\\/\\/festningen.local\\/restaurant#entry:3\\\">Les mer <\\/a>&nbsp;<\\/strong><\\/p>\"}},\"new1\":{\"type\":\"2\",\"fields\":{\"ikon\":[\"29\"],\"tekst\":\"<h3>V\\u00e5re menyer<\\/h3>\\r\\n<table><tbody><tr><td>Ukens 3-retter<\\/td><td>11:00 - 16:00<\\/td><\\/tr><tr><td>Klassisk meny<\\/td><td>16:00 - 23:00<\\/td><\\/tr><tr><td>Lunsjmeny<\\/td><td>16:00 - 23:00<\\/td><\\/tr><\\/tbody><\\/table>\\r\\n<p><a href=\\\"http:\\/\\/festningen.local\\/restaurant#entry:3:url\\\"><b>Les mer<\\/b><\\/a><\\/p>\"}}}}},\"38\":{\"modified\":\"0\",\"type\":\"designblokk\",\"enabled\":\"1\",\"collapsed\":\"0\",\"level\":\"0\",\"fields\":{\"mellomrom\":\"ingen\",\"tekstChkbox\":\"\",\"rikTekst\":\"<h2>Restauranten<\\/h2>\\r\\n<p><br>Lorem ipsum dolor sit amet<\\/p>\",\"bildeChkbox\":\"1\",\"bilde\":[\"6\"],\"bildeposisjon\":\"full\",\"bildetekstChkbox\":\"\",\"bildetekst\":\"\",\"bildetekstposisjon\":\"left\"}},\"45\":{\"modified\":\"0\",\"type\":\"designblokk\",\"enabled\":\"1\",\"collapsed\":\"0\",\"level\":\"0\",\"fields\":{\"mellomrom\":\"begge\",\"tekstChkbox\":\"1\",\"rikTekst\":\"<h2>Selskap<\\/h2>\\r\\n<p>Lorem ipsum dolor sit amet, bryllup adipiscing elit, sed do eiusmod d\\u00e5p og minnestund incididunt ut labore et dolore magna aliqua. Juleord og juleselskap enim ad minim veniam, quis nostrud exercitation ullamco laboris nisi.<\\/p>\\r\\n<p><br><\\/p>\\r\\n<p><a href=\\\"http:\\/\\/festningen.local\\/selskap#entry:4:url\\\">Les mer<\\/a><\\/p>\",\"antallKolonner\":\"1\",\"bildeChkbox\":\"1\",\"bilde\":[\"6\"],\"bildeposisjon\":\"right\",\"bildetekstChkbox\":\"\",\"bildetekst\":\"\",\"bildetekstposisjon\":\"left\"}},\"46\":{\"modified\":\"0\",\"type\":\"designblokk\",\"enabled\":\"1\",\"collapsed\":\"0\",\"level\":\"0\",\"fields\":{\"mellomrom\":\"begge\",\"tekstChkbox\":\"1\",\"rikTekst\":\"<h2>Historiske omgivelser<\\/h2>\\r\\n<p>Lorem ipsum dolor sit amet, bryllup adipiscing elit, sed do eiusmod d\\u00e5p og minnestund incididunt ut labore et dolore magna aliqua. Juleord og juleselskap enim ad minim veniam, quis nostrud exercitation ullamco laboris nisi.<\\/p>\\r\\n<p><a href=\\\"http:\\/\\/festningen.local\\/selskap#entry:4:url\\\">Les mer<\\/a><\\/p>\",\"bildeChkbox\":\"1\",\"bilde\":[\"6\"],\"bildeposisjon\":\"left\",\"bildetekstChkbox\":\"\",\"bildetekst\":\"\",\"bildetekstposisjon\":\"left\"}}},\"23\":\"<p>P\\u00e5 historiske Kristiansten festning i Trondheim ligger <strong>Restaurant Kommandanten<\\/strong> i den gamle kommandant-boligen.<\\/p>\",\"25\":\"Festningen servering og kulturarena\",\"22\":[\"8\"]}}','2017-02-28 15:58:54','2017-02-28 15:58:54','76d3c30c-c3f5-468d-ad27-0f651c256675'),(130,2,1,1,'nb_no',79,'','{\"typeId\":null,\"authorId\":null,\"title\":\"Forside\",\"slug\":\"forside\",\"postDate\":1486740585,\"expiryDate\":null,\"enabled\":1,\"parentId\":null,\"fields\":{\"26\":{\"39\":{\"type\":\"5\",\"fields\":{\"tittel\":\"\\u00c5pningstider\",\"ikon\":[\"15\"],\"rikTekst\":\"<table><tbody><tr><td>Tirsdag - Fredag<\\/td><td>11:00 - 23:00<\\/td><\\/tr><tr><td>L\\u00f8rdag - S\\u00f8ndag<\\/td><td>11:00 - 23:00<\\/td><\\/tr><\\/tbody><\\/table>\\r\\n<p>M\\u00f8ter og lukkede selskap etter avtale<\\/p>\",\"knapp\":\"<p><a href=\\\"tel:2045052666\\\">TLF: 450 52 666<\\/a><\\/p>\"}},\"40\":{\"type\":\"5\",\"fields\":{\"tittel\":\"Booking\",\"ikon\":[\"16\"],\"rikTekst\":\"<p>Reserver bord eller book <strong>egne dedikerte&nbsp;selskapslokaler<\\/strong> med eget vertskap og&nbsp;underholdning<\\/p>\",\"knapp\":\"<p><a href=\\\"mailto:kommandanten@festningenservering.no\\\">Send epost<\\/a><\\/p>\"}}},\"104\":{\"51\":{\"type\":\"6\",\"fields\":{\"tittel\":\"Booking\",\"ikon\":[\"16\"],\"tekst\":\"Reserver selskalslokaler eller bord i restauranten\",\"map\":{\"lat\":\"63.42689290000001\",\"lng\":\"10.41063889999998\",\"zoom\":\"15\",\"address\":\"Kristiansten Festning, 7015 Trondheim, Norge\",\"parts\":{\"establishment\":\"Kristiansten Festning\",\"establishment_short\":\"Kristiansten Festning\",\"locality\":\"Trondheim\",\"locality_short\":\"Trondheim\",\"postal_town\":\"Trondheim\",\"postal_town_short\":\"Trondheim\",\"administrative_area_level_2\":\"Trondheim\",\"administrative_area_level_2_short\":\"Trondheim\",\"administrative_area_level_1\":\"S\\u00f8r-Tr\\u00f8ndelag\",\"administrative_area_level_1_short\":\"S\\u00f8r-Tr\\u00f8ndelag\",\"country\":\"Norge\",\"country_short\":\"NO\",\"postal_code\":\"7015\",\"postal_code_short\":\"7015\"}}}}},\"46\":{\"37\":{\"modified\":\"0\",\"type\":\"designblokk\",\"enabled\":\"1\",\"collapsed\":\"0\",\"level\":\"0\",\"fields\":{\"mellomrom\":\"begge\",\"tekstChkbox\":\"1\",\"rikTekst\":\"<h2>Restauranten<\\/h2>\\r\\n<p>Lorem ipsum dolor sit amet, consectetur adipiscing elit, sed do eiusmod tempor incididunt ut labore et dolore magna aliqua. Ut enim ad minim veniam, quis nostrud exercitation ullamco laboris nisi.<\\/p>\\r\\n<p><a href=\\\"http:\\/\\/festningen.local\\/restaurant#entry:3:url\\\"><strong>Les mer<\\/strong><\\/a><\\/p>\",\"antallKolonner\":\"1\",\"bildeChkbox\":\"1\",\"bilde\":[\"7\"],\"bildeposisjon\":\"right\",\"bildetekstChkbox\":\"\",\"bildetekst\":\"\",\"bildetekstposisjon\":\"left\"}},\"169\":{\"modified\":\"1\",\"type\":\"vareMenyer\",\"enabled\":\"1\",\"collapsed\":\"0\",\"level\":\"0\",\"fields\":{\"vareMenyer\":{\"170\":{\"type\":\"2\",\"fields\":{\"ikon\":\"\",\"tekst\":\"<h3>Ukens 3-retter, klassisk meny og god gammeldags lunsj<\\/h3>\\r\\n<p>Lorem ipsum dolor sit amet, consectetur adipiscing elit, sed do eiusmod tempor incididunt ut l abore et dolore magna aliqua. Ut enim ad minim veniam, quis nostrud exercitation ullamco laboris nisi. sed do eiusmod tempor incididunt ut l abore et dolore magna aliqua. Ut enim ad minim veniam, quis nostrud exercitation ullamco laboris nisi. sed do eiusmod tempor incididunt ut l abore et dolore magna aliqua. Ut enim ad minim veniam, quis nostrud exercitation ullamco laboris nisi.sed do eiusmod tempor incididunt ut l abore et dolore magna aliqua. Ut enim ad minim veniam, quis nostrud exercitation ullamco laboris nisi.<\\/p>\\r\\n<p><strong><a href=\\\"http:\\/\\/festningen.local\\/restaurant#entry:3:url\\\">Les mer <\\/a>&nbsp;<\\/strong><\\/p>\"}},\"171\":{\"type\":\"2\",\"fields\":{\"ikon\":[\"29\"],\"tekst\":\"<h3>V\\u00e5re menyer<\\/h3>\\r\\n<table><tbody><tr><td>Ukens 3-retter<\\/td><td>11:00 - 16:00<\\/td><\\/tr><tr><td>Klassisk meny<\\/td><td>16:00 - 23:00<\\/td><\\/tr><tr><td>Lunsjmeny<\\/td><td>16:00 - 23:00<\\/td><\\/tr><\\/tbody><\\/table>\\r\\n<p><a href=\\\"http:\\/\\/festningen.local\\/restaurant#entry:3:url\\\"><strong>Les mer<\\/strong><\\/a><\\/p>\"}}}}},\"38\":{\"modified\":\"0\",\"type\":\"designblokk\",\"enabled\":\"1\",\"collapsed\":\"0\",\"level\":\"0\",\"fields\":{\"mellomrom\":\"ingen\",\"tekstChkbox\":\"\",\"rikTekst\":\"<h2>Restauranten<\\/h2>\\r\\n<p><br>Lorem ipsum dolor sit amet<\\/p>\",\"bildeChkbox\":\"1\",\"bilde\":[\"6\"],\"bildeposisjon\":\"full\",\"bildetekstChkbox\":\"\",\"bildetekst\":\"\",\"bildetekstposisjon\":\"left\"}},\"45\":{\"modified\":\"0\",\"type\":\"designblokk\",\"enabled\":\"1\",\"collapsed\":\"0\",\"level\":\"0\",\"fields\":{\"mellomrom\":\"begge\",\"tekstChkbox\":\"1\",\"rikTekst\":\"<h2>Selskap<\\/h2>\\r\\n<p>Lorem ipsum dolor sit amet, bryllup adipiscing elit, sed do eiusmod d\\u00e5p og minnestund incididunt ut labore et dolore magna aliqua. Juleord og juleselskap enim ad minim veniam, quis nostrud exercitation ullamco laboris nisi.<\\/p>\\r\\n<p><br><\\/p>\\r\\n<p><a href=\\\"http:\\/\\/festningen.local\\/selskap#entry:4:url\\\">Les mer<\\/a><\\/p>\",\"antallKolonner\":\"1\",\"bildeChkbox\":\"1\",\"bilde\":[\"6\"],\"bildeposisjon\":\"right\",\"bildetekstChkbox\":\"\",\"bildetekst\":\"\",\"bildetekstposisjon\":\"left\"}},\"46\":{\"modified\":\"0\",\"type\":\"designblokk\",\"enabled\":\"1\",\"collapsed\":\"0\",\"level\":\"0\",\"fields\":{\"mellomrom\":\"begge\",\"tekstChkbox\":\"1\",\"rikTekst\":\"<h2>Historiske omgivelser<\\/h2>\\r\\n<p>Lorem ipsum dolor sit amet, bryllup adipiscing elit, sed do eiusmod d\\u00e5p og minnestund incididunt ut labore et dolore magna aliqua. Juleord og juleselskap enim ad minim veniam, quis nostrud exercitation ullamco laboris nisi.<\\/p>\\r\\n<p><a href=\\\"http:\\/\\/festningen.local\\/selskap#entry:4:url\\\">Les mer<\\/a><\\/p>\",\"bildeChkbox\":\"1\",\"bilde\":[\"6\"],\"bildeposisjon\":\"left\",\"bildetekstChkbox\":\"\",\"bildetekst\":\"\",\"bildetekstposisjon\":\"left\"}}},\"23\":\"<p>P\\u00e5 historiske Kristiansten festning i Trondheim ligger <strong>Restaurant Kommandanten<\\/strong> i den gamle kommandant-boligen.<\\/p>\",\"25\":\"Festningen servering og kulturarena\",\"22\":[\"8\"]}}','2017-02-28 15:59:24','2017-02-28 15:59:24','034745ba-26dc-4e62-8d0c-c77320ecc49d'),(131,2,1,1,'nb_no',80,'','{\"typeId\":null,\"authorId\":null,\"title\":\"Forside\",\"slug\":\"forside\",\"postDate\":1486740585,\"expiryDate\":null,\"enabled\":1,\"parentId\":null,\"fields\":{\"26\":{\"39\":{\"type\":\"5\",\"fields\":{\"tittel\":\"\\u00c5pningstider\",\"ikon\":[\"15\"],\"rikTekst\":\"<table><tbody><tr><td>Tirsdag - Fredag<\\/td><td>11:00 - 23:00<\\/td><\\/tr><tr><td>L\\u00f8rdag - S\\u00f8ndag<\\/td><td>11:00 - 23:00<\\/td><\\/tr><\\/tbody><\\/table>\\r\\n<p>M\\u00f8ter og lukkede selskap etter avtale<\\/p>\",\"knapp\":\"<p><a href=\\\"tel:2045052666\\\">TLF: 450 52 666<\\/a><\\/p>\"}},\"40\":{\"type\":\"5\",\"fields\":{\"tittel\":\"Booking\",\"ikon\":[\"16\"],\"rikTekst\":\"<p>Reserver bord eller book <strong>egne dedikerte&nbsp;selskapslokaler<\\/strong> med eget vertskap og&nbsp;underholdning<\\/p>\",\"knapp\":\"<p><a href=\\\"mailto:kommandanten@festningenservering.no\\\">Send epost<\\/a><\\/p>\"}}},\"104\":{\"51\":{\"type\":\"6\",\"fields\":{\"tittel\":\"Booking\",\"ikon\":[\"16\"],\"tekst\":\"Reserver selskalslokaler eller bord i restauranten\",\"map\":{\"lat\":\"63.42689290000001\",\"lng\":\"10.41063889999998\",\"zoom\":\"15\",\"address\":\"Kristiansten Festning, 7015 Trondheim, Norge\",\"parts\":{\"establishment\":\"Kristiansten Festning\",\"establishment_short\":\"Kristiansten Festning\",\"locality\":\"Trondheim\",\"locality_short\":\"Trondheim\",\"postal_town\":\"Trondheim\",\"postal_town_short\":\"Trondheim\",\"administrative_area_level_2\":\"Trondheim\",\"administrative_area_level_2_short\":\"Trondheim\",\"administrative_area_level_1\":\"S\\u00f8r-Tr\\u00f8ndelag\",\"administrative_area_level_1_short\":\"S\\u00f8r-Tr\\u00f8ndelag\",\"country\":\"Norge\",\"country_short\":\"NO\",\"postal_code\":\"7015\",\"postal_code_short\":\"7015\"}}}}},\"46\":{\"37\":{\"modified\":\"0\",\"type\":\"designblokk\",\"enabled\":\"1\",\"collapsed\":\"0\",\"level\":\"0\",\"fields\":{\"mellomrom\":\"begge\",\"tekstChkbox\":\"1\",\"rikTekst\":\"<h2>Restauranten<\\/h2>\\r\\n<p>Lorem ipsum dolor sit amet, consectetur adipiscing elit, sed do eiusmod tempor incididunt ut labore et dolore magna aliqua. Ut enim ad minim veniam, quis nostrud exercitation ullamco laboris nisi.<\\/p>\\r\\n<p><a href=\\\"http:\\/\\/festningen.local\\/restaurant#entry:3:url\\\"><strong>Les mer<\\/strong><\\/a><\\/p>\",\"antallKolonner\":\"1\",\"bildeChkbox\":\"1\",\"bilde\":[\"7\"],\"bildeposisjon\":\"right\",\"bildetekstChkbox\":\"\",\"bildetekst\":\"\",\"bildetekstposisjon\":\"left\"}},\"169\":{\"modified\":\"0\",\"type\":\"vareMenyer\",\"enabled\":\"1\",\"collapsed\":\"0\",\"level\":\"0\",\"fields\":{\"vareMenyer\":{\"170\":{\"type\":\"2\",\"fields\":{\"ikon\":\"\",\"tekst\":\"<h3>Ukens 3-retter, klassisk meny og god gammeldags lunsj<\\/h3>\\r\\n<p>Lorem ipsum dolor sit amet, consectetur adipiscing elit, sed do eiusmod tempor incididunt ut l abore et dolore magna aliqua. Ut enim ad minim veniam, quis nostrud exercitation ullamco laboris nisi. sed do eiusmod tempor incididunt ut l abore et dolore magna aliqua. Ut enim ad minim veniam, quis nostrud exercitation ullamco laboris nisi. sed do eiusmod tempor incididunt ut l abore et dolore magna aliqua. Ut enim ad minim veniam, quis nostrud exercitation ullamco laboris nisi.sed do eiusmod tempor incididunt ut l abore et dolore magna aliqua. Ut enim ad minim veniam, quis nostrud exercitation ullamco laboris nisi.<\\/p>\\r\\n<p><strong><a href=\\\"http:\\/\\/festningen.local\\/restaurant#entry:3:url\\\">Les mer <\\/a>&nbsp;<\\/strong><\\/p>\"}},\"171\":{\"type\":\"2\",\"fields\":{\"ikon\":[\"29\"],\"tekst\":\"<h3>V\\u00e5re menyer<\\/h3>\\r\\n<table><tbody><tr><td>Ukens 3-retter<\\/td><td>11:00 - 16:00<\\/td><\\/tr><tr><td>Klassisk meny<\\/td><td>16:00 - 23:00<\\/td><\\/tr><tr><td>Lunsjmeny<\\/td><td>16:00 - 23:00<\\/td><\\/tr><\\/tbody><\\/table>\\r\\n<p><a href=\\\"http:\\/\\/festningen.local\\/restaurant#entry:3:url\\\"><strong>Les mer<\\/strong><\\/a><\\/p>\"}}}}},\"38\":{\"modified\":\"1\",\"type\":\"designblokk\",\"enabled\":\"1\",\"collapsed\":\"0\",\"level\":\"0\",\"fields\":{\"mellomrom\":\"ingen\",\"tekstChkbox\":\"\",\"rikTekst\":\"<h2>Restauranten<\\/h2>\\r\\n<p><br>Lorem ipsum dolor sit amet<\\/p>\",\"bildeChkbox\":\"1\",\"bilde\":[\"166\"],\"bildeposisjon\":\"full\",\"bildetekstChkbox\":\"\",\"bildetekst\":\"\",\"bildetekstposisjon\":\"left\"}},\"45\":{\"modified\":\"0\",\"type\":\"designblokk\",\"enabled\":\"1\",\"collapsed\":\"0\",\"level\":\"0\",\"fields\":{\"mellomrom\":\"begge\",\"tekstChkbox\":\"1\",\"rikTekst\":\"<h2>Selskap<\\/h2>\\r\\n<p>Lorem ipsum dolor sit amet, bryllup adipiscing elit, sed do eiusmod d\\u00e5p og minnestund incididunt ut labore et dolore magna aliqua. Juleord og juleselskap enim ad minim veniam, quis nostrud exercitation ullamco laboris nisi.<\\/p>\\r\\n<p><br><\\/p>\\r\\n<p><a href=\\\"http:\\/\\/festningen.local\\/selskap#entry:4:url\\\">Les mer<\\/a><\\/p>\",\"antallKolonner\":\"1\",\"bildeChkbox\":\"1\",\"bilde\":[\"6\"],\"bildeposisjon\":\"right\",\"bildetekstChkbox\":\"\",\"bildetekst\":\"\",\"bildetekstposisjon\":\"left\"}},\"46\":{\"modified\":\"0\",\"type\":\"designblokk\",\"enabled\":\"1\",\"collapsed\":\"0\",\"level\":\"0\",\"fields\":{\"mellomrom\":\"begge\",\"tekstChkbox\":\"1\",\"rikTekst\":\"<h2>Historiske omgivelser<\\/h2>\\r\\n<p>Lorem ipsum dolor sit amet, bryllup adipiscing elit, sed do eiusmod d\\u00e5p og minnestund incididunt ut labore et dolore magna aliqua. Juleord og juleselskap enim ad minim veniam, quis nostrud exercitation ullamco laboris nisi.<\\/p>\\r\\n<p><a href=\\\"http:\\/\\/festningen.local\\/selskap#entry:4:url\\\">Les mer<\\/a><\\/p>\",\"bildeChkbox\":\"1\",\"bilde\":[\"6\"],\"bildeposisjon\":\"left\",\"bildetekstChkbox\":\"\",\"bildetekst\":\"\",\"bildetekstposisjon\":\"left\"}}},\"23\":\"<p>P\\u00e5 historiske Kristiansten festning i Trondheim ligger <strong>Restaurant Kommandanten<\\/strong> i den gamle kommandant-boligen.<\\/p>\",\"25\":\"Festningen servering og kulturarena\",\"22\":[\"8\"]}}','2017-02-28 15:59:56','2017-02-28 15:59:56','2a30cc87-663e-48ef-9a93-5abbc76edf0a'),(132,2,1,1,'nb_no',81,'','{\"typeId\":null,\"authorId\":null,\"title\":\"Forside\",\"slug\":\"forside\",\"postDate\":1486740585,\"expiryDate\":null,\"enabled\":1,\"parentId\":null,\"fields\":{\"26\":{\"39\":{\"type\":\"5\",\"fields\":{\"tittel\":\"\\u00c5pningstider\",\"ikon\":[\"15\"],\"rikTekst\":\"<table><tbody><tr><td>Tirsdag - Fredag<\\/td><td>11:00 - 23:00<\\/td><\\/tr><tr><td>L\\u00f8rdag - S\\u00f8ndag<\\/td><td>11:00 - 23:00<\\/td><\\/tr><\\/tbody><\\/table>\\r\\n<p>M\\u00f8ter og lukkede selskap etter avtale<\\/p>\",\"knapp\":\"<p><a href=\\\"tel:2045052666\\\">TLF: 450 52 666<\\/a><\\/p>\"}},\"40\":{\"type\":\"5\",\"fields\":{\"tittel\":\"Booking\",\"ikon\":[\"16\"],\"rikTekst\":\"<p>Reserver bord eller book <strong>egne dedikerte&nbsp;selskapslokaler<\\/strong> med eget vertskap og&nbsp;underholdning<\\/p>\",\"knapp\":\"<p><a href=\\\"mailto:kommandanten@festningenservering.no\\\">Send epost<\\/a><\\/p>\"}}},\"104\":{\"51\":{\"type\":\"6\",\"fields\":{\"tittel\":\"Booking\",\"ikon\":[\"16\"],\"tekst\":\"Reserver selskalslokaler eller bord i restauranten\",\"map\":{\"lat\":\"63.42689290000001\",\"lng\":\"10.41063889999998\",\"zoom\":\"15\",\"address\":\"Kristiansten Festning, 7015 Trondheim, Norge\",\"parts\":{\"establishment\":\"Kristiansten Festning\",\"establishment_short\":\"Kristiansten Festning\",\"locality\":\"Trondheim\",\"locality_short\":\"Trondheim\",\"postal_town\":\"Trondheim\",\"postal_town_short\":\"Trondheim\",\"administrative_area_level_2\":\"Trondheim\",\"administrative_area_level_2_short\":\"Trondheim\",\"administrative_area_level_1\":\"S\\u00f8r-Tr\\u00f8ndelag\",\"administrative_area_level_1_short\":\"S\\u00f8r-Tr\\u00f8ndelag\",\"country\":\"Norge\",\"country_short\":\"NO\",\"postal_code\":\"7015\",\"postal_code_short\":\"7015\"}}}}},\"46\":{\"37\":{\"modified\":\"0\",\"type\":\"designblokk\",\"enabled\":\"1\",\"collapsed\":\"0\",\"level\":\"0\",\"fields\":{\"mellomrom\":\"begge\",\"tekstChkbox\":\"1\",\"rikTekst\":\"<h2>Restauranten<\\/h2>\\r\\n<p>Lorem ipsum dolor sit amet, consectetur adipiscing elit, sed do eiusmod tempor incididunt ut labore et dolore magna aliqua. Ut enim ad minim veniam, quis nostrud exercitation ullamco laboris nisi.<\\/p>\\r\\n<p><a href=\\\"http:\\/\\/festningen.local\\/restaurant#entry:3:url\\\"><strong>Les mer<\\/strong><\\/a><\\/p>\",\"antallKolonner\":\"1\",\"bildeChkbox\":\"1\",\"bilde\":[\"7\"],\"bildeposisjon\":\"right\",\"bildetekstChkbox\":\"\",\"bildetekst\":\"\",\"bildetekstposisjon\":\"left\"}},\"169\":{\"modified\":\"0\",\"type\":\"vareMenyer\",\"enabled\":\"1\",\"collapsed\":\"0\",\"level\":\"0\",\"fields\":{\"vareMenyer\":{\"170\":{\"type\":\"2\",\"fields\":{\"ikon\":\"\",\"tekst\":\"<h3>Ukens 3-retter, klassisk meny og god gammeldags lunsj<\\/h3>\\r\\n<p>Lorem ipsum dolor sit amet, consectetur adipiscing elit, sed do eiusmod tempor incididunt ut l abore et dolore magna aliqua. Ut enim ad minim veniam, quis nostrud exercitation ullamco laboris nisi. sed do eiusmod tempor incididunt ut l abore et dolore magna aliqua. Ut enim ad minim veniam, quis nostrud exercitation ullamco laboris nisi. sed do eiusmod tempor incididunt ut l abore et dolore magna aliqua. Ut enim ad minim veniam, quis nostrud exercitation ullamco laboris nisi.sed do eiusmod tempor incididunt ut l abore et dolore magna aliqua. Ut enim ad minim veniam, quis nostrud exercitation ullamco laboris nisi.<\\/p>\\r\\n<p><strong><a href=\\\"http:\\/\\/festningen.local\\/restaurant#entry:3:url\\\">Les mer <\\/a>&nbsp;<\\/strong><\\/p>\"}},\"171\":{\"type\":\"2\",\"fields\":{\"ikon\":[\"29\"],\"tekst\":\"<h3>V\\u00e5re menyer<\\/h3>\\r\\n<table><tbody><tr><td>Ukens 3-retter<\\/td><td>11:00 - 16:00<\\/td><\\/tr><tr><td>Klassisk meny<\\/td><td>16:00 - 23:00<\\/td><\\/tr><tr><td>Lunsjmeny<\\/td><td>16:00 - 23:00<\\/td><\\/tr><\\/tbody><\\/table>\\r\\n<p><a href=\\\"http:\\/\\/festningen.local\\/restaurant#entry:3:url\\\"><strong>Les mer<\\/strong><\\/a><\\/p>\"}}}}},\"38\":{\"modified\":\"0\",\"type\":\"designblokk\",\"enabled\":\"1\",\"collapsed\":\"0\",\"level\":\"0\",\"fields\":{\"mellomrom\":\"ingen\",\"tekstChkbox\":\"\",\"rikTekst\":\"<h2>Restauranten<\\/h2>\\r\\n<p><br>Lorem ipsum dolor sit amet<\\/p>\",\"bildeChkbox\":\"1\",\"bilde\":[\"166\"],\"bildeposisjon\":\"full\",\"bildetekstChkbox\":\"\",\"bildetekst\":\"\",\"bildetekstposisjon\":\"left\"}},\"45\":{\"modified\":\"0\",\"type\":\"designblokk\",\"enabled\":\"1\",\"collapsed\":\"0\",\"level\":\"0\",\"fields\":{\"mellomrom\":\"begge\",\"tekstChkbox\":\"1\",\"rikTekst\":\"<h2>Selskap<\\/h2>\\r\\n<p>Lorem ipsum dolor sit amet, bryllup adipiscing elit, sed do eiusmod d\\u00e5p og minnestund incididunt ut labore et dolore magna aliqua. Juleord og juleselskap enim ad minim veniam, quis nostrud exercitation ullamco laboris nisi.<\\/p>\\r\\n<p><br><\\/p>\\r\\n<p><a href=\\\"http:\\/\\/festningen.local\\/selskap#entry:4:url\\\">Les mer<\\/a><\\/p>\",\"antallKolonner\":\"1\",\"bildeChkbox\":\"1\",\"bilde\":[\"6\"],\"bildeposisjon\":\"right\",\"bildetekstChkbox\":\"\",\"bildetekst\":\"\",\"bildetekstposisjon\":\"left\"}},\"46\":{\"modified\":\"0\",\"type\":\"designblokk\",\"enabled\":\"1\",\"collapsed\":\"0\",\"level\":\"0\",\"fields\":{\"mellomrom\":\"begge\",\"tekstChkbox\":\"1\",\"rikTekst\":\"<h2>Historiske omgivelser<\\/h2>\\r\\n<p>Lorem ipsum dolor sit amet, bryllup adipiscing elit, sed do eiusmod d\\u00e5p og minnestund incididunt ut labore et dolore magna aliqua. Juleord og juleselskap enim ad minim veniam, quis nostrud exercitation ullamco laboris nisi.<\\/p>\\r\\n<p><a href=\\\"http:\\/\\/festningen.local\\/selskap#entry:4:url\\\">Les mer<\\/a><\\/p>\",\"bildeChkbox\":\"1\",\"bilde\":[\"6\"],\"bildeposisjon\":\"left\",\"bildetekstChkbox\":\"\",\"bildetekst\":\"\",\"bildetekstposisjon\":\"left\"}}},\"23\":\"<p>P\\u00e5 historiske Kristiansten festning i Trondheim ligger <strong>Restaurant Kommandanten<\\/strong> i den gamle kommandant-boligen.<\\/p>\",\"25\":\"Festningen servering og kulturarena\",\"22\":[\"8\"]}}','2017-02-28 16:00:48','2017-02-28 16:00:48','25719a5e-a1ae-4dcf-bf27-547e88ff112b'),(133,2,1,1,'nb_no',82,'','{\"typeId\":null,\"authorId\":null,\"title\":\"Forside\",\"slug\":\"forside\",\"postDate\":1486740585,\"expiryDate\":null,\"enabled\":1,\"parentId\":null,\"fields\":{\"26\":{\"39\":{\"type\":\"5\",\"fields\":{\"tittel\":\"\\u00c5pningstider\",\"ikon\":[\"15\"],\"rikTekst\":\"<table><tbody><tr><td>Tirsdag - Fredag<\\/td><td>11:00 - 23:00<\\/td><\\/tr><tr><td>L\\u00f8rdag - S\\u00f8ndag<\\/td><td>11:00 - 23:00<\\/td><\\/tr><\\/tbody><\\/table>\\r\\n<p>M\\u00f8ter og lukkede selskap etter avtale<\\/p>\",\"knapp\":\"<p><a href=\\\"tel:2045052666\\\">TLF: 450 52 666<\\/a><\\/p>\"}},\"40\":{\"type\":\"5\",\"fields\":{\"tittel\":\"Booking\",\"ikon\":[\"16\"],\"rikTekst\":\"<p>Reserver bord eller book <strong>egne dedikerte&nbsp;selskapslokaler<\\/strong> med eget vertskap og&nbsp;underholdning<\\/p>\",\"knapp\":\"<p><a href=\\\"mailto:kommandanten@festningenservering.no\\\">Send epost<\\/a><\\/p>\"}}},\"104\":{\"51\":{\"type\":\"6\",\"fields\":{\"tittel\":\"Booking\",\"ikon\":[\"16\"],\"tekst\":\"Reserver selskalslokaler eller bord i restauranten\",\"map\":{\"lat\":\"63.42689290000001\",\"lng\":\"10.41063889999998\",\"zoom\":\"15\",\"address\":\"Kristiansten Festning, 7015 Trondheim, Norge\",\"parts\":{\"establishment\":\"Kristiansten Festning\",\"establishment_short\":\"Kristiansten Festning\",\"locality\":\"Trondheim\",\"locality_short\":\"Trondheim\",\"postal_town\":\"Trondheim\",\"postal_town_short\":\"Trondheim\",\"administrative_area_level_2\":\"Trondheim\",\"administrative_area_level_2_short\":\"Trondheim\",\"administrative_area_level_1\":\"S\\u00f8r-Tr\\u00f8ndelag\",\"administrative_area_level_1_short\":\"S\\u00f8r-Tr\\u00f8ndelag\",\"country\":\"Norge\",\"country_short\":\"NO\",\"postal_code\":\"7015\",\"postal_code_short\":\"7015\"}}}}},\"46\":{\"37\":{\"modified\":\"0\",\"type\":\"designblokk\",\"enabled\":\"1\",\"collapsed\":\"0\",\"level\":\"0\",\"fields\":{\"mellomrom\":\"begge\",\"tekstChkbox\":\"1\",\"rikTekst\":\"<h2>Restauranten<\\/h2>\\r\\n<p>Lorem ipsum dolor sit amet, consectetur adipiscing elit, sed do eiusmod tempor incididunt ut labore et dolore magna aliqua. Ut enim ad minim veniam, quis nostrud exercitation ullamco laboris nisi.<\\/p>\\r\\n<p><a href=\\\"http:\\/\\/festningen.local\\/restaurant#entry:3:url\\\"><strong>Les mer<\\/strong><\\/a><\\/p>\",\"antallKolonner\":\"1\",\"bildeChkbox\":\"1\",\"bilde\":[\"7\"],\"bildeposisjon\":\"right\",\"bildetekstChkbox\":\"\",\"bildetekst\":\"\",\"bildetekstposisjon\":\"left\"}},\"169\":{\"modified\":\"0\",\"type\":\"vareMenyer\",\"enabled\":\"1\",\"collapsed\":\"0\",\"level\":\"0\",\"fields\":{\"vareMenyer\":{\"170\":{\"type\":\"2\",\"fields\":{\"ikon\":\"\",\"tekst\":\"<h3>Ukens 3-retter, klassisk meny og god gammeldags lunsj<\\/h3>\\r\\n<p>Lorem ipsum dolor sit amet, consectetur adipiscing elit, sed do eiusmod tempor incididunt ut l abore et dolore magna aliqua. Ut enim ad minim veniam, quis nostrud exercitation ullamco laboris nisi. sed do eiusmod tempor incididunt ut l abore et dolore magna aliqua. Ut enim ad minim veniam, quis nostrud exercitation ullamco laboris nisi. sed do eiusmod tempor incididunt ut l abore et dolore magna aliqua. Ut enim ad minim veniam, quis nostrud exercitation ullamco laboris nisi.sed do eiusmod tempor incididunt ut l abore et dolore magna aliqua. Ut enim ad minim veniam, quis nostrud exercitation ullamco laboris nisi.<\\/p>\\r\\n<p><strong><a href=\\\"http:\\/\\/festningen.local\\/restaurant#entry:3:url\\\">Les mer <\\/a>&nbsp;<\\/strong><\\/p>\"}},\"171\":{\"type\":\"2\",\"fields\":{\"ikon\":[\"29\"],\"tekst\":\"<h3>V\\u00e5re menyer<\\/h3>\\r\\n<table><tbody><tr><td>Ukens 3-retter<\\/td><td>11:00 - 16:00<\\/td><\\/tr><tr><td>Klassisk meny<\\/td><td>16:00 - 23:00<\\/td><\\/tr><tr><td>Lunsjmeny<\\/td><td>16:00 - 23:00<\\/td><\\/tr><\\/tbody><\\/table>\\r\\n<p><a href=\\\"http:\\/\\/festningen.local\\/restaurant#entry:3:url\\\"><strong>Les mer<\\/strong><\\/a><\\/p>\"}}}}},\"38\":{\"modified\":\"0\",\"type\":\"designblokk\",\"enabled\":\"1\",\"collapsed\":\"0\",\"level\":\"0\",\"fields\":{\"mellomrom\":\"ingen\",\"tekstChkbox\":\"\",\"rikTekst\":\"<h2>Restauranten<\\/h2>\\r\\n<p><br>Lorem ipsum dolor sit amet<\\/p>\",\"bildeChkbox\":\"1\",\"bilde\":[\"166\"],\"bildeposisjon\":\"full\",\"bildetekstChkbox\":\"\",\"bildetekst\":\"\",\"bildetekstposisjon\":\"left\"}},\"45\":{\"modified\":\"0\",\"type\":\"designblokk\",\"enabled\":\"1\",\"collapsed\":\"0\",\"level\":\"0\",\"fields\":{\"mellomrom\":\"begge\",\"tekstChkbox\":\"1\",\"rikTekst\":\"<h2>Selskap<\\/h2>\\r\\n<p>Lorem ipsum dolor sit amet, bryllup adipiscing elit, sed do eiusmod d\\u00e5p og minnestund incididunt ut labore et dolore magna aliqua. Juleord og juleselskap enim ad minim veniam, quis nostrud exercitation ullamco laboris nisi.<\\/p>\\r\\n<p><br><\\/p>\\r\\n<p><a href=\\\"http:\\/\\/festningen.local\\/selskap#entry:4:url\\\">Les mer<\\/a><\\/p>\",\"antallKolonner\":\"1\",\"bildeChkbox\":\"1\",\"bilde\":[\"6\"],\"bildeposisjon\":\"right\",\"bildetekstChkbox\":\"\",\"bildetekst\":\"\",\"bildetekstposisjon\":\"left\"}},\"46\":{\"modified\":\"0\",\"type\":\"designblokk\",\"enabled\":\"1\",\"collapsed\":\"0\",\"level\":\"0\",\"fields\":{\"mellomrom\":\"begge\",\"tekstChkbox\":\"1\",\"rikTekst\":\"<h2>Historiske omgivelser<\\/h2>\\r\\n<p>Lorem ipsum dolor sit amet, bryllup adipiscing elit, sed do eiusmod d\\u00e5p og minnestund incididunt ut labore et dolore magna aliqua. Juleord og juleselskap enim ad minim veniam, quis nostrud exercitation ullamco laboris nisi.<\\/p>\\r\\n<p><a href=\\\"http:\\/\\/festningen.local\\/selskap#entry:4:url\\\">Les mer<\\/a><\\/p>\",\"bildeChkbox\":\"1\",\"bilde\":[\"6\"],\"bildeposisjon\":\"left\",\"bildetekstChkbox\":\"\",\"bildetekst\":\"\",\"bildetekstposisjon\":\"left\"}}},\"23\":\"<p>P\\u00e5 historiske Kristiansten festning i Trondheim ligger <strong>Restaurant Kommandanten<\\/strong> i den gamle kommandant-boligen.<\\/p>\",\"25\":\"Festningen servering og kulturarena\",\"22\":[\"8\"]}}','2017-02-28 16:01:13','2017-02-28 16:01:13','70f53967-065e-476d-b7a3-08f464052f06'),(134,2,1,1,'nb_no',83,'','{\"typeId\":null,\"authorId\":null,\"title\":\"Forside\",\"slug\":\"forside\",\"postDate\":1486740585,\"expiryDate\":null,\"enabled\":1,\"parentId\":null,\"fields\":{\"26\":{\"39\":{\"type\":\"5\",\"fields\":{\"tittel\":\"\\u00c5pningstider\",\"ikon\":[\"15\"],\"rikTekst\":\"<table><tbody><tr><td>Tirsdag - Fredag<\\/td><td>11:00 - 23:00<\\/td><\\/tr><tr><td>L\\u00f8rdag - S\\u00f8ndag<\\/td><td>11:00 - 23:00<\\/td><\\/tr><\\/tbody><\\/table>\\r\\n<p>M\\u00f8ter og lukkede selskap etter avtale<\\/p>\",\"knapp\":\"<p><a href=\\\"tel:2045052666\\\">TLF: 450 52 666<\\/a><\\/p>\"}},\"40\":{\"type\":\"5\",\"fields\":{\"tittel\":\"Booking\",\"ikon\":[\"16\"],\"rikTekst\":\"<p>Reserver bord eller book <strong>egne dedikerte&nbsp;selskapslokaler<\\/strong> med eget vertskap og&nbsp;underholdning<\\/p>\",\"knapp\":\"<p><a href=\\\"mailto:kommandanten@festningenservering.no\\\">Send epost<\\/a><\\/p>\"}}},\"104\":{\"51\":{\"type\":\"6\",\"fields\":{\"tittel\":\"Booking\",\"ikon\":[\"16\"],\"tekst\":\"Reserver selskalslokaler eller bord i restauranten\",\"map\":{\"lat\":\"63.42689290000001\",\"lng\":\"10.41063889999998\",\"zoom\":\"15\",\"address\":\"Kristiansten Festning, 7015 Trondheim, Norge\",\"parts\":{\"establishment\":\"Kristiansten Festning\",\"establishment_short\":\"Kristiansten Festning\",\"locality\":\"Trondheim\",\"locality_short\":\"Trondheim\",\"postal_town\":\"Trondheim\",\"postal_town_short\":\"Trondheim\",\"administrative_area_level_2\":\"Trondheim\",\"administrative_area_level_2_short\":\"Trondheim\",\"administrative_area_level_1\":\"S\\u00f8r-Tr\\u00f8ndelag\",\"administrative_area_level_1_short\":\"S\\u00f8r-Tr\\u00f8ndelag\",\"country\":\"Norge\",\"country_short\":\"NO\",\"postal_code\":\"7015\",\"postal_code_short\":\"7015\"}}}}},\"46\":{\"37\":{\"modified\":\"0\",\"type\":\"designblokk\",\"enabled\":\"1\",\"collapsed\":\"0\",\"level\":\"0\",\"fields\":{\"mellomrom\":\"begge\",\"tekstChkbox\":\"1\",\"rikTekst\":\"<h2>Restauranten<\\/h2>\\r\\n<p>Lorem ipsum dolor sit amet, consectetur adipiscing elit, sed do eiusmod tempor incididunt ut labore et dolore magna aliqua. Ut enim ad minim veniam, quis nostrud exercitation ullamco laboris nisi.<\\/p>\\r\\n<p><a href=\\\"http:\\/\\/festningen.local\\/restaurant#entry:3:url\\\"><strong>Les mer<\\/strong><\\/a><\\/p>\",\"antallKolonner\":\"1\",\"bildeChkbox\":\"1\",\"bilde\":[\"7\"],\"bildeposisjon\":\"right\",\"bildetekstChkbox\":\"\",\"bildetekst\":\"\",\"bildetekstposisjon\":\"left\"}},\"169\":{\"modified\":\"0\",\"type\":\"vareMenyer\",\"enabled\":\"1\",\"collapsed\":\"0\",\"level\":\"0\",\"fields\":{\"vareMenyer\":{\"170\":{\"type\":\"2\",\"fields\":{\"ikon\":\"\",\"tekst\":\"<h3>Ukens 3-retter, klassisk meny og god gammeldags lunsj<\\/h3>\\r\\n<p>Lorem ipsum dolor sit amet, consectetur adipiscing elit, sed do eiusmod tempor incididunt ut l abore et dolore magna aliqua. Ut enim ad minim veniam, quis nostrud exercitation ullamco laboris nisi. sed do eiusmod tempor incididunt ut l abore et dolore magna aliqua. Ut enim ad minim veniam, quis nostrud exercitation ullamco laboris nisi. sed do eiusmod tempor incididunt ut l abore et dolore magna aliqua. Ut enim ad minim veniam, quis nostrud exercitation ullamco laboris nisi.sed do eiusmod tempor incididunt ut l abore et dolore magna aliqua. Ut enim ad minim veniam, quis nostrud exercitation ullamco laboris nisi.<\\/p>\\r\\n<p><strong><a href=\\\"http:\\/\\/festningen.local\\/restaurant#entry:3:url\\\">Les mer <\\/a>&nbsp;<\\/strong><\\/p>\"}},\"171\":{\"type\":\"2\",\"fields\":{\"ikon\":[\"29\"],\"tekst\":\"<h3>V\\u00e5re menyer<\\/h3>\\r\\n<table><tbody><tr><td>Ukens 3-retter<\\/td><td>11:00 - 16:00<\\/td><\\/tr><tr><td>Klassisk meny<\\/td><td>16:00 - 23:00<\\/td><\\/tr><tr><td>Lunsjmeny<\\/td><td>16:00 - 23:00<\\/td><\\/tr><\\/tbody><\\/table>\\r\\n<p><a href=\\\"http:\\/\\/festningen.local\\/restaurant#entry:3:url\\\"><strong>Les mer<\\/strong><\\/a><\\/p>\"}}}}},\"38\":{\"modified\":\"0\",\"type\":\"designblokk\",\"enabled\":\"1\",\"collapsed\":\"0\",\"level\":\"0\",\"fields\":{\"mellomrom\":\"ingen\",\"tekstChkbox\":\"\",\"rikTekst\":\"<h2>Restauranten<\\/h2>\\r\\n<p><br>Lorem ipsum dolor sit amet<\\/p>\",\"bildeChkbox\":\"1\",\"bilde\":[\"166\"],\"bildeposisjon\":\"full\",\"bildetekstChkbox\":\"\",\"bildetekst\":\"\",\"bildetekstposisjon\":\"left\"}},\"45\":{\"modified\":\"0\",\"type\":\"designblokk\",\"enabled\":\"1\",\"collapsed\":\"0\",\"level\":\"0\",\"fields\":{\"mellomrom\":\"begge\",\"tekstChkbox\":\"1\",\"rikTekst\":\"<h2>Selskap<\\/h2>\\r\\n<p>Lorem ipsum dolor sit amet, bryllup adipiscing elit, sed do eiusmod d\\u00e5p og minnestund incididunt ut labore et dolore magna aliqua. Juleord og juleselskap enim ad minim veniam, quis nostrud exercitation ullamco laboris nisi.<\\/p>\\r\\n<p><br><\\/p>\\r\\n<p><a href=\\\"http:\\/\\/festningen.local\\/selskap#entry:4:url\\\">Les mer<\\/a><\\/p>\",\"antallKolonner\":\"1\",\"bildeChkbox\":\"1\",\"bilde\":[\"6\"],\"bildeposisjon\":\"right\",\"bildetekstChkbox\":\"\",\"bildetekst\":\"\",\"bildetekstposisjon\":\"left\"}},\"46\":{\"modified\":\"0\",\"type\":\"designblokk\",\"enabled\":\"1\",\"collapsed\":\"0\",\"level\":\"0\",\"fields\":{\"mellomrom\":\"begge\",\"tekstChkbox\":\"1\",\"rikTekst\":\"<h2>Historiske omgivelser<\\/h2>\\r\\n<p>Lorem ipsum dolor sit amet, bryllup adipiscing elit, sed do eiusmod d\\u00e5p og minnestund incididunt ut labore et dolore magna aliqua. Juleord og juleselskap enim ad minim veniam, quis nostrud exercitation ullamco laboris nisi.<\\/p>\\r\\n<p><a href=\\\"http:\\/\\/festningen.local\\/selskap#entry:4:url\\\">Les mer<\\/a><\\/p>\",\"bildeChkbox\":\"1\",\"bilde\":[\"6\"],\"bildeposisjon\":\"left\",\"bildetekstChkbox\":\"\",\"bildetekst\":\"\",\"bildetekstposisjon\":\"left\"}}},\"23\":\"<p>P\\u00e5 historiske Kristiansten festning i Trondheim ligger <strong>Restaurant Kommandanten<\\/strong> i den gamle kommandant-boligen.<\\/p>\",\"25\":\"Festningen servering og kulturarena\",\"22\":[\"8\"]}}','2017-02-28 16:03:16','2017-02-28 16:03:16','e8ec4cc2-2e3b-4dc8-a72e-b66b5d39483e'),(135,2,1,1,'nb_no',84,'','{\"typeId\":null,\"authorId\":null,\"title\":\"Forside\",\"slug\":\"forside\",\"postDate\":1486740585,\"expiryDate\":null,\"enabled\":1,\"parentId\":null,\"fields\":{\"26\":{\"39\":{\"type\":\"5\",\"fields\":{\"tittel\":\"\\u00c5pningstider\",\"ikon\":[\"15\"],\"rikTekst\":\"<table><tbody><tr><td>Tirsdag - Fredag<\\/td><td>11:00 - 23:00<\\/td><\\/tr><tr><td>L\\u00f8rdag - S\\u00f8ndag<\\/td><td>11:00 - 23:00<\\/td><\\/tr><\\/tbody><\\/table>\\r\\n<p>M\\u00f8ter og lukkede selskap etter avtale<\\/p>\",\"knapp\":\"<p><a href=\\\"tel:2045052666\\\">TLF: 450 52 666<\\/a><\\/p>\"}},\"40\":{\"type\":\"5\",\"fields\":{\"tittel\":\"Booking\",\"ikon\":[\"16\"],\"rikTekst\":\"<p>Reserver bord eller book <strong>egne dedikerte&nbsp;selskapslokaler<\\/strong> med eget vertskap og&nbsp;underholdning<\\/p>\",\"knapp\":\"<p><a href=\\\"mailto:kommandanten@festningenservering.no\\\">Send epost<\\/a><\\/p>\"}}},\"104\":{\"51\":{\"type\":\"6\",\"fields\":{\"tittel\":\"Booking\",\"ikon\":[\"16\"],\"tekst\":\"Reserver selskalslokaler eller bord i restauranten\",\"map\":{\"lat\":\"63.42689290000001\",\"lng\":\"10.41063889999998\",\"zoom\":\"15\",\"address\":\"Kristiansten Festning, 7015 Trondheim, Norge\",\"parts\":{\"establishment\":\"Kristiansten Festning\",\"establishment_short\":\"Kristiansten Festning\",\"locality\":\"Trondheim\",\"locality_short\":\"Trondheim\",\"postal_town\":\"Trondheim\",\"postal_town_short\":\"Trondheim\",\"administrative_area_level_2\":\"Trondheim\",\"administrative_area_level_2_short\":\"Trondheim\",\"administrative_area_level_1\":\"S\\u00f8r-Tr\\u00f8ndelag\",\"administrative_area_level_1_short\":\"S\\u00f8r-Tr\\u00f8ndelag\",\"country\":\"Norge\",\"country_short\":\"NO\",\"postal_code\":\"7015\",\"postal_code_short\":\"7015\"}}}}},\"46\":{\"37\":{\"modified\":\"0\",\"type\":\"designblokk\",\"enabled\":\"1\",\"collapsed\":\"0\",\"level\":\"0\",\"fields\":{\"mellomrom\":\"begge\",\"tekstChkbox\":\"1\",\"rikTekst\":\"<h2>Restauranten<\\/h2>\\r\\n<p>Lorem ipsum dolor sit amet, consectetur adipiscing elit, sed do eiusmod tempor incididunt ut labore et dolore magna aliqua. Ut enim ad minim veniam, quis nostrud exercitation ullamco laboris nisi.<\\/p>\\r\\n<p><a href=\\\"http:\\/\\/festningen.local\\/restaurant#entry:3:url\\\"><strong>Les mer<\\/strong><\\/a><\\/p>\",\"antallKolonner\":\"1\",\"bildeChkbox\":\"1\",\"bilde\":[\"7\"],\"bildeposisjon\":\"right\",\"bildetekstChkbox\":\"\",\"bildetekst\":\"\",\"bildetekstposisjon\":\"left\"}},\"169\":{\"modified\":\"0\",\"type\":\"vareMenyer\",\"enabled\":\"1\",\"collapsed\":\"0\",\"level\":\"0\",\"fields\":{\"vareMenyer\":{\"170\":{\"type\":\"2\",\"fields\":{\"ikon\":\"\",\"tekst\":\"<h3>Ukens 3-retter, klassisk meny og god gammeldags lunsj<\\/h3>\\r\\n<p>Lorem ipsum dolor sit amet, consectetur adipiscing elit, sed do eiusmod tempor incididunt ut l abore et dolore magna aliqua. Ut enim ad minim veniam, quis nostrud exercitation ullamco laboris nisi. sed do eiusmod tempor incididunt ut l abore et dolore magna aliqua. Ut enim ad minim veniam, quis nostrud exercitation ullamco laboris nisi. sed do eiusmod tempor incididunt ut l abore et dolore magna aliqua. Ut enim ad minim veniam, quis nostrud exercitation ullamco laboris nisi.sed do eiusmod tempor incididunt ut l abore et dolore magna aliqua. Ut enim ad minim veniam, quis nostrud exercitation ullamco laboris nisi.<\\/p>\\r\\n<p><strong><a href=\\\"http:\\/\\/festningen.local\\/restaurant#entry:3:url\\\">Les mer <\\/a>&nbsp;<\\/strong><\\/p>\"}},\"171\":{\"type\":\"2\",\"fields\":{\"ikon\":[\"29\"],\"tekst\":\"<h3>V\\u00e5re menyer<\\/h3>\\r\\n<table><tbody><tr><td>Ukens 3-retter<\\/td><td>11:00 - 16:00<\\/td><\\/tr><tr><td>Klassisk meny<\\/td><td>16:00 - 23:00<\\/td><\\/tr><tr><td>Lunsjmeny<\\/td><td>16:00 - 23:00<\\/td><\\/tr><\\/tbody><\\/table>\\r\\n<p><a href=\\\"http:\\/\\/festningen.local\\/restaurant#entry:3:url\\\"><strong>Les mer<\\/strong><\\/a><\\/p>\"}}}}},\"38\":{\"modified\":\"0\",\"type\":\"designblokk\",\"enabled\":\"1\",\"collapsed\":\"0\",\"level\":\"0\",\"fields\":{\"mellomrom\":\"ingen\",\"tekstChkbox\":\"\",\"rikTekst\":\"<h2>Restauranten<\\/h2>\\r\\n<p><br>Lorem ipsum dolor sit amet<\\/p>\",\"bildeChkbox\":\"1\",\"bilde\":[\"166\"],\"bildeposisjon\":\"full\",\"bildetekstChkbox\":\"\",\"bildetekst\":\"\",\"bildetekstposisjon\":\"left\"}},\"45\":{\"modified\":\"0\",\"type\":\"designblokk\",\"enabled\":\"1\",\"collapsed\":\"0\",\"level\":\"0\",\"fields\":{\"mellomrom\":\"begge\",\"tekstChkbox\":\"1\",\"rikTekst\":\"<h2>Selskap<\\/h2>\\r\\n<p>Lorem ipsum dolor sit amet, bryllup adipiscing elit, sed do eiusmod d\\u00e5p og minnestund incididunt ut labore et dolore magna aliqua. Juleord og juleselskap enim ad minim veniam, quis nostrud exercitation ullamco laboris nisi.<\\/p>\\r\\n<p><br><\\/p>\\r\\n<p><a href=\\\"http:\\/\\/festningen.local\\/selskap#entry:4:url\\\">Les mer<\\/a><\\/p>\",\"antallKolonner\":\"1\",\"bildeChkbox\":\"1\",\"bilde\":[\"6\"],\"bildeposisjon\":\"right\",\"bildetekstChkbox\":\"\",\"bildetekst\":\"\",\"bildetekstposisjon\":\"left\"}},\"46\":{\"modified\":\"0\",\"type\":\"designblokk\",\"enabled\":\"1\",\"collapsed\":\"0\",\"level\":\"0\",\"fields\":{\"mellomrom\":\"begge\",\"tekstChkbox\":\"1\",\"rikTekst\":\"<h2>Historiske omgivelser<\\/h2>\\r\\n<p>Lorem ipsum dolor sit amet, bryllup adipiscing elit, sed do eiusmod d\\u00e5p og minnestund incididunt ut labore et dolore magna aliqua. Juleord og juleselskap enim ad minim veniam, quis nostrud exercitation ullamco laboris nisi.<\\/p>\\r\\n<p><a href=\\\"http:\\/\\/festningen.local\\/selskap#entry:4:url\\\">Les mer<\\/a><\\/p>\",\"bildeChkbox\":\"1\",\"bilde\":[\"6\"],\"bildeposisjon\":\"left\",\"bildetekstChkbox\":\"\",\"bildetekst\":\"\",\"bildetekstposisjon\":\"left\"}}},\"23\":\"<p>P\\u00e5 historiske Kristiansten festning i Trondheim ligger <strong>Restaurant Kommandanten<\\/strong> i den gamle kommandant-boligen.<\\/p>\",\"25\":\"Festningen servering og kulturarena\",\"22\":[\"8\"]}}','2017-02-28 16:05:14','2017-02-28 16:05:14','85920154-46f8-4f37-a646-1bdb99685d4f'),(136,2,1,1,'nb_no',85,'','{\"typeId\":null,\"authorId\":null,\"title\":\"Forside\",\"slug\":\"forside\",\"postDate\":1486740585,\"expiryDate\":null,\"enabled\":1,\"parentId\":null,\"fields\":{\"26\":{\"39\":{\"type\":\"5\",\"fields\":{\"tittel\":\"\\u00c5pningstider\",\"ikon\":[\"15\"],\"rikTekst\":\"<table><tbody><tr><td>Tirsdag - Fredag<\\/td><td>11:00 - 23:00<\\/td><\\/tr><tr><td>L\\u00f8rdag - S\\u00f8ndag<\\/td><td>11:00 - 23:00<\\/td><\\/tr><\\/tbody><\\/table>\\r\\n<p>M\\u00f8ter og lukkede selskap etter avtale<\\/p>\",\"knapp\":\"<p><a href=\\\"tel:2045052666\\\">TLF: 450 52 666<\\/a><\\/p>\"}},\"40\":{\"type\":\"5\",\"fields\":{\"tittel\":\"Booking\",\"ikon\":[\"16\"],\"rikTekst\":\"<p>Reserver bord eller book <strong>egne dedikerte&nbsp;selskapslokaler<\\/strong> med eget vertskap og&nbsp;underholdning<\\/p>\",\"knapp\":\"<p><a href=\\\"mailto:kommandanten@festningenservering.no\\\">Send epost<\\/a><\\/p>\"}}},\"104\":{\"51\":{\"type\":\"6\",\"fields\":{\"tittel\":\"Booking\",\"ikon\":[\"16\"],\"tekst\":\"Reserver selskalslokaler eller bord i restauranten\",\"map\":{\"lat\":\"63.42689290000001\",\"lng\":\"10.41063889999998\",\"zoom\":\"15\",\"address\":\"Kristiansten Festning, 7015 Trondheim, Norge\",\"parts\":{\"establishment\":\"Kristiansten Festning\",\"establishment_short\":\"Kristiansten Festning\",\"locality\":\"Trondheim\",\"locality_short\":\"Trondheim\",\"postal_town\":\"Trondheim\",\"postal_town_short\":\"Trondheim\",\"administrative_area_level_2\":\"Trondheim\",\"administrative_area_level_2_short\":\"Trondheim\",\"administrative_area_level_1\":\"S\\u00f8r-Tr\\u00f8ndelag\",\"administrative_area_level_1_short\":\"S\\u00f8r-Tr\\u00f8ndelag\",\"country\":\"Norge\",\"country_short\":\"NO\",\"postal_code\":\"7015\",\"postal_code_short\":\"7015\"}}}}},\"46\":{\"37\":{\"modified\":\"0\",\"type\":\"designblokk\",\"enabled\":\"1\",\"collapsed\":\"0\",\"level\":\"0\",\"fields\":{\"mellomrom\":\"begge\",\"tekstChkbox\":\"1\",\"rikTekst\":\"<h2>Restauranten<\\/h2>\\r\\n<p>Lorem ipsum dolor sit amet, consectetur adipiscing elit, sed do eiusmod tempor incididunt ut labore et dolore magna aliqua. Ut enim ad minim veniam, quis nostrud exercitation ullamco laboris nisi.<\\/p>\\r\\n<p><a href=\\\"http:\\/\\/festningen.local\\/restaurant#entry:3:url\\\"><strong>Les mer<\\/strong><\\/a><\\/p>\",\"antallKolonner\":\"1\",\"bildeChkbox\":\"1\",\"bilde\":[\"7\"],\"bildeposisjon\":\"right\",\"bildetekstChkbox\":\"\",\"bildetekst\":\"\",\"bildetekstposisjon\":\"left\"}},\"169\":{\"modified\":\"0\",\"type\":\"vareMenyer\",\"enabled\":\"1\",\"collapsed\":\"0\",\"level\":\"0\",\"fields\":{\"vareMenyer\":{\"170\":{\"type\":\"2\",\"fields\":{\"ikon\":\"\",\"tekst\":\"<h3>Ukens 3-retter, klassisk meny og god gammeldags lunsj<\\/h3>\\r\\n<p>Lorem ipsum dolor sit amet, consectetur adipiscing elit, sed do eiusmod tempor incididunt ut l abore et dolore magna aliqua. Ut enim ad minim veniam, quis nostrud exercitation ullamco laboris nisi. sed do eiusmod tempor incididunt ut l abore et dolore magna aliqua. Ut enim ad minim veniam, quis nostrud exercitation ullamco laboris nisi. sed do eiusmod tempor incididunt ut l abore et dolore magna aliqua. Ut enim ad minim veniam, quis nostrud exercitation ullamco laboris nisi.sed do eiusmod tempor incididunt ut l abore et dolore magna aliqua. Ut enim ad minim veniam, quis nostrud exercitation ullamco laboris nisi.<\\/p>\\r\\n<p><strong><a href=\\\"http:\\/\\/festningen.local\\/restaurant#entry:3:url\\\">Les mer <\\/a>&nbsp;<\\/strong><\\/p>\"}},\"171\":{\"type\":\"2\",\"fields\":{\"ikon\":[\"29\"],\"tekst\":\"<h3>V\\u00e5re menyer<\\/h3>\\r\\n<table><tbody><tr><td>Ukens 3-retter<\\/td><td>11:00 - 16:00<\\/td><\\/tr><tr><td>Klassisk meny<\\/td><td>16:00 - 23:00<\\/td><\\/tr><tr><td>Lunsjmeny<\\/td><td>16:00 - 23:00<\\/td><\\/tr><\\/tbody><\\/table>\\r\\n<p><a href=\\\"http:\\/\\/festningen.local\\/restaurant#entry:3:url\\\"><strong>Les mer<\\/strong><\\/a><\\/p>\"}}}}},\"38\":{\"modified\":\"0\",\"type\":\"designblokk\",\"enabled\":\"1\",\"collapsed\":\"0\",\"level\":\"0\",\"fields\":{\"mellomrom\":\"ingen\",\"tekstChkbox\":\"\",\"rikTekst\":\"<h2>Restauranten<\\/h2>\\r\\n<p><br>Lorem ipsum dolor sit amet<\\/p>\",\"bildeChkbox\":\"1\",\"bilde\":[\"166\"],\"bildeposisjon\":\"full\",\"bildetekstChkbox\":\"\",\"bildetekst\":\"\",\"bildetekstposisjon\":\"left\"}},\"45\":{\"modified\":\"0\",\"type\":\"designblokk\",\"enabled\":\"1\",\"collapsed\":\"0\",\"level\":\"0\",\"fields\":{\"mellomrom\":\"begge\",\"tekstChkbox\":\"1\",\"rikTekst\":\"<h2>Selskap<\\/h2>\\r\\n<p>Lorem ipsum dolor sit amet, bryllup adipiscing elit, sed do eiusmod d\\u00e5p og minnestund incididunt ut labore et dolore magna aliqua. Juleord og juleselskap enim ad minim veniam, quis nostrud exercitation ullamco laboris nisi.<\\/p>\\r\\n<p><br><\\/p>\\r\\n<p><a href=\\\"http:\\/\\/festningen.local\\/selskap#entry:4:url\\\">Les mer<\\/a><\\/p>\",\"antallKolonner\":\"1\",\"bildeChkbox\":\"1\",\"bilde\":[\"6\"],\"bildeposisjon\":\"right\",\"bildetekstChkbox\":\"\",\"bildetekst\":\"\",\"bildetekstposisjon\":\"left\"}},\"46\":{\"modified\":\"0\",\"type\":\"designblokk\",\"enabled\":\"1\",\"collapsed\":\"0\",\"level\":\"0\",\"fields\":{\"mellomrom\":\"begge\",\"tekstChkbox\":\"1\",\"rikTekst\":\"<h2>Historiske omgivelser<\\/h2>\\r\\n<p>Lorem ipsum dolor sit amet, bryllup adipiscing elit, sed do eiusmod d\\u00e5p og minnestund incididunt ut labore et dolore magna aliqua. Juleord og juleselskap enim ad minim veniam, quis nostrud exercitation ullamco laboris nisi.<\\/p>\\r\\n<p><a href=\\\"http:\\/\\/festningen.local\\/selskap#entry:4:url\\\">Les mer<\\/a><\\/p>\",\"bildeChkbox\":\"1\",\"bilde\":[\"6\"],\"bildeposisjon\":\"left\",\"bildetekstChkbox\":\"\",\"bildetekst\":\"\",\"bildetekstposisjon\":\"left\"}}},\"23\":\"<p>P\\u00e5 historiske Kristiansten festning i Trondheim ligger <strong>Restaurant Kommandanten<\\/strong> i den gamle kommandant-boligen.<\\/p>\",\"25\":\"Festningen servering og kulturarena\",\"22\":[\"8\"]}}','2017-02-28 16:16:31','2017-02-28 16:16:31','94adfc35-d9d3-49c7-9804-9b887bd96985'),(137,2,1,1,'nb_no',86,'','{\"typeId\":null,\"authorId\":null,\"title\":\"Forside\",\"slug\":\"forside\",\"postDate\":1486740585,\"expiryDate\":null,\"enabled\":1,\"parentId\":null,\"fields\":{\"26\":{\"39\":{\"type\":\"5\",\"fields\":{\"tittel\":\"\\u00c5pningstider\",\"ikon\":[\"15\"],\"rikTekst\":\"<table><tbody><tr><td>Tirsdag - Fredag<\\/td><td>11:00 - 23:00<\\/td><\\/tr><tr><td>L\\u00f8rdag - S\\u00f8ndag<\\/td><td>11:00 - 23:00<\\/td><\\/tr><\\/tbody><\\/table>\\r\\n<p>M\\u00f8ter og lukkede selskap etter avtale<\\/p>\",\"knapp\":\"<p><a href=\\\"tel:2045052666\\\">TLF: 450 52 666<\\/a><\\/p>\"}},\"40\":{\"type\":\"5\",\"fields\":{\"tittel\":\"Booking\",\"ikon\":[\"16\"],\"rikTekst\":\"<p>Reserver bord eller book <strong>egne dedikerte&nbsp;selskapslokaler<\\/strong> med eget vertskap og&nbsp;underholdning<\\/p>\",\"knapp\":\"<p><a href=\\\"mailto:kommandanten@festningenservering.no\\\">Send epost<\\/a><\\/p>\"}}},\"104\":{\"51\":{\"type\":\"6\",\"fields\":{\"tittel\":\"Booking\",\"ikon\":[\"16\"],\"tekst\":\"Reserver selskalslokaler eller bord i restauranten\",\"map\":{\"lat\":\"63.42689290000001\",\"lng\":\"10.41063889999998\",\"zoom\":\"15\",\"address\":\"Kristiansten Festning, 7015 Trondheim, Norge\",\"parts\":{\"establishment\":\"Kristiansten Festning\",\"establishment_short\":\"Kristiansten Festning\",\"locality\":\"Trondheim\",\"locality_short\":\"Trondheim\",\"postal_town\":\"Trondheim\",\"postal_town_short\":\"Trondheim\",\"administrative_area_level_2\":\"Trondheim\",\"administrative_area_level_2_short\":\"Trondheim\",\"administrative_area_level_1\":\"S\\u00f8r-Tr\\u00f8ndelag\",\"administrative_area_level_1_short\":\"S\\u00f8r-Tr\\u00f8ndelag\",\"country\":\"Norge\",\"country_short\":\"NO\",\"postal_code\":\"7015\",\"postal_code_short\":\"7015\"}}}}},\"46\":{\"37\":{\"modified\":\"0\",\"type\":\"designblokk\",\"enabled\":\"1\",\"collapsed\":\"0\",\"level\":\"0\",\"fields\":{\"mellomrom\":\"begge\",\"tekstChkbox\":\"1\",\"rikTekst\":\"<h2>Restauranten<\\/h2>\\r\\n<p>Lorem ipsum dolor sit amet, consectetur adipiscing elit, sed do eiusmod tempor incididunt ut labore et dolore magna aliqua. Ut enim ad minim veniam, quis nostrud exercitation ullamco laboris nisi.<\\/p>\\r\\n<p><a href=\\\"http:\\/\\/festningen.local\\/restaurant#entry:3:url\\\"><strong>Les mer<\\/strong><\\/a><\\/p>\",\"antallKolonner\":\"1\",\"bildeChkbox\":\"1\",\"bilde\":[\"7\"],\"bildeposisjon\":\"right\",\"bildetekstChkbox\":\"\",\"bildetekst\":\"\",\"bildetekstposisjon\":\"left\"}},\"169\":{\"modified\":\"0\",\"type\":\"vareMenyer\",\"enabled\":\"1\",\"collapsed\":\"0\",\"level\":\"0\",\"fields\":{\"vareMenyer\":{\"170\":{\"type\":\"2\",\"fields\":{\"ikon\":\"\",\"tekst\":\"<h3>Ukens 3-retter, klassisk meny og god gammeldags lunsj<\\/h3>\\r\\n<p>Lorem ipsum dolor sit amet, consectetur adipiscing elit, sed do eiusmod tempor incididunt ut l abore et dolore magna aliqua. Ut enim ad minim veniam, quis nostrud exercitation ullamco laboris nisi. sed do eiusmod tempor incididunt ut l abore et dolore magna aliqua. Ut enim ad minim veniam, quis nostrud exercitation ullamco laboris nisi. sed do eiusmod tempor incididunt ut l abore et dolore magna aliqua. Ut enim ad minim veniam, quis nostrud exercitation ullamco laboris nisi.sed do eiusmod tempor incididunt ut l abore et dolore magna aliqua. Ut enim ad minim veniam, quis nostrud exercitation ullamco laboris nisi.<\\/p>\\r\\n<p><strong><a href=\\\"http:\\/\\/festningen.local\\/restaurant#entry:3:url\\\">Les mer <\\/a>&nbsp;<\\/strong><\\/p>\"}},\"171\":{\"type\":\"2\",\"fields\":{\"ikon\":[\"29\"],\"tekst\":\"<h3>V\\u00e5re menyer<\\/h3>\\r\\n<table><tbody><tr><td>Ukens 3-retter<\\/td><td>11:00 - 16:00<\\/td><\\/tr><tr><td>Klassisk meny<\\/td><td>16:00 - 23:00<\\/td><\\/tr><tr><td>Lunsjmeny<\\/td><td>16:00 - 23:00<\\/td><\\/tr><\\/tbody><\\/table>\\r\\n<p><a href=\\\"http:\\/\\/festningen.local\\/restaurant#entry:3:url\\\"><strong>Les mer<\\/strong><\\/a><\\/p>\"}}}}},\"38\":{\"modified\":\"0\",\"type\":\"designblokk\",\"enabled\":\"1\",\"collapsed\":\"0\",\"level\":\"0\",\"fields\":{\"mellomrom\":\"ingen\",\"tekstChkbox\":\"\",\"rikTekst\":\"<h2>Restauranten<\\/h2>\\r\\n<p><br>Lorem ipsum dolor sit amet<\\/p>\",\"bildeChkbox\":\"1\",\"bilde\":[\"166\"],\"bildeposisjon\":\"full\",\"bildetekstChkbox\":\"\",\"bildetekst\":\"\",\"bildetekstposisjon\":\"left\"}},\"45\":{\"modified\":\"0\",\"type\":\"designblokk\",\"enabled\":\"1\",\"collapsed\":\"0\",\"level\":\"0\",\"fields\":{\"mellomrom\":\"begge\",\"tekstChkbox\":\"1\",\"rikTekst\":\"<h2>Selskap<\\/h2>\\r\\n<p>Lorem ipsum dolor sit amet, bryllup adipiscing elit, sed do eiusmod d\\u00e5p og minnestund incididunt ut labore et dolore magna aliqua. Juleord og juleselskap enim ad minim veniam, quis nostrud exercitation ullamco laboris nisi.<\\/p>\\r\\n<p><br><\\/p>\\r\\n<p><a href=\\\"http:\\/\\/festningen.local\\/selskap#entry:4:url\\\">Les mer<\\/a><\\/p>\",\"antallKolonner\":\"1\",\"bildeChkbox\":\"1\",\"bilde\":[\"6\"],\"bildeposisjon\":\"right\",\"bildetekstChkbox\":\"\",\"bildetekst\":\"\",\"bildetekstposisjon\":\"left\"}},\"46\":{\"modified\":\"0\",\"type\":\"designblokk\",\"enabled\":\"1\",\"collapsed\":\"0\",\"level\":\"0\",\"fields\":{\"mellomrom\":\"begge\",\"tekstChkbox\":\"1\",\"rikTekst\":\"<h2>Historiske omgivelser<\\/h2>\\r\\n<p>Lorem ipsum dolor sit amet, bryllup adipiscing elit, sed do eiusmod d\\u00e5p og minnestund incididunt ut labore et dolore magna aliqua. Juleord og juleselskap enim ad minim veniam, quis nostrud exercitation ullamco laboris nisi.<\\/p>\\r\\n<p><a href=\\\"http:\\/\\/festningen.local\\/selskap#entry:4:url\\\">Les mer<\\/a><\\/p>\",\"bildeChkbox\":\"1\",\"bilde\":[\"6\"],\"bildeposisjon\":\"left\",\"bildetekstChkbox\":\"\",\"bildetekst\":\"\",\"bildetekstposisjon\":\"left\"}}},\"23\":\"<p>P\\u00e5 historiske Kristiansten festning i Trondheim ligger <strong>Restaurant Kommandanten<\\/strong> i den gamle kommandant-boligen.<\\/p>\",\"25\":\"Festningen servering og kulturarena\",\"22\":[\"8\"]}}','2017-02-28 16:17:04','2017-02-28 16:17:04','5ae0f13f-148e-40e0-b6e1-95bf94a46e46'),(138,2,1,1,'nb_no',87,'','{\"typeId\":null,\"authorId\":null,\"title\":\"Forside\",\"slug\":\"forside\",\"postDate\":1486740585,\"expiryDate\":null,\"enabled\":1,\"parentId\":null,\"fields\":{\"26\":{\"39\":{\"type\":\"5\",\"fields\":{\"tittel\":\"\\u00c5pningstider\",\"ikon\":[\"15\"],\"rikTekst\":\"<table><tbody><tr><td>Tirsdag - Fredag<\\/td><td>11:00 - 23:00<\\/td><\\/tr><tr><td>L\\u00f8rdag - S\\u00f8ndag<\\/td><td>11:00 - 23:00<\\/td><\\/tr><\\/tbody><\\/table>\\r\\n<p>M\\u00f8ter og lukkede selskap etter avtale<\\/p>\",\"knapp\":\"<p><a href=\\\"tel:2045052666\\\">TLF: 450 52 666<\\/a><\\/p>\"}},\"40\":{\"type\":\"5\",\"fields\":{\"tittel\":\"Booking\",\"ikon\":[\"16\"],\"rikTekst\":\"<p>Reserver bord eller book <strong>egne dedikerte&nbsp;selskapslokaler<\\/strong> med eget vertskap og&nbsp;underholdning<\\/p>\",\"knapp\":\"<p><a href=\\\"mailto:kommandanten@festningenservering.no\\\">Send epost<\\/a><\\/p>\"}}},\"104\":{\"51\":{\"type\":\"6\",\"fields\":{\"tittel\":\"Booking\",\"ikon\":[\"16\"],\"tekst\":\"Reserver selskalslokaler eller bord i restauranten\",\"map\":{\"lat\":\"63.42689290000001\",\"lng\":\"10.41063889999998\",\"zoom\":\"15\",\"address\":\"Kristiansten Festning, 7015 Trondheim, Norge\",\"parts\":{\"establishment\":\"Kristiansten Festning\",\"establishment_short\":\"Kristiansten Festning\",\"locality\":\"Trondheim\",\"locality_short\":\"Trondheim\",\"postal_town\":\"Trondheim\",\"postal_town_short\":\"Trondheim\",\"administrative_area_level_2\":\"Trondheim\",\"administrative_area_level_2_short\":\"Trondheim\",\"administrative_area_level_1\":\"S\\u00f8r-Tr\\u00f8ndelag\",\"administrative_area_level_1_short\":\"S\\u00f8r-Tr\\u00f8ndelag\",\"country\":\"Norge\",\"country_short\":\"NO\",\"postal_code\":\"7015\",\"postal_code_short\":\"7015\"}}}}},\"46\":{\"37\":{\"modified\":\"0\",\"type\":\"designblokk\",\"enabled\":\"1\",\"collapsed\":\"0\",\"level\":\"0\",\"fields\":{\"mellomrom\":\"begge\",\"tekstChkbox\":\"1\",\"rikTekst\":\"<h2>Restauranten<\\/h2>\\r\\n<p>Lorem ipsum dolor sit amet, consectetur adipiscing elit, sed do eiusmod tempor incididunt ut labore et dolore magna aliqua. Ut enim ad minim veniam, quis nostrud exercitation ullamco laboris nisi.<\\/p>\\r\\n<p><a href=\\\"http:\\/\\/festningen.local\\/restaurant#entry:3:url\\\"><strong>Les mer<\\/strong><\\/a><\\/p>\",\"antallKolonner\":\"1\",\"bildeChkbox\":\"1\",\"bilde\":[\"7\"],\"bildeposisjon\":\"right\",\"bildetekstChkbox\":\"\",\"bildetekst\":\"\",\"bildetekstposisjon\":\"left\"}},\"169\":{\"modified\":\"0\",\"type\":\"vareMenyer\",\"enabled\":\"1\",\"collapsed\":\"0\",\"level\":\"0\",\"fields\":{\"vareMenyer\":{\"170\":{\"type\":\"2\",\"fields\":{\"ikon\":\"\",\"tekst\":\"<h3>Ukens 3-retter, klassisk meny og god gammeldags lunsj<\\/h3>\\r\\n<p>Lorem ipsum dolor sit amet, consectetur adipiscing elit, sed do eiusmod tempor incididunt ut l abore et dolore magna aliqua. Ut enim ad minim veniam, quis nostrud exercitation ullamco laboris nisi. sed do eiusmod tempor incididunt ut l abore et dolore magna aliqua. Ut enim ad minim veniam, quis nostrud exercitation ullamco laboris nisi. sed do eiusmod tempor incididunt ut l abore et dolore magna aliqua. Ut enim ad minim veniam, quis nostrud exercitation ullamco laboris nisi.sed do eiusmod tempor incididunt ut l abore et dolore magna aliqua. Ut enim ad minim veniam, quis nostrud exercitation ullamco laboris nisi.<\\/p>\\r\\n<p><strong><a href=\\\"http:\\/\\/festningen.local\\/restaurant#entry:3:url\\\">Les mer <\\/a>&nbsp;<\\/strong><\\/p>\"}},\"171\":{\"type\":\"2\",\"fields\":{\"ikon\":[\"29\"],\"tekst\":\"<h3>V\\u00e5re menyer<\\/h3>\\r\\n<table><tbody><tr><td>Ukens 3-retter<\\/td><td>11:00 - 16:00<\\/td><\\/tr><tr><td>Klassisk meny<\\/td><td>16:00 - 23:00<\\/td><\\/tr><tr><td>Lunsjmeny<\\/td><td>16:00 - 23:00<\\/td><\\/tr><\\/tbody><\\/table>\\r\\n<p><a href=\\\"http:\\/\\/festningen.local\\/restaurant#entry:3:url\\\"><strong>Les mer<\\/strong><\\/a><\\/p>\"}}}}},\"38\":{\"modified\":\"0\",\"type\":\"designblokk\",\"enabled\":\"1\",\"collapsed\":\"0\",\"level\":\"0\",\"fields\":{\"mellomrom\":\"ingen\",\"tekstChkbox\":\"\",\"rikTekst\":\"<h2>Restauranten<\\/h2>\\r\\n<p><br>Lorem ipsum dolor sit amet<\\/p>\",\"bildeChkbox\":\"1\",\"bilde\":[\"166\"],\"bildeposisjon\":\"full\",\"bildetekstChkbox\":\"\",\"bildetekst\":\"\",\"bildetekstposisjon\":\"left\"}},\"45\":{\"modified\":\"0\",\"type\":\"designblokk\",\"enabled\":\"1\",\"collapsed\":\"0\",\"level\":\"0\",\"fields\":{\"mellomrom\":\"begge\",\"tekstChkbox\":\"1\",\"rikTekst\":\"<h2>Selskap<\\/h2>\\r\\n<p>Lorem ipsum dolor sit amet, bryllup adipiscing elit, sed do eiusmod d\\u00e5p og minnestund incididunt ut labore et dolore magna aliqua. Juleord og juleselskap enim ad minim veniam, quis nostrud exercitation ullamco laboris nisi.<\\/p>\\r\\n<p><br><\\/p>\\r\\n<p><a href=\\\"http:\\/\\/festningen.local\\/selskap#entry:4:url\\\">Les mer<\\/a><\\/p>\",\"antallKolonner\":\"1\",\"bildeChkbox\":\"1\",\"bilde\":[\"6\"],\"bildeposisjon\":\"right\",\"bildetekstChkbox\":\"\",\"bildetekst\":\"\",\"bildetekstposisjon\":\"left\"}},\"46\":{\"modified\":\"0\",\"type\":\"designblokk\",\"enabled\":\"1\",\"collapsed\":\"0\",\"level\":\"0\",\"fields\":{\"mellomrom\":\"begge\",\"tekstChkbox\":\"1\",\"rikTekst\":\"<h2>Historiske omgivelser<\\/h2>\\r\\n<p>Lorem ipsum dolor sit amet, bryllup adipiscing elit, sed do eiusmod d\\u00e5p og minnestund incididunt ut labore et dolore magna aliqua. Juleord og juleselskap enim ad minim veniam, quis nostrud exercitation ullamco laboris nisi.<\\/p>\\r\\n<p><a href=\\\"http:\\/\\/festningen.local\\/selskap#entry:4:url\\\">Les mer<\\/a><\\/p>\",\"bildeChkbox\":\"1\",\"bilde\":[\"6\"],\"bildeposisjon\":\"left\",\"bildetekstChkbox\":\"\",\"bildetekst\":\"\",\"bildetekstposisjon\":\"left\"}}},\"23\":\"<p>P\\u00e5 historiske Kristiansten festning i Trondheim ligger <strong>Restaurant Kommandanten<\\/strong> i den gamle kommandant-boligen.<\\/p>\",\"25\":\"Festningen servering og kulturarena\",\"22\":[\"8\"]}}','2017-02-28 16:17:54','2017-02-28 16:17:54','3a85096e-9d84-498a-9fa1-4befe853abbd'),(139,2,1,1,'nb_no',88,'','{\"typeId\":null,\"authorId\":null,\"title\":\"Forside\",\"slug\":\"forside\",\"postDate\":1486740585,\"expiryDate\":null,\"enabled\":1,\"parentId\":null,\"fields\":{\"26\":{\"39\":{\"type\":\"5\",\"fields\":{\"tittel\":\"\\u00c5pningstider\",\"ikon\":[\"15\"],\"rikTekst\":\"<table><tbody><tr><td>Tirsdag - Fredag<\\/td><td>11:00 - 23:00<\\/td><\\/tr><tr><td>L\\u00f8rdag - S\\u00f8ndag<\\/td><td>11:00 - 23:00<\\/td><\\/tr><\\/tbody><\\/table>\\r\\n<p>M\\u00f8ter og lukkede selskap etter avtale<\\/p>\",\"knapp\":\"<p><a href=\\\"tel:2045052666\\\">TLF: 450 52 666<\\/a><\\/p>\"}},\"40\":{\"type\":\"5\",\"fields\":{\"tittel\":\"Booking\",\"ikon\":[\"16\"],\"rikTekst\":\"<p>Reserver bord eller book <strong>egne dedikerte&nbsp;selskapslokaler<\\/strong> med eget vertskap og&nbsp;underholdning<\\/p>\",\"knapp\":\"<p><a href=\\\"mailto:kommandanten@festningenservering.no\\\">Send epost<\\/a><\\/p>\"}}},\"104\":{\"51\":{\"type\":\"6\",\"fields\":{\"tittel\":\"Booking\",\"ikon\":[\"16\"],\"tekst\":\"Reserver selskalslokaler eller bord i restauranten\",\"map\":{\"lat\":\"63.42689290000001\",\"lng\":\"10.41063889999998\",\"zoom\":\"15\",\"address\":\"Kristiansten Festning, 7015 Trondheim, Norge\",\"parts\":{\"establishment\":\"Kristiansten Festning\",\"establishment_short\":\"Kristiansten Festning\",\"locality\":\"Trondheim\",\"locality_short\":\"Trondheim\",\"postal_town\":\"Trondheim\",\"postal_town_short\":\"Trondheim\",\"administrative_area_level_2\":\"Trondheim\",\"administrative_area_level_2_short\":\"Trondheim\",\"administrative_area_level_1\":\"S\\u00f8r-Tr\\u00f8ndelag\",\"administrative_area_level_1_short\":\"S\\u00f8r-Tr\\u00f8ndelag\",\"country\":\"Norge\",\"country_short\":\"NO\",\"postal_code\":\"7015\",\"postal_code_short\":\"7015\"}}}}},\"46\":{\"37\":{\"modified\":\"0\",\"type\":\"designblokk\",\"enabled\":\"1\",\"collapsed\":\"0\",\"level\":\"0\",\"fields\":{\"mellomrom\":\"begge\",\"tekstChkbox\":\"1\",\"rikTekst\":\"<h2>Restauranten<\\/h2>\\r\\n<p>Lorem ipsum dolor sit amet, consectetur adipiscing elit, sed do eiusmod tempor incididunt ut labore et dolore magna aliqua. Ut enim ad minim veniam, quis nostrud exercitation ullamco laboris nisi.<\\/p>\\r\\n<p><a href=\\\"http:\\/\\/festningen.local\\/restaurant#entry:3:url\\\"><strong>Les mer<\\/strong><\\/a><\\/p>\",\"antallKolonner\":\"1\",\"bildeChkbox\":\"1\",\"bilde\":[\"7\"],\"bildeposisjon\":\"right\",\"bildetekstChkbox\":\"\",\"bildetekst\":\"\",\"bildetekstposisjon\":\"left\"}},\"169\":{\"modified\":\"0\",\"type\":\"vareMenyer\",\"enabled\":\"1\",\"collapsed\":\"0\",\"level\":\"0\",\"fields\":{\"vareMenyer\":{\"170\":{\"type\":\"2\",\"fields\":{\"ikon\":\"\",\"tekst\":\"<h3>Ukens 3-retter, klassisk meny og god gammeldags lunsj<\\/h3>\\r\\n<p>Lorem ipsum dolor sit amet, consectetur adipiscing elit, sed do eiusmod tempor incididunt ut l abore et dolore magna aliqua. Ut enim ad minim veniam, quis nostrud exercitation ullamco laboris nisi. sed do eiusmod tempor incididunt ut l abore et dolore magna aliqua. Ut enim ad minim veniam, quis nostrud exercitation ullamco laboris nisi. sed do eiusmod tempor incididunt ut l abore et dolore magna aliqua. Ut enim ad minim veniam, quis nostrud exercitation ullamco laboris nisi.sed do eiusmod tempor incididunt ut l abore et dolore magna aliqua. Ut enim ad minim veniam, quis nostrud exercitation ullamco laboris nisi.<\\/p>\\r\\n<p><strong><a href=\\\"http:\\/\\/festningen.local\\/restaurant#entry:3:url\\\">Les mer <\\/a>&nbsp;<\\/strong><\\/p>\"}},\"171\":{\"type\":\"2\",\"fields\":{\"ikon\":[\"29\"],\"tekst\":\"<h3>V\\u00e5re menyer<\\/h3>\\r\\n<table><tbody><tr><td>Ukens 3-retter<\\/td><td>11:00 - 16:00<\\/td><\\/tr><tr><td>Klassisk meny<\\/td><td>16:00 - 23:00<\\/td><\\/tr><tr><td>Lunsjmeny<\\/td><td>16:00 - 23:00<\\/td><\\/tr><\\/tbody><\\/table>\\r\\n<p><a href=\\\"http:\\/\\/festningen.local\\/restaurant#entry:3:url\\\"><strong>Les mer<\\/strong><\\/a><\\/p>\"}}}}},\"38\":{\"modified\":\"0\",\"type\":\"designblokk\",\"enabled\":\"1\",\"collapsed\":\"0\",\"level\":\"0\",\"fields\":{\"mellomrom\":\"ingen\",\"tekstChkbox\":\"\",\"rikTekst\":\"<h2>Restauranten<\\/h2>\\r\\n<p><br>Lorem ipsum dolor sit amet<\\/p>\",\"bildeChkbox\":\"1\",\"bilde\":[\"166\"],\"bildeposisjon\":\"full\",\"bildetekstChkbox\":\"\",\"bildetekst\":\"\",\"bildetekstposisjon\":\"left\"}},\"45\":{\"modified\":\"0\",\"type\":\"designblokk\",\"enabled\":\"1\",\"collapsed\":\"0\",\"level\":\"0\",\"fields\":{\"mellomrom\":\"begge\",\"tekstChkbox\":\"1\",\"rikTekst\":\"<h2>Selskap<\\/h2>\\r\\n<p>Lorem ipsum dolor sit amet, bryllup adipiscing elit, sed do eiusmod d\\u00e5p og minnestund incididunt ut labore et dolore magna aliqua. Juleord og juleselskap enim ad minim veniam, quis nostrud exercitation ullamco laboris nisi.<\\/p>\\r\\n<p><br><\\/p>\\r\\n<p><a href=\\\"http:\\/\\/festningen.local\\/selskap#entry:4:url\\\">Les mer<\\/a><\\/p>\",\"antallKolonner\":\"1\",\"bildeChkbox\":\"1\",\"bilde\":[\"6\"],\"bildeposisjon\":\"right\",\"bildetekstChkbox\":\"\",\"bildetekst\":\"\",\"bildetekstposisjon\":\"left\"}},\"46\":{\"modified\":\"0\",\"type\":\"designblokk\",\"enabled\":\"1\",\"collapsed\":\"0\",\"level\":\"0\",\"fields\":{\"mellomrom\":\"begge\",\"tekstChkbox\":\"1\",\"rikTekst\":\"<h2>Historiske omgivelser<\\/h2>\\r\\n<p>Lorem ipsum dolor sit amet, bryllup adipiscing elit, sed do eiusmod d\\u00e5p og minnestund incididunt ut labore et dolore magna aliqua. Juleord og juleselskap enim ad minim veniam, quis nostrud exercitation ullamco laboris nisi.<\\/p>\\r\\n<p><a href=\\\"http:\\/\\/festningen.local\\/selskap#entry:4:url\\\">Les mer<\\/a><\\/p>\",\"bildeChkbox\":\"1\",\"bilde\":[\"6\"],\"bildeposisjon\":\"left\",\"bildetekstChkbox\":\"\",\"bildetekst\":\"\",\"bildetekstposisjon\":\"left\"}}},\"23\":\"<p>P\\u00e5 historiske Kristiansten festning i Trondheim ligger <strong>Restaurant Kommandanten<\\/strong> i den gamle kommandant-boligen.<\\/p>\",\"25\":\"Festningen servering og kulturarena\",\"22\":[\"8\"]}}','2017-02-28 16:19:05','2017-02-28 16:19:05','8de49691-4cec-4ab3-8f4b-c7af71126863'),(140,2,1,1,'nb_no',89,'','{\"typeId\":null,\"authorId\":null,\"title\":\"Forside\",\"slug\":\"forside\",\"postDate\":1486740585,\"expiryDate\":null,\"enabled\":1,\"parentId\":null,\"fields\":{\"26\":{\"39\":{\"type\":\"5\",\"fields\":{\"tittel\":\"\\u00c5pningstider\",\"ikon\":[\"15\"],\"rikTekst\":\"<table><tbody><tr><td>Tirsdag - Fredag<\\/td><td>11:00 - 23:00<\\/td><\\/tr><tr><td>L\\u00f8rdag - S\\u00f8ndag<\\/td><td>11:00 - 23:00<\\/td><\\/tr><\\/tbody><\\/table>\\r\\n<p>M\\u00f8ter og lukkede selskap etter avtale<\\/p>\",\"knapp\":\"<p><a href=\\\"tel:2045052666\\\">TLF: 450 52 666<\\/a><\\/p>\"}},\"40\":{\"type\":\"5\",\"fields\":{\"tittel\":\"Booking\",\"ikon\":[\"16\"],\"rikTekst\":\"<p>Reserver bord eller book <strong>egne dedikerte&nbsp;selskapslokaler<\\/strong> med eget vertskap og&nbsp;underholdning<\\/p>\",\"knapp\":\"<p><a href=\\\"mailto:kommandanten@festningenservering.no\\\">Send epost<\\/a><\\/p>\"}}},\"104\":{\"51\":{\"type\":\"6\",\"fields\":{\"tittel\":\"Booking\",\"ikon\":[\"16\"],\"tekst\":\"Reserver selskalslokaler eller bord i restauranten\",\"map\":{\"lat\":\"63.42689290000001\",\"lng\":\"10.41063889999998\",\"zoom\":\"15\",\"address\":\"Kristiansten Festning, 7015 Trondheim, Norge\",\"parts\":{\"establishment\":\"Kristiansten Festning\",\"establishment_short\":\"Kristiansten Festning\",\"locality\":\"Trondheim\",\"locality_short\":\"Trondheim\",\"postal_town\":\"Trondheim\",\"postal_town_short\":\"Trondheim\",\"administrative_area_level_2\":\"Trondheim\",\"administrative_area_level_2_short\":\"Trondheim\",\"administrative_area_level_1\":\"S\\u00f8r-Tr\\u00f8ndelag\",\"administrative_area_level_1_short\":\"S\\u00f8r-Tr\\u00f8ndelag\",\"country\":\"Norge\",\"country_short\":\"NO\",\"postal_code\":\"7015\",\"postal_code_short\":\"7015\"}}}}},\"46\":{\"37\":{\"modified\":\"0\",\"type\":\"designblokk\",\"enabled\":\"1\",\"collapsed\":\"0\",\"level\":\"0\",\"fields\":{\"mellomrom\":\"begge\",\"tekstChkbox\":\"1\",\"rikTekst\":\"<h2>Restauranten<\\/h2>\\r\\n<p>Lorem ipsum dolor sit amet, consectetur adipiscing elit, sed do eiusmod tempor incididunt ut labore et dolore magna aliqua. Ut enim ad minim veniam, quis nostrud exercitation ullamco laboris nisi.<\\/p>\\r\\n<p><a href=\\\"http:\\/\\/festningen.local\\/restaurant#entry:3:url\\\"><strong>Les mer<\\/strong><\\/a><\\/p>\",\"antallKolonner\":\"1\",\"bildeChkbox\":\"1\",\"bilde\":[\"7\"],\"bildeposisjon\":\"right\",\"bildetekstChkbox\":\"\",\"bildetekst\":\"\",\"bildetekstposisjon\":\"left\"}},\"169\":{\"modified\":\"0\",\"type\":\"vareMenyer\",\"enabled\":\"1\",\"collapsed\":\"0\",\"level\":\"0\",\"fields\":{\"vareMenyer\":{\"170\":{\"type\":\"2\",\"fields\":{\"ikon\":\"\",\"tekst\":\"<h3>Ukens 3-retter, klassisk meny og god gammeldags lunsj<\\/h3>\\r\\n<p>Lorem ipsum dolor sit amet, consectetur adipiscing elit, sed do eiusmod tempor incididunt ut l abore et dolore magna aliqua. Ut enim ad minim veniam, quis nostrud exercitation ullamco laboris nisi. sed do eiusmod tempor incididunt ut l abore et dolore magna aliqua. Ut enim ad minim veniam, quis nostrud exercitation ullamco laboris nisi. sed do eiusmod tempor incididunt ut l abore et dolore magna aliqua. Ut enim ad minim veniam, quis nostrud exercitation ullamco laboris nisi.sed do eiusmod tempor incididunt ut l abore et dolore magna aliqua. Ut enim ad minim veniam, quis nostrud exercitation ullamco laboris nisi.<\\/p>\\r\\n<p><strong><a href=\\\"http:\\/\\/festningen.local\\/restaurant#entry:3:url\\\">Les mer <\\/a>&nbsp;<\\/strong><\\/p>\"}},\"171\":{\"type\":\"2\",\"fields\":{\"ikon\":[\"29\"],\"tekst\":\"<h3>V\\u00e5re menyer<\\/h3>\\r\\n<table><tbody><tr><td>Ukens 3-retter<\\/td><td>11:00 - 16:00<\\/td><\\/tr><tr><td>Klassisk meny<\\/td><td>16:00 - 23:00<\\/td><\\/tr><tr><td>Lunsjmeny<\\/td><td>16:00 - 23:00<\\/td><\\/tr><\\/tbody><\\/table>\\r\\n<p><a href=\\\"http:\\/\\/festningen.local\\/restaurant#entry:3:url\\\"><strong>Les mer<\\/strong><\\/a><\\/p>\"}}}}},\"38\":{\"modified\":\"0\",\"type\":\"designblokk\",\"enabled\":\"1\",\"collapsed\":\"0\",\"level\":\"0\",\"fields\":{\"mellomrom\":\"ingen\",\"tekstChkbox\":\"\",\"rikTekst\":\"<h2>Restauranten<\\/h2>\\r\\n<p><br>Lorem ipsum dolor sit amet<\\/p>\",\"bildeChkbox\":\"1\",\"bilde\":[\"166\"],\"bildeposisjon\":\"full\",\"bildetekstChkbox\":\"\",\"bildetekst\":\"\",\"bildetekstposisjon\":\"left\"}},\"45\":{\"modified\":\"1\",\"type\":\"designblokk\",\"enabled\":\"1\",\"collapsed\":\"0\",\"level\":\"0\",\"fields\":{\"mellomrom\":\"begge\",\"tekstChkbox\":\"1\",\"rikTekst\":\"<h2>Selskap<\\/h2>\\r\\n<p>Lorem ipsum dolor sit amet, bryllup adipiscing elit, sed do eiusmod d\\u00e5p og minnestund incididunt ut labore et dolore magna aliqua. Juleord og juleselskap enim ad minim veniam, quis nostrud exercitation ullamco laboris nisi.<\\/p>\\r\\n<p><br><\\/p>\\r\\n<p><a href=\\\"http:\\/\\/festningen.local\\/selskap#entry:4:url\\\">Les mer<\\/a><\\/p>\",\"antallKolonner\":\"1\",\"bildeChkbox\":\"1\",\"bilde\":[\"178\"],\"bildeposisjon\":\"right\",\"bildetekstChkbox\":\"\",\"bildetekst\":\"\",\"bildetekstposisjon\":\"left\"}},\"46\":{\"modified\":\"1\",\"type\":\"designblokk\",\"enabled\":\"1\",\"collapsed\":\"0\",\"level\":\"0\",\"fields\":{\"mellomrom\":\"begge\",\"tekstChkbox\":\"1\",\"rikTekst\":\"<h2>Historiske omgivelser<\\/h2>\\r\\n<p>Lorem ipsum dolor sit amet, bryllup adipiscing elit, sed do eiusmod d\\u00e5p og minnestund incididunt ut labore et dolore magna aliqua. Juleord og juleselskap enim ad minim veniam, quis nostrud exercitation ullamco laboris nisi.<\\/p>\\r\\n<p><a href=\\\"http:\\/\\/festningen.local\\/selskap#entry:4:url\\\">Les mer<\\/a><\\/p>\",\"bildeChkbox\":\"1\",\"bilde\":[\"162\"],\"bildeposisjon\":\"left\",\"bildetekstChkbox\":\"\",\"bildetekst\":\"\",\"bildetekstposisjon\":\"left\"}}},\"23\":\"<p>P\\u00e5 historiske Kristiansten festning i Trondheim ligger <strong>Restaurant Kommandanten<\\/strong> i den gamle kommandant-boligen.<\\/p>\",\"25\":\"Festningen servering og kulturarena\",\"22\":[\"176\"]}}','2017-02-28 16:27:33','2017-02-28 16:27:33','a631b2d3-76e2-463b-9ee1-9df771cd93fa'),(141,2,1,1,'nb_no',90,'','{\"typeId\":null,\"authorId\":null,\"title\":\"Forside\",\"slug\":\"forside\",\"postDate\":1486740585,\"expiryDate\":null,\"enabled\":1,\"parentId\":null,\"fields\":{\"26\":{\"39\":{\"type\":\"5\",\"fields\":{\"tittel\":\"\\u00c5pningstider\",\"ikon\":[\"15\"],\"rikTekst\":\"<table><tbody><tr><td>Tirsdag - Fredag<\\/td><td>11:00 - 23:00<\\/td><\\/tr><tr><td>L\\u00f8rdag - S\\u00f8ndag<\\/td><td>11:00 - 23:00<\\/td><\\/tr><\\/tbody><\\/table>\\r\\n<p>M\\u00f8ter og lukkede selskap etter avtale<\\/p>\",\"knapp\":\"<p><a href=\\\"tel:2045052666\\\">TLF: 450 52 666<\\/a><\\/p>\"}},\"40\":{\"type\":\"5\",\"fields\":{\"tittel\":\"Booking\",\"ikon\":[\"16\"],\"rikTekst\":\"<p>Reserver bord eller book <strong>egne dedikerte&nbsp;selskapslokaler<\\/strong> med eget vertskap og&nbsp;underholdning<\\/p>\",\"knapp\":\"<p><a href=\\\"mailto:kommandanten@festningenservering.no\\\">Send epost<\\/a><\\/p>\"}}},\"104\":{\"51\":{\"type\":\"6\",\"fields\":{\"tittel\":\"Booking\",\"ikon\":[\"16\"],\"tekst\":\"Reserver selskalslokaler eller bord i restauranten\",\"map\":{\"lat\":\"63.42689290000001\",\"lng\":\"10.41063889999998\",\"zoom\":\"15\",\"address\":\"Kristiansten Festning, 7015 Trondheim, Norge\",\"parts\":{\"establishment\":\"Kristiansten Festning\",\"establishment_short\":\"Kristiansten Festning\",\"locality\":\"Trondheim\",\"locality_short\":\"Trondheim\",\"postal_town\":\"Trondheim\",\"postal_town_short\":\"Trondheim\",\"administrative_area_level_2\":\"Trondheim\",\"administrative_area_level_2_short\":\"Trondheim\",\"administrative_area_level_1\":\"S\\u00f8r-Tr\\u00f8ndelag\",\"administrative_area_level_1_short\":\"S\\u00f8r-Tr\\u00f8ndelag\",\"country\":\"Norge\",\"country_short\":\"NO\",\"postal_code\":\"7015\",\"postal_code_short\":\"7015\"}}}}},\"46\":{\"37\":{\"modified\":\"0\",\"type\":\"designblokk\",\"enabled\":\"1\",\"collapsed\":\"0\",\"level\":\"0\",\"fields\":{\"mellomrom\":\"begge\",\"tekstChkbox\":\"1\",\"rikTekst\":\"<h2>Restauranten<\\/h2>\\r\\n<p>Lorem ipsum dolor sit amet, consectetur adipiscing elit, sed do eiusmod tempor incididunt ut labore et dolore magna aliqua. Ut enim ad minim veniam, quis nostrud exercitation ullamco laboris nisi.<\\/p>\\r\\n<p><a href=\\\"http:\\/\\/festningen.local\\/restaurant#entry:3:url\\\"><strong>Les mer<\\/strong><\\/a><\\/p>\",\"antallKolonner\":\"1\",\"bildeChkbox\":\"1\",\"bilde\":[\"7\"],\"bildeposisjon\":\"right\",\"bildetekstChkbox\":\"\",\"bildetekst\":\"\",\"bildetekstposisjon\":\"left\"}},\"169\":{\"modified\":\"0\",\"type\":\"vareMenyer\",\"enabled\":\"1\",\"collapsed\":\"0\",\"level\":\"0\",\"fields\":{\"vareMenyer\":{\"170\":{\"type\":\"2\",\"fields\":{\"ikon\":\"\",\"tekst\":\"<h3>Ukens 3-retter, klassisk meny og god gammeldags lunsj<\\/h3>\\r\\n<p>Lorem ipsum dolor sit amet, consectetur adipiscing elit, sed do eiusmod tempor incididunt ut l abore et dolore magna aliqua. Ut enim ad minim veniam, quis nostrud exercitation ullamco laboris nisi. sed do eiusmod tempor incididunt ut l abore et dolore magna aliqua. Ut enim ad minim veniam, quis nostrud exercitation ullamco laboris nisi. sed do eiusmod tempor incididunt ut l abore et dolore magna aliqua. Ut enim ad minim veniam, quis nostrud exercitation ullamco laboris nisi.sed do eiusmod tempor incididunt ut l abore et dolore magna aliqua. Ut enim ad minim veniam, quis nostrud exercitation ullamco laboris nisi.<\\/p>\\r\\n<p><strong><a href=\\\"http:\\/\\/festningen.local\\/restaurant#entry:3:url\\\">Les mer <\\/a>&nbsp;<\\/strong><\\/p>\"}},\"171\":{\"type\":\"2\",\"fields\":{\"ikon\":[\"29\"],\"tekst\":\"<h3>V\\u00e5re menyer<\\/h3>\\r\\n<table><tbody><tr><td>Ukens 3-retter<\\/td><td>11:00 - 16:00<\\/td><\\/tr><tr><td>Klassisk meny<\\/td><td>16:00 - 23:00<\\/td><\\/tr><tr><td>Lunsjmeny<\\/td><td>16:00 - 23:00<\\/td><\\/tr><\\/tbody><\\/table>\\r\\n<p><a href=\\\"http:\\/\\/festningen.local\\/restaurant#entry:3:url\\\"><strong>Les mer<\\/strong><\\/a><\\/p>\"}}}}},\"38\":{\"modified\":\"0\",\"type\":\"designblokk\",\"enabled\":\"1\",\"collapsed\":\"0\",\"level\":\"0\",\"fields\":{\"mellomrom\":\"ingen\",\"tekstChkbox\":\"\",\"rikTekst\":\"<h2>Restauranten<\\/h2>\\r\\n<p><br>Lorem ipsum dolor sit amet<\\/p>\",\"bildeChkbox\":\"1\",\"bilde\":[\"166\"],\"bildeposisjon\":\"full\",\"bildetekstChkbox\":\"\",\"bildetekst\":\"\",\"bildetekstposisjon\":\"left\"}},\"45\":{\"modified\":\"0\",\"type\":\"designblokk\",\"enabled\":\"1\",\"collapsed\":\"0\",\"level\":\"0\",\"fields\":{\"mellomrom\":\"begge\",\"tekstChkbox\":\"1\",\"rikTekst\":\"<h2>Selskap<\\/h2>\\r\\n<p>Lorem ipsum dolor sit amet, bryllup adipiscing elit, sed do eiusmod d\\u00e5p og minnestund incididunt ut labore et dolore magna aliqua. Juleord og juleselskap enim ad minim veniam, quis nostrud exercitation ullamco laboris nisi.<\\/p>\\r\\n<p><br><\\/p>\\r\\n<p><a href=\\\"http:\\/\\/festningen.local\\/selskap#entry:4:url\\\">Les mer<\\/a><\\/p>\",\"antallKolonner\":\"1\",\"bildeChkbox\":\"1\",\"bilde\":[\"178\"],\"bildeposisjon\":\"right\",\"bildetekstChkbox\":\"\",\"bildetekst\":\"\",\"bildetekstposisjon\":\"left\"}},\"46\":{\"modified\":\"0\",\"type\":\"designblokk\",\"enabled\":\"1\",\"collapsed\":\"0\",\"level\":\"0\",\"fields\":{\"mellomrom\":\"begge\",\"tekstChkbox\":\"1\",\"rikTekst\":\"<h2>Historiske omgivelser<\\/h2>\\r\\n<p>Lorem ipsum dolor sit amet, bryllup adipiscing elit, sed do eiusmod d\\u00e5p og minnestund incididunt ut labore et dolore magna aliqua. Juleord og juleselskap enim ad minim veniam, quis nostrud exercitation ullamco laboris nisi.<\\/p>\\r\\n<p><a href=\\\"http:\\/\\/festningen.local\\/selskap#entry:4:url\\\">Les mer<\\/a><\\/p>\",\"bildeChkbox\":\"1\",\"bilde\":[\"162\"],\"bildeposisjon\":\"left\",\"bildetekstChkbox\":\"\",\"bildetekst\":\"\",\"bildetekstposisjon\":\"left\"}}},\"23\":\"<p>P\\u00e5 historiske Kristiansten festning i Trondheim ligger <strong>Restaurant Kommandanten<\\/strong> i den gamle kommandant-boligen.<\\/p>\",\"25\":\"Festningen servering og kulturarena\",\"22\":[\"176\"]}}','2017-02-28 16:29:42','2017-02-28 16:29:42','be2e10c7-7fab-4f4b-8857-53fea5e8da4b'),(142,2,1,1,'nb_no',91,'','{\"typeId\":null,\"authorId\":null,\"title\":\"Forside\",\"slug\":\"forside\",\"postDate\":1486740585,\"expiryDate\":null,\"enabled\":1,\"parentId\":null,\"fields\":{\"26\":{\"39\":{\"type\":\"5\",\"fields\":{\"tittel\":\"\\u00c5pningstider\",\"ikon\":[\"15\"],\"rikTekst\":\"<table><tbody><tr><td>Tirsdag - Fredag<\\/td><td>11:00 - 23:00<\\/td><\\/tr><tr><td>L\\u00f8rdag - S\\u00f8ndag<\\/td><td>11:00 - 23:00<\\/td><\\/tr><\\/tbody><\\/table>\\r\\n<p>M\\u00f8ter og lukkede selskap etter avtale<\\/p>\",\"knapp\":\"<p><a href=\\\"tel:2045052666\\\">TLF: 450 52 666<\\/a><\\/p>\"}},\"40\":{\"type\":\"5\",\"fields\":{\"tittel\":\"Booking\",\"ikon\":[\"16\"],\"rikTekst\":\"<p>Reserver bord eller book <strong>egne dedikerte&nbsp;selskapslokaler<\\/strong> med eget vertskap og&nbsp;underholdning<\\/p>\",\"knapp\":\"<p><a href=\\\"mailto:kommandanten@festningenservering.no\\\">Send epost<\\/a><\\/p>\"}}},\"104\":{\"51\":{\"type\":\"6\",\"fields\":{\"tittel\":\"Booking\",\"ikon\":[\"16\"],\"tekst\":\"Reserver selskalslokaler eller bord i restauranten\",\"map\":{\"lat\":\"63.42689290000001\",\"lng\":\"10.41063889999998\",\"zoom\":\"15\",\"address\":\"Kristiansten Festning, 7015 Trondheim, Norge\",\"parts\":{\"establishment\":\"Kristiansten Festning\",\"establishment_short\":\"Kristiansten Festning\",\"locality\":\"Trondheim\",\"locality_short\":\"Trondheim\",\"postal_town\":\"Trondheim\",\"postal_town_short\":\"Trondheim\",\"administrative_area_level_2\":\"Trondheim\",\"administrative_area_level_2_short\":\"Trondheim\",\"administrative_area_level_1\":\"S\\u00f8r-Tr\\u00f8ndelag\",\"administrative_area_level_1_short\":\"S\\u00f8r-Tr\\u00f8ndelag\",\"country\":\"Norge\",\"country_short\":\"NO\",\"postal_code\":\"7015\",\"postal_code_short\":\"7015\"}}}}},\"46\":{\"37\":{\"modified\":\"0\",\"type\":\"designblokk\",\"enabled\":\"1\",\"collapsed\":\"0\",\"level\":\"0\",\"fields\":{\"mellomrom\":\"begge\",\"tekstChkbox\":\"1\",\"rikTekst\":\"<h2>Restauranten<\\/h2>\\r\\n<p>Lorem ipsum dolor sit amet, consectetur adipiscing elit, sed do eiusmod tempor incididunt ut labore et dolore magna aliqua. Ut enim ad minim veniam, quis nostrud exercitation ullamco laboris nisi.<\\/p>\\r\\n<p><a href=\\\"http:\\/\\/festningen.local\\/restaurant#entry:3:url\\\"><strong>Les mer<\\/strong><\\/a><\\/p>\",\"antallKolonner\":\"1\",\"bildeChkbox\":\"1\",\"bilde\":[\"7\"],\"bildeposisjon\":\"right\",\"bildetekstChkbox\":\"\",\"bildetekst\":\"\",\"bildetekstposisjon\":\"left\"}},\"169\":{\"modified\":\"0\",\"type\":\"vareMenyer\",\"enabled\":\"1\",\"collapsed\":\"0\",\"level\":\"0\",\"fields\":{\"vareMenyer\":{\"170\":{\"type\":\"2\",\"fields\":{\"ikon\":\"\",\"tekst\":\"<h3>Ukens 3-retter, klassisk meny og god gammeldags lunsj<\\/h3>\\r\\n<p>Lorem ipsum dolor sit amet, consectetur adipiscing elit, sed do eiusmod tempor incididunt ut l abore et dolore magna aliqua. Ut enim ad minim veniam, quis nostrud exercitation ullamco laboris nisi. sed do eiusmod tempor incididunt ut l abore et dolore magna aliqua. Ut enim ad minim veniam, quis nostrud exercitation ullamco laboris nisi. sed do eiusmod tempor incididunt ut l abore et dolore magna aliqua. Ut enim ad minim veniam, quis nostrud exercitation ullamco laboris nisi.sed do eiusmod tempor incididunt ut l abore et dolore magna aliqua. Ut enim ad minim veniam, quis nostrud exercitation ullamco laboris nisi.<\\/p>\\r\\n<p><strong><a href=\\\"http:\\/\\/festningen.local\\/restaurant#entry:3:url\\\">Les mer <\\/a>&nbsp;<\\/strong><\\/p>\"}},\"171\":{\"type\":\"2\",\"fields\":{\"ikon\":[\"29\"],\"tekst\":\"<h3>V\\u00e5re menyer<\\/h3>\\r\\n<table><tbody><tr><td>Ukens 3-retter<\\/td><td>11:00 - 16:00<\\/td><\\/tr><tr><td>Klassisk meny<\\/td><td>16:00 - 23:00<\\/td><\\/tr><tr><td>Lunsjmeny<\\/td><td>16:00 - 23:00<\\/td><\\/tr><\\/tbody><\\/table>\\r\\n<p><a href=\\\"http:\\/\\/festningen.local\\/restaurant#entry:3:url\\\"><strong>Les mer<\\/strong><\\/a><\\/p>\"}}}}},\"38\":{\"modified\":\"0\",\"type\":\"designblokk\",\"enabled\":\"1\",\"collapsed\":\"0\",\"level\":\"0\",\"fields\":{\"mellomrom\":\"ingen\",\"tekstChkbox\":\"\",\"rikTekst\":\"<h2>Restauranten<\\/h2>\\r\\n<p><br>Lorem ipsum dolor sit amet<\\/p>\",\"bildeChkbox\":\"1\",\"bilde\":[\"166\"],\"bildeposisjon\":\"full\",\"bildetekstChkbox\":\"\",\"bildetekst\":\"\",\"bildetekstposisjon\":\"left\"}},\"45\":{\"modified\":\"0\",\"type\":\"designblokk\",\"enabled\":\"1\",\"collapsed\":\"0\",\"level\":\"0\",\"fields\":{\"mellomrom\":\"begge\",\"tekstChkbox\":\"1\",\"rikTekst\":\"<h2>Selskap<\\/h2>\\r\\n<p>Lorem ipsum dolor sit amet, bryllup adipiscing elit, sed do eiusmod d\\u00e5p og minnestund incididunt ut labore et dolore magna aliqua. Juleord og juleselskap enim ad minim veniam, quis nostrud exercitation ullamco laboris nisi.<\\/p>\\r\\n<p><br><\\/p>\\r\\n<p><a href=\\\"http:\\/\\/festningen.local\\/selskap#entry:4:url\\\">Les mer<\\/a><\\/p>\",\"antallKolonner\":\"1\",\"bildeChkbox\":\"1\",\"bilde\":[\"178\"],\"bildeposisjon\":\"right\",\"bildetekstChkbox\":\"\",\"bildetekst\":\"\",\"bildetekstposisjon\":\"left\"}},\"46\":{\"modified\":\"0\",\"type\":\"designblokk\",\"enabled\":\"1\",\"collapsed\":\"0\",\"level\":\"0\",\"fields\":{\"mellomrom\":\"begge\",\"tekstChkbox\":\"1\",\"rikTekst\":\"<h2>Historiske omgivelser<\\/h2>\\r\\n<p>Lorem ipsum dolor sit amet, bryllup adipiscing elit, sed do eiusmod d\\u00e5p og minnestund incididunt ut labore et dolore magna aliqua. Juleord og juleselskap enim ad minim veniam, quis nostrud exercitation ullamco laboris nisi.<\\/p>\\r\\n<p><a href=\\\"http:\\/\\/festningen.local\\/selskap#entry:4:url\\\">Les mer<\\/a><\\/p>\",\"bildeChkbox\":\"1\",\"bilde\":[\"162\"],\"bildeposisjon\":\"left\",\"bildetekstChkbox\":\"\",\"bildetekst\":\"\",\"bildetekstposisjon\":\"left\"}}},\"23\":\"<p>P\\u00e5 historiske Kristiansten festning i Trondheim ligger <strong>Restaurant Kommandanten<\\/strong> i den gamle kommandant-boligen.<\\/p>\",\"25\":\"Festningen servering og kulturarena\",\"22\":[\"175\"]}}','2017-02-28 16:30:10','2017-02-28 16:30:10','a44eb210-6524-4c67-b34a-d42abaaeb55d'),(143,2,1,1,'nb_no',92,'','{\"typeId\":null,\"authorId\":null,\"title\":\"Forside\",\"slug\":\"forside\",\"postDate\":1486740585,\"expiryDate\":null,\"enabled\":1,\"parentId\":null,\"fields\":{\"26\":{\"39\":{\"type\":\"5\",\"fields\":{\"tittel\":\"\\u00c5pningstider\",\"ikon\":[\"15\"],\"rikTekst\":\"<table><tbody><tr><td>Tirsdag - Fredag<\\/td><td>11:00 - 23:00<\\/td><\\/tr><tr><td>L\\u00f8rdag - S\\u00f8ndag<\\/td><td>11:00 - 23:00<\\/td><\\/tr><\\/tbody><\\/table>\\r\\n<p>M\\u00f8ter og lukkede selskap etter avtale<\\/p>\",\"knapp\":\"<p><a href=\\\"tel:2045052666\\\">TLF: 450 52 666<\\/a><\\/p>\"}},\"40\":{\"type\":\"5\",\"fields\":{\"tittel\":\"Booking\",\"ikon\":[\"16\"],\"rikTekst\":\"<p>Reserver bord eller book <strong>egne dedikerte&nbsp;selskapslokaler<\\/strong> med eget vertskap og&nbsp;underholdning<\\/p>\",\"knapp\":\"<p><a href=\\\"mailto:kommandanten@festningenservering.no\\\">Send epost<\\/a><\\/p>\"}}},\"104\":{\"51\":{\"type\":\"6\",\"fields\":{\"tittel\":\"Booking\",\"ikon\":[\"16\"],\"tekst\":\"Reserver selskalslokaler eller bord i restauranten\",\"map\":{\"lat\":\"63.42689290000001\",\"lng\":\"10.41063889999998\",\"zoom\":\"15\",\"address\":\"Kristiansten Festning, 7015 Trondheim, Norge\",\"parts\":{\"establishment\":\"Kristiansten Festning\",\"establishment_short\":\"Kristiansten Festning\",\"locality\":\"Trondheim\",\"locality_short\":\"Trondheim\",\"postal_town\":\"Trondheim\",\"postal_town_short\":\"Trondheim\",\"administrative_area_level_2\":\"Trondheim\",\"administrative_area_level_2_short\":\"Trondheim\",\"administrative_area_level_1\":\"S\\u00f8r-Tr\\u00f8ndelag\",\"administrative_area_level_1_short\":\"S\\u00f8r-Tr\\u00f8ndelag\",\"country\":\"Norge\",\"country_short\":\"NO\",\"postal_code\":\"7015\",\"postal_code_short\":\"7015\"}}}}},\"46\":{\"37\":{\"modified\":\"0\",\"type\":\"designblokk\",\"enabled\":\"1\",\"collapsed\":\"0\",\"level\":\"0\",\"fields\":{\"mellomrom\":\"begge\",\"tekstChkbox\":\"1\",\"rikTekst\":\"<h2>Restauranten<\\/h2>\\r\\n<p>Lorem ipsum dolor sit amet, consectetur adipiscing elit, sed do eiusmod tempor incididunt ut labore et dolore magna aliqua. Ut enim ad minim veniam, quis nostrud exercitation ullamco laboris nisi.<\\/p>\\r\\n<p><a href=\\\"http:\\/\\/festningen.local\\/restaurant#entry:3:url\\\"><strong>Les mer<\\/strong><\\/a><\\/p>\",\"antallKolonner\":\"1\",\"bildeChkbox\":\"1\",\"bilde\":[\"7\"],\"bildeposisjon\":\"right\",\"bildetekstChkbox\":\"\",\"bildetekst\":\"\",\"bildetekstposisjon\":\"left\"}},\"169\":{\"modified\":\"0\",\"type\":\"vareMenyer\",\"enabled\":\"1\",\"collapsed\":\"0\",\"level\":\"0\",\"fields\":{\"vareMenyer\":{\"170\":{\"type\":\"2\",\"fields\":{\"ikon\":\"\",\"tekst\":\"<h3>Ukens 3-retter, klassisk meny og god gammeldags lunsj<\\/h3>\\r\\n<p>Lorem ipsum dolor sit amet, consectetur adipiscing elit, sed do eiusmod tempor incididunt ut l abore et dolore magna aliqua. Ut enim ad minim veniam, quis nostrud exercitation ullamco laboris nisi. sed do eiusmod tempor incididunt ut l abore et dolore magna aliqua. Ut enim ad minim veniam, quis nostrud exercitation ullamco laboris nisi. sed do eiusmod tempor incididunt ut l abore et dolore magna aliqua. Ut enim ad minim veniam, quis nostrud exercitation ullamco laboris nisi.sed do eiusmod tempor incididunt ut l abore et dolore magna aliqua. Ut enim ad minim veniam, quis nostrud exercitation ullamco laboris nisi.<\\/p>\\r\\n<p><strong><a href=\\\"http:\\/\\/festningen.local\\/restaurant#entry:3:url\\\">Les mer <\\/a>&nbsp;<\\/strong><\\/p>\"}},\"171\":{\"type\":\"2\",\"fields\":{\"ikon\":[\"29\"],\"tekst\":\"<h3>V\\u00e5re menyer<\\/h3>\\r\\n<table><tbody><tr><td>Ukens 3-retter<\\/td><td>11:00 - 16:00<\\/td><\\/tr><tr><td>Klassisk meny<\\/td><td>16:00 - 23:00<\\/td><\\/tr><tr><td>Lunsjmeny<\\/td><td>16:00 - 23:00<\\/td><\\/tr><\\/tbody><\\/table>\\r\\n<p><a href=\\\"http:\\/\\/festningen.local\\/restaurant#entry:3:url\\\"><strong>Les mer<\\/strong><\\/a><\\/p>\"}}}}},\"38\":{\"modified\":\"0\",\"type\":\"designblokk\",\"enabled\":\"1\",\"collapsed\":\"0\",\"level\":\"0\",\"fields\":{\"mellomrom\":\"ingen\",\"tekstChkbox\":\"\",\"rikTekst\":\"<h2>Restauranten<\\/h2>\\r\\n<p><br>Lorem ipsum dolor sit amet<\\/p>\",\"bildeChkbox\":\"1\",\"bilde\":[\"166\"],\"bildeposisjon\":\"full\",\"bildetekstChkbox\":\"\",\"bildetekst\":\"\",\"bildetekstposisjon\":\"left\"}},\"45\":{\"modified\":\"0\",\"type\":\"designblokk\",\"enabled\":\"1\",\"collapsed\":\"0\",\"level\":\"0\",\"fields\":{\"mellomrom\":\"begge\",\"tekstChkbox\":\"1\",\"rikTekst\":\"<h2>Selskap<\\/h2>\\r\\n<p>Lorem ipsum dolor sit amet, bryllup adipiscing elit, sed do eiusmod d\\u00e5p og minnestund incididunt ut labore et dolore magna aliqua. Juleord og juleselskap enim ad minim veniam, quis nostrud exercitation ullamco laboris nisi.<\\/p>\\r\\n<p><br><\\/p>\\r\\n<p><a href=\\\"http:\\/\\/festningen.local\\/selskap#entry:4:url\\\">Les mer<\\/a><\\/p>\",\"antallKolonner\":\"1\",\"bildeChkbox\":\"1\",\"bilde\":[\"178\"],\"bildeposisjon\":\"right\",\"bildetekstChkbox\":\"\",\"bildetekst\":\"\",\"bildetekstposisjon\":\"left\"}},\"46\":{\"modified\":\"0\",\"type\":\"designblokk\",\"enabled\":\"1\",\"collapsed\":\"0\",\"level\":\"0\",\"fields\":{\"mellomrom\":\"begge\",\"tekstChkbox\":\"1\",\"rikTekst\":\"<h2>Historiske omgivelser<\\/h2>\\r\\n<p>Lorem ipsum dolor sit amet, bryllup adipiscing elit, sed do eiusmod d\\u00e5p og minnestund incididunt ut labore et dolore magna aliqua. Juleord og juleselskap enim ad minim veniam, quis nostrud exercitation ullamco laboris nisi.<\\/p>\\r\\n<p><a href=\\\"http:\\/\\/festningen.local\\/selskap#entry:4:url\\\">Les mer<\\/a><\\/p>\",\"bildeChkbox\":\"1\",\"bilde\":[\"162\"],\"bildeposisjon\":\"left\",\"bildetekstChkbox\":\"\",\"bildetekst\":\"\",\"bildetekstposisjon\":\"left\"}}},\"23\":\"<p>P\\u00e5 historiske Kristiansten festning i Trondheim ligger <strong>Restaurant Kommandanten<\\/strong> i den gamle kommandant-boligen.<\\/p>\",\"25\":\"Festningen servering og kulturarena\",\"22\":[\"175\"]}}','2017-02-28 16:30:30','2017-02-28 16:30:30','73cc738e-b7cb-4d1f-a259-bc18585858ee'),(144,2,1,1,'nb_no',93,'','{\"typeId\":null,\"authorId\":null,\"title\":\"Forside\",\"slug\":\"forside\",\"postDate\":1486740585,\"expiryDate\":null,\"enabled\":1,\"parentId\":null,\"fields\":{\"26\":{\"39\":{\"type\":\"5\",\"fields\":{\"tittel\":\"\\u00c5pningstider\",\"ikon\":[\"15\"],\"rikTekst\":\"<table><tbody><tr><td>Tirsdag - Fredag<\\/td><td>11:00 - 23:00<\\/td><\\/tr><tr><td>L\\u00f8rdag - S\\u00f8ndag<\\/td><td>11:00 - 23:00<\\/td><\\/tr><\\/tbody><\\/table>\\r\\n<p>M\\u00f8ter og lukkede selskap etter avtale<\\/p>\",\"knapp\":\"<p><a href=\\\"tel:2045052666\\\">TLF: 450 52 666<\\/a><\\/p>\"}},\"40\":{\"type\":\"5\",\"fields\":{\"tittel\":\"Booking\",\"ikon\":[\"16\"],\"rikTekst\":\"<p>Reserver bord eller book <strong>egne dedikerte&nbsp;selskapslokaler<\\/strong> med eget vertskap og&nbsp;underholdning<\\/p>\",\"knapp\":\"<p><a href=\\\"mailto:kommandanten@festningenservering.no\\\">Send epost<\\/a><\\/p>\"}}},\"104\":{\"51\":{\"type\":\"6\",\"fields\":{\"tittel\":\"Booking\",\"ikon\":[\"16\"],\"tekst\":\"Reserver selskalslokaler eller bord i restauranten\",\"map\":{\"lat\":\"63.42689290000001\",\"lng\":\"10.41063889999998\",\"zoom\":\"15\",\"address\":\"Kristiansten Festning, 7015 Trondheim, Norge\",\"parts\":{\"establishment\":\"Kristiansten Festning\",\"establishment_short\":\"Kristiansten Festning\",\"locality\":\"Trondheim\",\"locality_short\":\"Trondheim\",\"postal_town\":\"Trondheim\",\"postal_town_short\":\"Trondheim\",\"administrative_area_level_2\":\"Trondheim\",\"administrative_area_level_2_short\":\"Trondheim\",\"administrative_area_level_1\":\"S\\u00f8r-Tr\\u00f8ndelag\",\"administrative_area_level_1_short\":\"S\\u00f8r-Tr\\u00f8ndelag\",\"country\":\"Norge\",\"country_short\":\"NO\",\"postal_code\":\"7015\",\"postal_code_short\":\"7015\"}}}}},\"46\":{\"37\":{\"modified\":\"0\",\"type\":\"designblokk\",\"enabled\":\"1\",\"collapsed\":\"0\",\"level\":\"0\",\"fields\":{\"mellomrom\":\"begge\",\"tekstChkbox\":\"1\",\"rikTekst\":\"<h2>Restauranten<\\/h2>\\r\\n<p>Lorem ipsum dolor sit amet, consectetur adipiscing elit, sed do eiusmod tempor incididunt ut labore et dolore magna aliqua. Ut enim ad minim veniam, quis nostrud exercitation ullamco laboris nisi.<\\/p>\\r\\n<p><a href=\\\"http:\\/\\/festningen.local\\/restaurant#entry:3:url\\\"><strong>Les mer<\\/strong><\\/a><\\/p>\",\"antallKolonner\":\"1\",\"bildeChkbox\":\"1\",\"bilde\":[\"7\"],\"bildeposisjon\":\"right\",\"bildetekstChkbox\":\"\",\"bildetekst\":\"\",\"bildetekstposisjon\":\"left\"}},\"169\":{\"modified\":\"0\",\"type\":\"vareMenyer\",\"enabled\":\"1\",\"collapsed\":\"0\",\"level\":\"0\",\"fields\":{\"vareMenyer\":{\"170\":{\"type\":\"2\",\"fields\":{\"ikon\":\"\",\"tekst\":\"<h3>Ukens 3-retter, klassisk meny og god gammeldags lunsj<\\/h3>\\r\\n<p>Lorem ipsum dolor sit amet, consectetur adipiscing elit, sed do eiusmod tempor incididunt ut l abore et dolore magna aliqua. Ut enim ad minim veniam, quis nostrud exercitation ullamco laboris nisi. sed do eiusmod tempor incididunt ut l abore et dolore magna aliqua. Ut enim ad minim veniam, quis nostrud exercitation ullamco laboris nisi. sed do eiusmod tempor incididunt ut l abore et dolore magna aliqua. Ut enim ad minim veniam, quis nostrud exercitation ullamco laboris nisi.sed do eiusmod tempor incididunt ut l abore et dolore magna aliqua. Ut enim ad minim veniam, quis nostrud exercitation ullamco laboris nisi.<\\/p>\\r\\n<p><strong><a href=\\\"http:\\/\\/festningen.local\\/restaurant#entry:3:url\\\">Les mer <\\/a>&nbsp;<\\/strong><\\/p>\"}},\"171\":{\"type\":\"2\",\"fields\":{\"ikon\":[\"29\"],\"tekst\":\"<h3>V\\u00e5re menyer<\\/h3>\\r\\n<table><tbody><tr><td>Ukens 3-retter<\\/td><td>11:00 - 16:00<\\/td><\\/tr><tr><td>Klassisk meny<\\/td><td>16:00 - 23:00<\\/td><\\/tr><tr><td>Lunsjmeny<\\/td><td>16:00 - 23:00<\\/td><\\/tr><\\/tbody><\\/table>\\r\\n<p><a href=\\\"http:\\/\\/festningen.local\\/restaurant#entry:3:url\\\"><strong>Les mer<\\/strong><\\/a><\\/p>\"}}}}},\"38\":{\"modified\":\"0\",\"type\":\"designblokk\",\"enabled\":\"1\",\"collapsed\":\"0\",\"level\":\"0\",\"fields\":{\"mellomrom\":\"ingen\",\"tekstChkbox\":\"\",\"rikTekst\":\"<h2>Restauranten<\\/h2>\\r\\n<p><br>Lorem ipsum dolor sit amet<\\/p>\",\"bildeChkbox\":\"1\",\"bilde\":[\"166\"],\"bildeposisjon\":\"full\",\"bildetekstChkbox\":\"\",\"bildetekst\":\"\",\"bildetekstposisjon\":\"left\"}},\"45\":{\"modified\":\"0\",\"type\":\"designblokk\",\"enabled\":\"1\",\"collapsed\":\"0\",\"level\":\"0\",\"fields\":{\"mellomrom\":\"begge\",\"tekstChkbox\":\"1\",\"rikTekst\":\"<h2>Selskap<\\/h2>\\r\\n<p>Lorem ipsum dolor sit amet, bryllup adipiscing elit, sed do eiusmod d\\u00e5p og minnestund incididunt ut labore et dolore magna aliqua. Juleord og juleselskap enim ad minim veniam, quis nostrud exercitation ullamco laboris nisi.<\\/p>\\r\\n<p><br><\\/p>\\r\\n<p><a href=\\\"http:\\/\\/festningen.local\\/selskap#entry:4:url\\\">Les mer<\\/a><\\/p>\",\"antallKolonner\":\"1\",\"bildeChkbox\":\"1\",\"bilde\":[\"178\"],\"bildeposisjon\":\"right\",\"bildetekstChkbox\":\"\",\"bildetekst\":\"\",\"bildetekstposisjon\":\"left\"}},\"46\":{\"modified\":\"0\",\"type\":\"designblokk\",\"enabled\":\"1\",\"collapsed\":\"0\",\"level\":\"0\",\"fields\":{\"mellomrom\":\"begge\",\"tekstChkbox\":\"1\",\"rikTekst\":\"<h2>Historiske omgivelser<\\/h2>\\r\\n<p>Lorem ipsum dolor sit amet, bryllup adipiscing elit, sed do eiusmod d\\u00e5p og minnestund incididunt ut labore et dolore magna aliqua. Juleord og juleselskap enim ad minim veniam, quis nostrud exercitation ullamco laboris nisi.<\\/p>\\r\\n<p><a href=\\\"http:\\/\\/festningen.local\\/selskap#entry:4:url\\\">Les mer<\\/a><\\/p>\",\"bildeChkbox\":\"1\",\"bilde\":[\"162\"],\"bildeposisjon\":\"left\",\"bildetekstChkbox\":\"\",\"bildetekst\":\"\",\"bildetekstposisjon\":\"left\"}}},\"23\":\"<p>P\\u00e5 historiske Kristiansten festning i Trondheim ligger <strong>Restaurant Kommandanten<\\/strong> i den gamle kommandant-boligen.<\\/p>\",\"25\":\"Festningen servering og kulturarena\",\"22\":[\"9\"]}}','2017-02-28 16:31:11','2017-02-28 16:31:11','71cc3ac6-0877-4407-a4df-352f471f0542'),(145,2,1,1,'nb_no',94,'','{\"typeId\":null,\"authorId\":null,\"title\":\"Forside\",\"slug\":\"forside\",\"postDate\":1486740585,\"expiryDate\":null,\"enabled\":1,\"parentId\":null,\"fields\":{\"26\":{\"39\":{\"type\":\"5\",\"fields\":{\"tittel\":\"\\u00c5pningstider\",\"ikon\":[\"15\"],\"rikTekst\":\"<table><tbody><tr><td>Tirsdag - Fredag<\\/td><td>11:00 - 23:00<\\/td><\\/tr><tr><td>L\\u00f8rdag - S\\u00f8ndag<\\/td><td>11:00 - 23:00<\\/td><\\/tr><\\/tbody><\\/table>\\r\\n<p>M\\u00f8ter og lukkede selskap etter avtale<\\/p>\",\"knapp\":\"<p><a href=\\\"tel:2045052666\\\">TLF: 450 52 666<\\/a><\\/p>\"}},\"40\":{\"type\":\"5\",\"fields\":{\"tittel\":\"Booking\",\"ikon\":[\"16\"],\"rikTekst\":\"<p>Reserver bord eller book <strong>egne dedikerte&nbsp;selskapslokaler<\\/strong> med eget vertskap og&nbsp;underholdning<\\/p>\",\"knapp\":\"<p><a href=\\\"mailto:kommandanten@festningenservering.no\\\">Send epost<\\/a><\\/p>\"}}},\"104\":{\"51\":{\"type\":\"6\",\"fields\":{\"tittel\":\"Booking\",\"ikon\":[\"16\"],\"tekst\":\"Reserver selskalslokaler eller bord i restauranten\",\"map\":{\"lat\":\"63.42689290000001\",\"lng\":\"10.41063889999998\",\"zoom\":\"15\",\"address\":\"Kristiansten Festning, 7015 Trondheim, Norge\",\"parts\":{\"establishment\":\"Kristiansten Festning\",\"establishment_short\":\"Kristiansten Festning\",\"locality\":\"Trondheim\",\"locality_short\":\"Trondheim\",\"postal_town\":\"Trondheim\",\"postal_town_short\":\"Trondheim\",\"administrative_area_level_2\":\"Trondheim\",\"administrative_area_level_2_short\":\"Trondheim\",\"administrative_area_level_1\":\"S\\u00f8r-Tr\\u00f8ndelag\",\"administrative_area_level_1_short\":\"S\\u00f8r-Tr\\u00f8ndelag\",\"country\":\"Norge\",\"country_short\":\"NO\",\"postal_code\":\"7015\",\"postal_code_short\":\"7015\"}}}}},\"46\":{\"37\":{\"modified\":\"1\",\"type\":\"designblokk\",\"enabled\":\"1\",\"collapsed\":\"0\",\"level\":\"0\",\"fields\":{\"mellomrom\":\"begge\",\"tekstChkbox\":\"1\",\"rikTekst\":\"<h2>Restauranten<\\/h2>\\r\\n<p>Lorem ipsum dolor sit amet, consectetur adipiscing elit, sed do eiusmod tempor incididunt ut labore et dolore magna aliqua. Ut enim ad minim veniam, quis nostrud exercitation ullamco laboris nisi.<\\/p>\\r\\n<p><a href=\\\"http:\\/\\/festningen.local\\/restaurant#entry:3:url\\\"><strong>Les mer<\\/strong><\\/a><\\/p>\",\"antallKolonner\":\"1\",\"bildeChkbox\":\"1\",\"bilde\":[\"174\"],\"bildeposisjon\":\"right\",\"bildetekstChkbox\":\"\",\"bildetekst\":\"\",\"bildetekstposisjon\":\"left\"}},\"169\":{\"modified\":\"0\",\"type\":\"vareMenyer\",\"enabled\":\"1\",\"collapsed\":\"0\",\"level\":\"0\",\"fields\":{\"vareMenyer\":{\"170\":{\"type\":\"2\",\"fields\":{\"ikon\":\"\",\"tekst\":\"<h3>Ukens 3-retter, klassisk meny og god gammeldags lunsj<\\/h3>\\r\\n<p>Lorem ipsum dolor sit amet, consectetur adipiscing elit, sed do eiusmod tempor incididunt ut l abore et dolore magna aliqua. Ut enim ad minim veniam, quis nostrud exercitation ullamco laboris nisi. sed do eiusmod tempor incididunt ut l abore et dolore magna aliqua. Ut enim ad minim veniam, quis nostrud exercitation ullamco laboris nisi. sed do eiusmod tempor incididunt ut l abore et dolore magna aliqua. Ut enim ad minim veniam, quis nostrud exercitation ullamco laboris nisi.sed do eiusmod tempor incididunt ut l abore et dolore magna aliqua. Ut enim ad minim veniam, quis nostrud exercitation ullamco laboris nisi.<\\/p>\\r\\n<p><strong><a href=\\\"http:\\/\\/festningen.local\\/restaurant#entry:3:url\\\">Les mer <\\/a>&nbsp;<\\/strong><\\/p>\"}},\"171\":{\"type\":\"2\",\"fields\":{\"ikon\":[\"29\"],\"tekst\":\"<h3>V\\u00e5re menyer<\\/h3>\\r\\n<table><tbody><tr><td>Ukens 3-retter<\\/td><td>11:00 - 16:00<\\/td><\\/tr><tr><td>Klassisk meny<\\/td><td>16:00 - 23:00<\\/td><\\/tr><tr><td>Lunsjmeny<\\/td><td>16:00 - 23:00<\\/td><\\/tr><\\/tbody><\\/table>\\r\\n<p><a href=\\\"http:\\/\\/festningen.local\\/restaurant#entry:3:url\\\"><strong>Les mer<\\/strong><\\/a><\\/p>\"}}}}},\"38\":{\"modified\":\"0\",\"type\":\"designblokk\",\"enabled\":\"1\",\"collapsed\":\"0\",\"level\":\"0\",\"fields\":{\"mellomrom\":\"ingen\",\"tekstChkbox\":\"\",\"rikTekst\":\"<h2>Restauranten<\\/h2>\\r\\n<p><br>Lorem ipsum dolor sit amet<\\/p>\",\"bildeChkbox\":\"1\",\"bilde\":[\"166\"],\"bildeposisjon\":\"full\",\"bildetekstChkbox\":\"\",\"bildetekst\":\"\",\"bildetekstposisjon\":\"left\"}},\"45\":{\"modified\":\"0\",\"type\":\"designblokk\",\"enabled\":\"1\",\"collapsed\":\"0\",\"level\":\"0\",\"fields\":{\"mellomrom\":\"begge\",\"tekstChkbox\":\"1\",\"rikTekst\":\"<h2>Selskap<\\/h2>\\r\\n<p>Lorem ipsum dolor sit amet, bryllup adipiscing elit, sed do eiusmod d\\u00e5p og minnestund incididunt ut labore et dolore magna aliqua. Juleord og juleselskap enim ad minim veniam, quis nostrud exercitation ullamco laboris nisi.<\\/p>\\r\\n<p><br><\\/p>\\r\\n<p><a href=\\\"http:\\/\\/festningen.local\\/selskap#entry:4:url\\\">Les mer<\\/a><\\/p>\",\"antallKolonner\":\"1\",\"bildeChkbox\":\"1\",\"bilde\":[\"178\"],\"bildeposisjon\":\"right\",\"bildetekstChkbox\":\"\",\"bildetekst\":\"\",\"bildetekstposisjon\":\"left\"}},\"46\":{\"modified\":\"0\",\"type\":\"designblokk\",\"enabled\":\"1\",\"collapsed\":\"0\",\"level\":\"0\",\"fields\":{\"mellomrom\":\"begge\",\"tekstChkbox\":\"1\",\"rikTekst\":\"<h2>Historiske omgivelser<\\/h2>\\r\\n<p>Lorem ipsum dolor sit amet, bryllup adipiscing elit, sed do eiusmod d\\u00e5p og minnestund incididunt ut labore et dolore magna aliqua. Juleord og juleselskap enim ad minim veniam, quis nostrud exercitation ullamco laboris nisi.<\\/p>\\r\\n<p><a href=\\\"http:\\/\\/festningen.local\\/selskap#entry:4:url\\\">Les mer<\\/a><\\/p>\",\"bildeChkbox\":\"1\",\"bilde\":[\"162\"],\"bildeposisjon\":\"left\",\"bildetekstChkbox\":\"\",\"bildetekst\":\"\",\"bildetekstposisjon\":\"left\"}}},\"23\":\"<p>P\\u00e5 historiske Kristiansten festning i Trondheim ligger <strong>Restaurant Kommandanten<\\/strong> i den gamle kommandant-boligen.<\\/p>\",\"25\":\"Festningen servering og kulturarena\",\"22\":[\"9\"]}}','2017-02-28 16:31:46','2017-02-28 16:31:46','0561bae7-86e9-4466-8977-2a09a278b81a'),(146,2,1,1,'nb_no',95,'','{\"typeId\":null,\"authorId\":null,\"title\":\"Forside\",\"slug\":\"forside\",\"postDate\":1486740585,\"expiryDate\":null,\"enabled\":1,\"parentId\":null,\"fields\":{\"26\":{\"39\":{\"type\":\"5\",\"fields\":{\"tittel\":\"\\u00c5pningstider\",\"ikon\":[\"15\"],\"rikTekst\":\"<table><tbody><tr><td>Tirsdag - Fredag<\\/td><td>11:00 - 23:00<\\/td><\\/tr><tr><td>L\\u00f8rdag - S\\u00f8ndag<\\/td><td>11:00 - 23:00<\\/td><\\/tr><\\/tbody><\\/table>\\r\\n<p>M\\u00f8ter og lukkede selskap etter avtale<\\/p>\",\"knapp\":\"<p><a href=\\\"tel:2045052666\\\">TLF: 450 52 666<\\/a><\\/p>\"}},\"40\":{\"type\":\"5\",\"fields\":{\"tittel\":\"Booking\",\"ikon\":[\"16\"],\"rikTekst\":\"<p>Reserver bord eller book <strong>egne dedikerte&nbsp;selskapslokaler<\\/strong> med eget vertskap og&nbsp;underholdning<\\/p>\",\"knapp\":\"<p><a href=\\\"mailto:kommandanten@festningenservering.no\\\">Send epost<\\/a><\\/p>\"}}},\"104\":{\"51\":{\"type\":\"6\",\"fields\":{\"tittel\":\"Booking\",\"ikon\":[\"16\"],\"tekst\":\"Reserver selskalslokaler eller bord i restauranten\",\"map\":{\"lat\":\"63.42689290000001\",\"lng\":\"10.41063889999998\",\"zoom\":\"15\",\"address\":\"Kristiansten Festning, 7015 Trondheim, Norge\",\"parts\":{\"establishment\":\"Kristiansten Festning\",\"establishment_short\":\"Kristiansten Festning\",\"locality\":\"Trondheim\",\"locality_short\":\"Trondheim\",\"postal_town\":\"Trondheim\",\"postal_town_short\":\"Trondheim\",\"administrative_area_level_2\":\"Trondheim\",\"administrative_area_level_2_short\":\"Trondheim\",\"administrative_area_level_1\":\"S\\u00f8r-Tr\\u00f8ndelag\",\"administrative_area_level_1_short\":\"S\\u00f8r-Tr\\u00f8ndelag\",\"country\":\"Norge\",\"country_short\":\"NO\",\"postal_code\":\"7015\",\"postal_code_short\":\"7015\"}}}}},\"46\":{\"37\":{\"modified\":\"0\",\"type\":\"designblokk\",\"enabled\":\"1\",\"collapsed\":\"0\",\"level\":\"0\",\"fields\":{\"mellomrom\":\"begge\",\"tekstChkbox\":\"1\",\"rikTekst\":\"<h2>Restauranten<\\/h2>\\r\\n<p>Lorem ipsum dolor sit amet, consectetur adipiscing elit, sed do eiusmod tempor incididunt ut labore et dolore magna aliqua. Ut enim ad minim veniam, quis nostrud exercitation ullamco laboris nisi.<\\/p>\\r\\n<p><a href=\\\"http:\\/\\/festningen.local\\/restaurant#entry:3:url\\\"><strong>Les mer<\\/strong><\\/a><\\/p>\",\"antallKolonner\":\"1\",\"bildeChkbox\":\"1\",\"bilde\":[\"174\"],\"bildeposisjon\":\"right\",\"bildetekstChkbox\":\"\",\"bildetekst\":\"\",\"bildetekstposisjon\":\"left\"}},\"169\":{\"modified\":\"0\",\"type\":\"vareMenyer\",\"enabled\":\"1\",\"collapsed\":\"0\",\"level\":\"0\",\"fields\":{\"vareMenyer\":{\"170\":{\"type\":\"2\",\"fields\":{\"ikon\":\"\",\"tekst\":\"<h3>Ukens 3-retter, klassisk meny og god gammeldags lunsj<\\/h3>\\r\\n<p>Lorem ipsum dolor sit amet, consectetur adipiscing elit, sed do eiusmod tempor incididunt ut l abore et dolore magna aliqua. Ut enim ad minim veniam, quis nostrud exercitation ullamco laboris nisi. sed do eiusmod tempor incididunt ut l abore et dolore magna aliqua. Ut enim ad minim veniam, quis nostrud exercitation ullamco laboris nisi. sed do eiusmod tempor incididunt ut l abore et dolore magna aliqua. Ut enim ad minim veniam, quis nostrud exercitation ullamco laboris nisi.sed do eiusmod tempor incididunt ut l abore et dolore magna aliqua. Ut enim ad minim veniam, quis nostrud exercitation ullamco laboris nisi.<\\/p>\\r\\n<p><strong><a href=\\\"http:\\/\\/festningen.local\\/restaurant#entry:3:url\\\">Les mer <\\/a>&nbsp;<\\/strong><\\/p>\"}},\"171\":{\"type\":\"2\",\"fields\":{\"ikon\":[\"29\"],\"tekst\":\"<h3>V\\u00e5re menyer<\\/h3>\\r\\n<table><tbody><tr><td>Ukens 3-retter<\\/td><td>11:00 - 16:00<\\/td><\\/tr><tr><td>Klassisk meny<\\/td><td>16:00 - 23:00<\\/td><\\/tr><tr><td>Lunsjmeny<\\/td><td>16:00 - 23:00<\\/td><\\/tr><\\/tbody><\\/table>\\r\\n<p><a href=\\\"http:\\/\\/festningen.local\\/restaurant#entry:3:url\\\"><strong>Les mer<\\/strong><\\/a><\\/p>\"}}}}},\"38\":{\"modified\":\"0\",\"type\":\"designblokk\",\"enabled\":\"1\",\"collapsed\":\"0\",\"level\":\"0\",\"fields\":{\"mellomrom\":\"ingen\",\"tekstChkbox\":\"\",\"rikTekst\":\"<h2>Restauranten<\\/h2>\\r\\n<p><br>Lorem ipsum dolor sit amet<\\/p>\",\"bildeChkbox\":\"1\",\"bilde\":[\"166\"],\"bildeposisjon\":\"full\",\"bildetekstChkbox\":\"\",\"bildetekst\":\"\",\"bildetekstposisjon\":\"left\"}},\"45\":{\"modified\":\"0\",\"type\":\"designblokk\",\"enabled\":\"1\",\"collapsed\":\"0\",\"level\":\"0\",\"fields\":{\"mellomrom\":\"begge\",\"tekstChkbox\":\"1\",\"rikTekst\":\"<h2>Selskap<\\/h2>\\r\\n<p>Lorem ipsum dolor sit amet, bryllup adipiscing elit, sed do eiusmod d\\u00e5p og minnestund incididunt ut labore et dolore magna aliqua. Juleord og juleselskap enim ad minim veniam, quis nostrud exercitation ullamco laboris nisi.<\\/p>\\r\\n<p><br><\\/p>\\r\\n<p><a href=\\\"http:\\/\\/festningen.local\\/selskap#entry:4:url\\\">Les mer<\\/a><\\/p>\",\"antallKolonner\":\"1\",\"bildeChkbox\":\"1\",\"bilde\":[\"178\"],\"bildeposisjon\":\"right\",\"bildetekstChkbox\":\"\",\"bildetekst\":\"\",\"bildetekstposisjon\":\"left\"}},\"46\":{\"modified\":\"0\",\"type\":\"designblokk\",\"enabled\":\"1\",\"collapsed\":\"0\",\"level\":\"0\",\"fields\":{\"mellomrom\":\"begge\",\"tekstChkbox\":\"1\",\"rikTekst\":\"<h2>Historiske omgivelser<\\/h2>\\r\\n<p>Lorem ipsum dolor sit amet, bryllup adipiscing elit, sed do eiusmod d\\u00e5p og minnestund incididunt ut labore et dolore magna aliqua. Juleord og juleselskap enim ad minim veniam, quis nostrud exercitation ullamco laboris nisi.<\\/p>\\r\\n<p><a href=\\\"http:\\/\\/festningen.local\\/selskap#entry:4:url\\\">Les mer<\\/a><\\/p>\",\"bildeChkbox\":\"1\",\"bilde\":[\"162\"],\"bildeposisjon\":\"left\",\"bildetekstChkbox\":\"\",\"bildetekst\":\"\",\"bildetekstposisjon\":\"left\"}}},\"23\":\"<p>P\\u00e5 historiske Kristiansten festning i Trondheim ligger <strong>Restaurant Kommandanten<\\/strong> i den gamle kommandant-boligen.<\\/p>\",\"25\":\"Festningen servering og kulturarena\",\"22\":[\"9\"]}}','2017-02-28 16:32:45','2017-02-28 16:32:45','a2a99d8c-b64f-4cb6-9087-de59bcb675d1'),(147,3,2,1,'nb_no',25,'','{\"typeId\":null,\"authorId\":null,\"title\":\"Restaurant\",\"slug\":\"restaurant\",\"postDate\":1486740601,\"expiryDate\":null,\"enabled\":1,\"parentId\":null,\"fields\":{\"133\":{\"168\":{\"modified\":\"0\",\"type\":\"designblokk\",\"enabled\":\"1\",\"collapsed\":\"0\",\"level\":\"0\",\"fields\":{\"mellomrom\":\"begge\",\"tekstChkbox\":\"\",\"rikTekst\":\"\",\"antallKolonner\":\"1\",\"bildeChkbox\":\"1\",\"bilde\":[\"164\"],\"bildeposisjon\":\"full\",\"bildetekstChkbox\":\"1\",\"bildetekst\":\"<p>ullamco laboris nisi. sed do eiusmod tempor incididunt ut l abore et dolore magnostrud exercitation ullamco laboris nisi.sed do.&nbsp;<\\/p>\\r\\n<p><strong>Eiusmod tempor incididunt ut l abore et dolore magna aliqua.&nbsp;<\\/strong><\\/p>\\r\\n<p>Ut enim ad minim veniam, quis nostrud exercitation ullamco laboris nisi.sed do.&nbsp;<\\/p>\",\"bildetekstposisjon\":\"drop-left\"}},\"159\":{\"modified\":\"0\",\"type\":\"designblokk\",\"enabled\":\"1\",\"collapsed\":\"0\",\"level\":\"0\",\"fields\":{\"mellomrom\":\"begge\",\"tekstChkbox\":\"1\",\"rikTekst\":\"<h3>Lokale r\\u00e5varer<\\/h3>\\r\\n<p>Lorem ipsum dolor sit amet, consectetur adipiscing elit, sed do eiusmod tempor incididunt ut l abore et dolore magna aliqua. Ut enim ad minim veniam, quis nostrud exercitation ullamco laboris nisi. sed do eiusmod tempor incididunt ut l abore et dolore magna aliqua. Ut enim ad minim veniam, quis nostrud exercitation ullamco laboris nisi. sed do eiusmod tempor incididunt ut l abore et dolore magna aliqua. Ut enim&nbsp;Lorem ipsum dolor sit amet, consectetur adipiscing elit, sed do eiusmod tempor incididunt ut l abore et dolore magna aliqua. Ut enim ad minim veniam, quis nostrud exercitation ullamco laboris nisi. sed do eiusmod tempor incididunt ut l abore et dolore magna aliqua. Ut enim ad minim veniam, quis nostrud exercitation ullamco laboris nisi. sed do eiusmod tempor incididunt ut l abore et dolore magna aliqua. Ut enim&nbsp;<br><\\/p>\",\"antallKolonner\":\"2\",\"bildeChkbox\":\"1\",\"bilde\":[\"165\"],\"bildeposisjon\":\"full\",\"bildetekstChkbox\":\"\",\"bildetekst\":\"<p>Lorem ipsum<\\/p>\",\"bildetekstposisjon\":\"drop-left\"}},\"160\":{\"modified\":\"0\",\"type\":\"designblokk\",\"enabled\":\"1\",\"collapsed\":\"0\",\"level\":\"0\",\"fields\":{\"mellomrom\":\"under\",\"tekstChkbox\":\"1\",\"rikTekst\":\"<h3>Ukens 3-rettere<\\/h3>\\r\\n<p>Lorem ipsum dolor sit amet, consectetur adipiscing elit, sed do eiusmod tempor incididunt ut l abore et dolore magna aliqua. Ut enim ad minim veniam, quis nostrud exercitation ullamco laboris nisi. sed do eiusmod tempor incididunt ut l abore et dolore magna aliqua. Ut enim ad minim veniam, quis nostrud exercitation ullamco laboris nisi. sed do eiusmod tempor incididunt ut l abore et dolore magna aliqua. Ut enim&nbsp;<br><\\/p>\",\"antallKolonner\":\"1\",\"bildeChkbox\":\"1\",\"bilde\":[\"167\"],\"bildeposisjon\":\"left\",\"bildetekstChkbox\":\"\",\"bildetekst\":\"\",\"bildetekstposisjon\":\"left\"}},\"161\":{\"modified\":\"0\",\"type\":\"designblokk\",\"enabled\":\"1\",\"collapsed\":\"0\",\"level\":\"0\",\"fields\":{\"mellomrom\":\"under\",\"tekstChkbox\":\"1\",\"rikTekst\":\"<h3>Uteservering<\\/h3>\\r\\n<p>Lorem ipsum dolor sit amet, consectetur adipiscing elit, sed do eiusmod tempor incididunt ut l abore et dolore magna aliqua. Ut enim ad minim veniam, quis nostrud exercitation ullamco laboris nisi. sed do eiusmod tempor incididunt ut l abore et dolore magna aliqua. Ut enim ad minim veniam, quis nostrud exercitation ullamco laboris nisi. sed do eiusmod tempor incididunt ut l abore et dolore magna aliqua. Ut enim&nbsp;<br><\\/p>\",\"antallKolonner\":\"1\",\"bildeChkbox\":\"1\",\"bilde\":[\"6\"],\"bildeposisjon\":\"right\",\"bildetekstChkbox\":\"\",\"bildetekst\":\"\",\"bildetekstposisjon\":\"left\"}}},\"114\":{\"157\":{\"type\":\"meny\",\"enabled\":\"1\",\"fields\":{\"ikon\":[\"16\"],\"tittel\":\"Ukens 3-retter\",\"tidspunkt\":\"16:00 - 23:00\",\"oppskrifter\":[\"154\",\"146\",\"150\",\"148\",\"136\",\"134\"]}},\"156\":{\"type\":\"meny\",\"enabled\":\"1\",\"fields\":{\"ikon\":[\"29\"],\"tittel\":\"Klassisk meny\",\"tidspunkt\":\"16:00 - 23:00\",\"oppskrifter\":[\"144\",\"138\",\"140\",\"146\",\"148\",\"150\",\"152\",\"154\"]}},\"89\":{\"type\":\"meny\",\"enabled\":\"1\",\"fields\":{\"ikon\":[\"158\"],\"tittel\":\"Lunsjmeny\",\"tidspunkt\":\"11:00 - 16:00\",\"oppskrifter\":[\"88\",\"134\",\"136\",\"138\",\"140\",\"142\"]}}},\"23\":\"<p>Vi byr p\\u00e5 gode mat og drikkeopplevelser p\\u00e5 Trondheims tak, med kortreist mat fra de tr\\u00f8nderske fylker. Her kan du slappe av i solen ved v\\u00e5r popul\\u00e6re uteserveringen, se solnedgangen over Trondheim i festlig lag, eller hygge deg med et godt m\\u00e5ltid inne i restauranten<\\/p>\",\"25\":\"Restaurant Kommandanten\",\"22\":[\"9\"]}}','2017-02-28 16:34:05','2017-02-28 16:34:05','86f57d6a-d32f-44a5-b01a-35233d94db4e');
/*!40000 ALTER TABLE `craft_entryversions` ENABLE KEYS */;
UNLOCK TABLES;
COMMIT;

--
-- Table structure for table `craft_fieldgroups`
--

/*!40101 SET @saved_cs_client     = @@character_set_client */;
/*!40101 SET character_set_client = utf8 */;
CREATE TABLE `craft_fieldgroups` (
  `id` int(11) NOT NULL AUTO_INCREMENT,
  `name` varchar(255) COLLATE utf8_unicode_ci NOT NULL,
  `dateCreated` datetime NOT NULL,
  `dateUpdated` datetime NOT NULL,
  `uid` char(36) COLLATE utf8_unicode_ci NOT NULL DEFAULT '0',
  PRIMARY KEY (`id`),
  UNIQUE KEY `craft_fieldgroups_name_unq_idx` (`name`)
) ENGINE=InnoDB AUTO_INCREMENT=8 DEFAULT CHARSET=utf8 COLLATE=utf8_unicode_ci;
/*!40101 SET character_set_client = @saved_cs_client */;

--
-- Dumping data for table `craft_fieldgroups`
--

LOCK TABLES `craft_fieldgroups` WRITE;
/*!40000 ALTER TABLE `craft_fieldgroups` DISABLE KEYS */;
SET autocommit=0;
INSERT INTO `craft_fieldgroups` VALUES (1,'Standard','2014-10-08 10:49:50','2014-10-08 10:49:50','420d3eaa-0708-4cce-8c20-93409caf3560'),(3,'SEO','2015-10-23 14:49:57','2015-10-23 14:49:57','fa2e2850-530c-4e24-9889-99212610e4dc'),(4,'Designblokker','2017-02-10 15:32:19','2017-02-11 01:04:13','772c73f6-c773-464b-bc89-71bf74cfa94b'),(6,'Forside','2017-02-10 15:47:09','2017-02-10 15:47:09','5516ecd4-fa90-4e82-ab3c-e000d9de777e'),(7,'Meny og oppskrifter','2017-02-19 23:07:28','2017-02-19 23:07:28','ede1d472-f81a-4e1b-ad2e-ff5936e2541e');
/*!40000 ALTER TABLE `craft_fieldgroups` ENABLE KEYS */;
UNLOCK TABLES;
COMMIT;

--
-- Table structure for table `craft_fieldlayoutfields`
--

/*!40101 SET @saved_cs_client     = @@character_set_client */;
/*!40101 SET character_set_client = utf8 */;
CREATE TABLE `craft_fieldlayoutfields` (
  `id` int(11) NOT NULL AUTO_INCREMENT,
  `layoutId` int(11) NOT NULL,
  `tabId` int(11) NOT NULL,
  `fieldId` int(11) NOT NULL,
  `required` tinyint(1) unsigned NOT NULL DEFAULT '0',
  `sortOrder` smallint(6) unsigned DEFAULT NULL,
  `dateCreated` datetime NOT NULL,
  `dateUpdated` datetime NOT NULL,
  `uid` char(36) COLLATE utf8_unicode_ci NOT NULL DEFAULT '0',
  PRIMARY KEY (`id`),
  UNIQUE KEY `craft_fieldlayoutfields_layoutId_fieldId_unq_idx` (`layoutId`,`fieldId`),
  KEY `craft_fieldlayoutfields_sortOrder_idx` (`sortOrder`),
  KEY `craft_fieldlayoutfields_tabId_fk` (`tabId`),
  KEY `craft_fieldlayoutfields_fieldId_fk` (`fieldId`),
  CONSTRAINT `craft_fieldlayoutfields_fieldId_fk` FOREIGN KEY (`fieldId`) REFERENCES `craft_fields` (`id`) ON DELETE CASCADE,
  CONSTRAINT `craft_fieldlayoutfields_layoutId_fk` FOREIGN KEY (`layoutId`) REFERENCES `craft_fieldlayouts` (`id`) ON DELETE CASCADE,
  CONSTRAINT `craft_fieldlayoutfields_tabId_fk` FOREIGN KEY (`tabId`) REFERENCES `craft_fieldlayouttabs` (`id`) ON DELETE CASCADE
) ENGINE=InnoDB AUTO_INCREMENT=899 DEFAULT CHARSET=utf8 COLLATE=utf8_unicode_ci;
/*!40101 SET character_set_client = @saved_cs_client */;

--
-- Dumping data for table `craft_fieldlayoutfields`
--

LOCK TABLES `craft_fieldlayoutfields` WRITE;
/*!40000 ALTER TABLE `craft_fieldlayoutfields` DISABLE KEYS */;
SET autocommit=0;
INSERT INTO `craft_fieldlayoutfields` VALUES (75,35,26,21,0,1,'2016-06-08 08:27:39','2016-06-08 08:27:39','2688b460-dae3-4aaa-b276-0ae02239e680'),(77,35,26,18,0,3,'2016-06-08 08:27:39','2016-06-08 08:27:39','5ee3c7a7-0841-4434-8b2e-3053498fb03b'),(84,46,30,18,0,1,'2017-02-10 16:03:48','2017-02-10 16:03:48','63e0fc35-340e-4ed2-a292-ea57d3f59e78'),(85,46,30,21,0,2,'2017-02-10 16:03:48','2017-02-10 16:03:48','6f542fed-2514-40b6-87d0-121c5bd0d52d'),(86,47,31,18,0,1,'2017-02-10 16:04:31','2017-02-10 16:04:31','6106cb3b-fc34-42af-957e-248e389b0e3b'),(87,47,31,21,0,2,'2017-02-10 16:04:31','2017-02-10 16:04:31','68d70fd2-fdd5-4b07-b30f-102dc9546bd9'),(88,48,32,18,0,1,'2017-02-10 16:05:03','2017-02-10 16:05:03','2d84beb5-5559-4ec2-84bd-45b4defbdf7a'),(89,48,32,21,0,2,'2017-02-10 16:05:03','2017-02-10 16:05:03','b001c71a-cc6d-437a-a05d-45da2bce9418'),(90,49,33,18,0,1,'2017-02-10 16:05:27','2017-02-10 16:05:27','a96f1cad-48f7-4545-b5d9-e74e28a94d71'),(91,49,33,21,0,2,'2017-02-10 16:05:27','2017-02-10 16:05:27','4b64539a-6263-407e-aaa4-5e53bacd5de5'),(148,65,48,18,0,1,'2017-02-11 17:10:41','2017-02-11 17:10:41','2a41da3e-fa20-4afb-b1fb-96ad623ba323'),(149,65,48,21,0,2,'2017-02-11 17:10:41','2017-02-11 17:10:41','38a640e3-1d31-4442-8f67-831939ead4fe'),(259,102,83,68,1,1,'2017-02-13 13:39:20','2017-02-13 13:39:20','013bd507-2902-4376-bad7-28754078925b'),(260,102,83,69,1,2,'2017-02-13 13:39:20','2017-02-13 13:39:20','31f9c4a7-199a-4e17-86f7-089d80dd615e'),(261,102,83,70,0,3,'2017-02-13 13:39:20','2017-02-13 13:39:20','d16a20c5-b99d-4ec6-bd71-e6ccbd08c95d'),(262,102,84,71,0,1,'2017-02-13 13:39:20','2017-02-13 13:39:20','dd3deddc-1d1b-4ad0-81d5-803b8bfd900c'),(263,102,84,72,0,2,'2017-02-13 13:39:20','2017-02-13 13:39:20','a114ec18-0254-42ed-a5e9-a05de1c7a296'),(264,102,84,73,0,3,'2017-02-13 13:39:20','2017-02-13 13:39:20','788c68d4-61e2-431e-b992-5251c3e84d59'),(265,102,84,74,0,4,'2017-02-13 13:39:20','2017-02-13 13:39:20','329514b1-a7e3-467f-92de-6b6146e95260'),(283,109,91,47,0,1,'2017-02-13 15:23:12','2017-02-13 15:23:12','59681a8d-b214-4962-a71f-5408bed308ff'),(284,109,91,48,0,2,'2017-02-13 15:23:12','2017-02-13 15:23:12','9455b5c9-cdcd-4f5b-8ebf-e49e19131071'),(285,109,91,49,0,3,'2017-02-13 15:23:12','2017-02-13 15:23:12','b0e6bf55-9431-4c2b-ab85-9fb4310d2519'),(286,110,92,77,0,1,'2017-02-13 15:23:13','2017-02-13 15:23:13','45567be4-d485-4ad3-a210-329b625f146f'),(287,110,92,78,0,2,'2017-02-13 15:23:13','2017-02-13 15:23:13','5d20d555-786e-4298-b2e1-224903919198'),(288,111,93,50,0,1,'2017-02-13 15:23:13','2017-02-13 15:23:13','f32486cc-e402-4fe1-bd86-080558adf8fe'),(289,111,93,76,0,2,'2017-02-13 15:23:13','2017-02-13 15:23:13','aefc40a6-974d-4839-9e2d-a1dd79e06fa6'),(290,111,93,51,0,3,'2017-02-13 15:23:14','2017-02-13 15:23:14','d744e8da-c664-4954-b814-1bb3eb7b1ef6'),(291,111,93,52,0,4,'2017-02-13 15:23:14','2017-02-13 15:23:14','ffc5e24d-fc56-4010-ab0a-1646d2d48d28'),(406,165,147,83,0,1,'2017-02-14 00:17:20','2017-02-14 00:17:20','5a20424a-2e01-45df-a68f-226f6b8b0ec2'),(407,165,147,84,0,2,'2017-02-14 00:17:20','2017-02-14 00:17:20','6bbc9f9d-fd9f-4489-8e9e-dac7a3baf11d'),(408,165,147,85,0,3,'2017-02-14 00:17:20','2017-02-14 00:17:20','0644b85c-0c21-4ec6-b010-c7997f510777'),(409,165,147,86,0,4,'2017-02-14 00:17:20','2017-02-14 00:17:20','7a39a878-abca-42a1-b821-10577df0dbe7'),(410,166,148,56,0,1,'2017-02-14 00:17:20','2017-02-14 00:17:20','abda9dca-2f8a-475f-aaa6-f1ac83b4dce5'),(640,231,230,27,0,1,'2017-02-14 12:59:14','2017-02-14 12:59:14','78d5f267-f6c3-4e4b-b950-4828cb0ce057'),(641,231,230,28,0,2,'2017-02-14 12:59:14','2017-02-14 12:59:14','bf813c0b-9bfc-4d5c-9ab8-a72468518165'),(642,231,230,29,0,3,'2017-02-14 12:59:14','2017-02-14 12:59:14','a52d512c-89c7-4367-ba48-12addfe41047'),(643,231,230,30,0,4,'2017-02-14 12:59:14','2017-02-14 12:59:14','fe54e39c-718f-49dc-976f-a2554f84e690'),(678,240,240,25,0,1,'2017-02-14 17:39:00','2017-02-14 17:39:00','0f8499b3-2eb0-4e08-8d2e-140e28c435c3'),(679,240,240,53,0,2,'2017-02-14 17:39:00','2017-02-14 17:39:00','25386201-1a5a-43ac-93ec-e4c45eff7f11'),(680,240,240,24,0,3,'2017-02-14 17:39:00','2017-02-14 17:39:00','00dea7ce-3198-4d2f-b405-687c8c4a48aa'),(681,241,241,22,0,1,'2017-02-14 17:39:10','2017-02-14 17:39:10','7610e3aa-17cf-4d51-bf2c-391b7cb32dea'),(682,241,241,25,0,2,'2017-02-14 17:39:10','2017-02-14 17:39:10','40d0fc8f-be0d-4b8d-a5d4-bacfe2d8ba00'),(683,241,241,23,0,3,'2017-02-14 17:39:10','2017-02-14 17:39:10','5f54947f-4fb0-45a1-8816-740899d2d9c1'),(684,241,241,26,0,4,'2017-02-14 17:39:10','2017-02-14 17:39:10','7ecd5173-f6cb-4bc7-82ef-66daf7c07df2'),(685,241,241,46,0,5,'2017-02-14 17:39:10','2017-02-14 17:39:10','0c100386-86fd-4631-b27e-41cba9294abc'),(686,241,241,104,0,6,'2017-02-14 17:39:10','2017-02-14 17:39:10','cfb64bd2-e8fd-48b5-837f-b7d44d199e8b'),(706,247,247,105,0,1,'2017-02-14 18:44:24','2017-02-14 18:44:24','812b86e0-d388-4cca-a76e-cdf0b020e299'),(707,247,247,106,0,2,'2017-02-14 18:44:24','2017-02-14 18:44:24','f384497c-e8f5-4f41-ab29-17e3f3157ca5'),(708,247,247,107,0,3,'2017-02-14 18:44:24','2017-02-14 18:44:24','0100919b-ee39-4dfc-96a3-3ba385398ca8'),(709,247,247,108,0,4,'2017-02-14 18:44:24','2017-02-14 18:44:24','a5cc5d2c-ac55-4a36-8985-41e7ceaa46bc'),(710,248,248,81,0,1,'2017-02-14 18:45:10','2017-02-14 18:45:10','aceb3799-0403-46bc-98c2-5156e64e9bbf'),(711,248,248,82,0,2,'2017-02-14 18:45:10','2017-02-14 18:45:10','040ae96c-bf98-4b5c-8791-fab3f535cbf1'),(736,255,255,100,0,1,'2017-02-14 18:55:22','2017-02-14 18:55:22','bb35e64a-d114-4450-a3ee-a3ed3f63d3d0'),(737,255,255,101,0,2,'2017-02-14 18:55:22','2017-02-14 18:55:22','5419042f-1e22-42ee-bbe6-4e63de04196e'),(738,255,255,102,0,3,'2017-02-14 18:55:22','2017-02-14 18:55:22','5864554b-48e4-418f-911d-a3ea1ca978de'),(739,255,255,103,0,4,'2017-02-14 18:55:22','2017-02-14 18:55:22','98ccc56b-d30b-4cad-8c07-7a4ea0e47c3a'),(748,258,258,65,1,1,'2017-02-15 12:42:45','2017-02-15 12:42:45','302ddaa0-8200-4afe-8288-80c626ad0fe9'),(749,258,258,66,1,2,'2017-02-15 12:42:45','2017-02-15 12:42:45','c8fc44e9-7a00-41ef-88e5-44a86296854a'),(750,258,258,110,1,3,'2017-02-15 12:42:45','2017-02-15 12:42:45','6bf2e96a-c2b0-4ff1-8b2f-78cb049933c3'),(751,258,258,67,1,4,'2017-02-15 12:42:45','2017-02-15 12:42:45','72f281c4-c139-48bc-b184-dbe403d3dabd'),(757,263,261,112,0,1,'2017-02-19 23:12:47','2017-02-19 23:12:47','9b7235bb-f3a2-40ab-b171-3cd1f32ad83d'),(758,263,261,113,0,2,'2017-02-19 23:12:47','2017-02-19 23:12:47','f7ddf352-3148-4e2c-9e51-0acb90520ea1'),(787,279,275,127,0,1,'2017-02-20 12:49:13','2017-02-20 12:49:13','bd3f1d43-0295-4f1c-b6af-55f81ab0b648'),(796,283,279,124,0,1,'2017-02-20 12:53:12','2017-02-20 12:53:12','e7098141-b2d1-4d38-9143-0cb0b8b85fa3'),(797,284,280,132,0,1,'2017-02-21 12:01:31','2017-02-21 12:01:31','fb82bb72-c078-4051-8bde-eace2b508c87'),(798,284,280,119,0,2,'2017-02-21 12:01:31','2017-02-21 12:01:31','732a1fb6-4c9e-49fc-856e-a3cd263d6d0c'),(799,284,280,120,0,3,'2017-02-21 12:01:31','2017-02-21 12:01:31','85605ee3-499d-4be1-aedb-6e9558220200'),(800,284,280,121,0,4,'2017-02-21 12:01:31','2017-02-21 12:01:31','2188091d-2d21-454d-bcbe-425f0531c514'),(815,291,287,22,0,1,'2017-02-26 18:48:42','2017-02-26 18:48:42','a515d6e4-cb5f-4853-8d83-a1148657d298'),(816,291,287,25,0,2,'2017-02-26 18:48:42','2017-02-26 18:48:42','85490817-6170-4271-b5fa-baf3df2adff2'),(817,291,287,23,0,3,'2017-02-26 18:48:42','2017-02-26 18:48:42','c80c0382-8d8b-4c25-92ac-5b71ff108df5'),(818,291,287,114,0,4,'2017-02-26 18:48:42','2017-02-26 18:48:42','0340cc63-ce02-4db8-8d5c-8d10c3eecede'),(819,291,287,133,0,5,'2017-02-26 18:48:42','2017-02-26 18:48:42','a3bedc7f-9caf-471d-8e9f-ffd16d51991a'),(851,296,292,95,0,1,'2017-02-26 19:12:24','2017-02-26 19:12:24','0b41bd59-08d1-4acf-9c7b-3fe1ac693108'),(852,296,292,99,0,2,'2017-02-26 19:12:24','2017-02-26 19:12:24','f8feba84-b467-4846-8549-8597e6145aa8'),(853,296,292,23,0,3,'2017-02-26 19:12:24','2017-02-26 19:12:24','40a90315-e0c1-493b-9b09-a30f99faae9a'),(854,296,292,135,0,4,'2017-02-26 19:12:24','2017-02-26 19:12:24','fd1c3ea0-ec51-4e1b-aad8-8cc696a9726d'),(855,296,292,98,0,5,'2017-02-26 19:12:24','2017-02-26 19:12:24','d611a1d8-a4e5-4ac0-aa51-46f085b451fa'),(856,296,292,53,0,6,'2017-02-26 19:12:24','2017-02-26 19:12:24','3d7ca0ee-4b3e-43ae-a942-3b35caa6ef38'),(857,296,292,92,0,7,'2017-02-26 19:12:24','2017-02-26 19:12:24','a8c7add9-e433-4aba-add9-fe3014df070e'),(858,296,292,97,0,8,'2017-02-26 19:12:24','2017-02-26 19:12:24','75f887f6-72d6-4821-ba11-54f2d984490d'),(859,296,292,94,0,9,'2017-02-26 19:12:24','2017-02-26 19:12:24','cd9b2899-c3ff-4268-ad93-b0c4c96db02b'),(860,296,292,93,0,10,'2017-02-26 19:12:24','2017-02-26 19:12:24','53a7f641-97f8-4f55-bdf3-53a0b7575f98'),(883,301,297,80,0,1,'2017-02-26 19:16:25','2017-02-26 19:16:25','6bccc658-c1ab-469a-bd44-af2aa81a8da1'),(884,302,298,95,0,1,'2017-02-26 19:16:25','2017-02-26 19:16:25','edb94b98-b5b8-4da2-aea6-778b17f50c7b'),(885,302,298,99,0,2,'2017-02-26 19:16:25','2017-02-26 19:16:25','527b1696-d3ff-4be5-b8ec-18af59393cc1'),(886,302,298,23,0,3,'2017-02-26 19:16:25','2017-02-26 19:16:25','0b5b6cf0-c2ac-4bd2-b546-08d9622a9f22'),(887,302,298,135,0,4,'2017-02-26 19:16:25','2017-02-26 19:16:25','a59ba9fd-d48a-4f7a-b4dd-b70f24e39f3d'),(888,302,298,98,0,5,'2017-02-26 19:16:25','2017-02-26 19:16:25','a1f00b8c-6b73-4356-bd1c-3505ee37f960'),(889,302,298,53,0,6,'2017-02-26 19:16:25','2017-02-26 19:16:25','0ab60289-5299-4e38-991a-ed15a302f298'),(890,302,298,92,0,7,'2017-02-26 19:16:25','2017-02-26 19:16:25','09a5902a-6396-4c30-bde2-8dc3bd675c6a'),(891,302,298,97,0,8,'2017-02-26 19:16:25','2017-02-26 19:16:25','dd82a8d7-db6f-47bb-81f4-5fef7a76dc05'),(892,302,298,94,0,9,'2017-02-26 19:16:25','2017-02-26 19:16:25','cf01bbd9-6dd9-43db-a08d-4ca127200812'),(893,302,298,93,0,10,'2017-02-26 19:16:25','2017-02-26 19:16:25','d40584ee-7c97-4085-bfde-0744a3acab1b'),(894,303,299,129,0,1,'2017-02-26 19:34:32','2017-02-26 19:34:32','2fb437c9-8700-4ef2-9068-3e00bcb3f5e1'),(895,303,299,131,0,2,'2017-02-26 19:34:32','2017-02-26 19:34:32','35f5d034-e8d9-4203-b49d-51e32565cf42'),(896,303,299,130,0,3,'2017-02-26 19:34:32','2017-02-26 19:34:32','abe2ea5a-7089-4580-af6f-af333f1b88b8'),(897,304,300,53,0,1,'2017-02-28 16:46:29','2017-02-28 16:46:29','da5d4ec2-b3fc-4cd2-a878-76a96141ca9a'),(898,304,300,23,0,2,'2017-02-28 16:46:29','2017-02-28 16:46:29','b6a041d0-fc6c-435e-b2c1-def36845ba74');
/*!40000 ALTER TABLE `craft_fieldlayoutfields` ENABLE KEYS */;
UNLOCK TABLES;
COMMIT;

--
-- Table structure for table `craft_fieldlayouts`
--

/*!40101 SET @saved_cs_client     = @@character_set_client */;
/*!40101 SET character_set_client = utf8 */;
CREATE TABLE `craft_fieldlayouts` (
  `id` int(11) NOT NULL AUTO_INCREMENT,
  `type` varchar(150) COLLATE utf8_unicode_ci NOT NULL,
  `dateCreated` datetime NOT NULL,
  `dateUpdated` datetime NOT NULL,
  `uid` char(36) COLLATE utf8_unicode_ci NOT NULL DEFAULT '0',
  PRIMARY KEY (`id`),
  KEY `craft_fieldlayouts_type_idx` (`type`)
) ENGINE=InnoDB AUTO_INCREMENT=305 DEFAULT CHARSET=utf8 COLLATE=utf8_unicode_ci;
/*!40101 SET character_set_client = @saved_cs_client */;

--
-- Dumping data for table `craft_fieldlayouts`
--

LOCK TABLES `craft_fieldlayouts` WRITE;
/*!40000 ALTER TABLE `craft_fieldlayouts` DISABLE KEYS */;
SET autocommit=0;
INSERT INTO `craft_fieldlayouts` VALUES (1,'Tag','2014-10-08 10:49:50','2014-10-08 10:49:50','735aea8d-1467-42fe-a635-fe07456aef93'),(3,'Entry','2014-10-08 10:49:51','2014-10-08 10:49:51','34c943ee-38b2-46f1-977d-5a69371e7b36'),(5,'Entry','2014-10-08 10:49:51','2014-10-08 10:49:51','abf58a12-09f1-4aa1-a709-7f4b5c553eab'),(35,'Asset','2016-06-08 08:27:39','2016-06-08 08:27:39','2f62a4dc-1f0f-431b-845c-ccffcb78f627'),(36,'Asset','2016-09-14 09:29:21','2016-09-14 09:29:21','98cb2b92-aed8-4d5a-bbb7-828546174317'),(39,'Entry','2017-02-10 15:30:11','2017-02-10 15:30:11','a7d944a6-bbc5-4f08-93ce-6ae60aac4fde'),(40,'Entry','2017-02-10 15:30:28','2017-02-10 15:30:28','6ab360d5-e418-4f18-9d4c-5a92edabc1a5'),(46,'Asset','2017-02-10 16:03:48','2017-02-10 16:03:48','f4ef6a9b-ad01-449d-9f04-53edd0f3cae3'),(47,'Asset','2017-02-10 16:04:31','2017-02-10 16:04:31','d3361999-70fc-411b-a528-79ea5f825ccd'),(48,'Asset','2017-02-10 16:05:03','2017-02-10 16:05:03','12df801a-1b5d-4456-99f1-0634fff4e323'),(49,'Asset','2017-02-10 16:05:27','2017-02-10 16:05:27','792f60f0-a21c-4f49-bd62-2f95dbff700a'),(63,'Asset','2017-02-11 01:16:20','2017-02-11 01:16:20','f2ccfb71-0089-40a6-aeda-76e2eb154d3e'),(65,'Asset','2017-02-11 17:10:40','2017-02-11 17:10:40','f61e6dc1-a0d5-4d83-bbfc-4759febd5bab'),(102,'SproutForms_Form','2017-02-13 13:39:20','2017-02-13 13:39:20','9d767c64-9061-40b7-8b1e-1be9133db5ac'),(109,'MatrixBlock','2017-02-13 15:23:12','2017-02-13 15:23:12','bf9717d2-2aa0-4d05-af8b-fc8354d260b8'),(110,'SuperTable_Block','2017-02-13 15:23:13','2017-02-13 15:23:13','c691255c-7bf2-4c81-8eb1-cb598febb507'),(111,'MatrixBlock','2017-02-13 15:23:13','2017-02-13 15:23:13','2bfc7f69-9b11-4a2d-9744-6f3c18f25bd2'),(162,'PimpMyMatrix_BlockType','2017-02-14 00:09:49','2017-02-14 00:09:49','3b33271b-d233-4733-9f97-16dc126ce8e4'),(165,'SuperTable_Block','2017-02-14 00:17:20','2017-02-14 00:17:20','7f240075-4d5c-495e-a9d2-1a99b2d1f414'),(166,'MatrixBlock','2017-02-14 00:17:20','2017-02-14 00:17:20','55eabb5f-92a1-4a88-b111-733bf9faed91'),(231,'MatrixBlock','2017-02-14 12:59:14','2017-02-14 12:59:14','4571dce1-514f-424f-9aa0-c3c377a289c0'),(240,'Neo_Block','2017-02-14 17:39:00','2017-02-14 17:39:00','2f2a4af1-c500-4eb1-97c8-fb06f28f0bc9'),(241,'Entry','2017-02-14 17:39:10','2017-02-14 17:39:10','27ed4aec-b113-4dd6-8bd5-c365abc6568e'),(247,'SuperTable_Block','2017-02-14 18:44:24','2017-02-14 18:44:24','466505c2-e6b4-4507-afdc-1b1497b1827c'),(248,'SuperTable_Block','2017-02-14 18:45:10','2017-02-14 18:45:10','cb37590a-83d4-4903-b21c-95ab13581402'),(255,'SuperTable_Block','2017-02-14 18:55:22','2017-02-14 18:55:22','87da1f57-09a1-4b08-a256-7955f7579fb1'),(258,'SproutForms_Form','2017-02-15 12:42:45','2017-02-15 12:42:45','e6270610-057e-453f-b57a-a424befb5bc6'),(263,'SuperTable_Block','2017-02-19 23:12:47','2017-02-19 23:12:47','21ea46e1-b995-4985-b413-18bbd447f024'),(279,'Entry','2017-02-20 12:49:13','2017-02-20 12:49:13','ee7eeb0d-44a8-436a-ae36-90aef8b3eace'),(283,'Category','2017-02-20 12:53:12','2017-02-20 12:53:12','4cd1c061-f53e-4fb4-9134-7f1ab3b0da89'),(284,'MatrixBlock','2017-02-21 12:01:31','2017-02-21 12:01:31','3eb27db1-c9c4-47f6-a189-a59f8204b7b1'),(291,'Entry','2017-02-26 18:48:42','2017-02-26 18:48:42','fcd4ead4-2915-4161-823e-9c34e1a3ff0f'),(296,'Neo_Block','2017-02-26 19:12:24','2017-02-26 19:12:24','0c9b32c1-f241-4b22-b84a-f0d137b0734b'),(301,'Neo_Block','2017-02-26 19:16:25','2017-02-26 19:16:25','62e9e2f8-9a95-43a1-b0eb-c7bc7e2ccdbd'),(302,'Neo_Block','2017-02-26 19:16:25','2017-02-26 19:16:25','efb70f9a-0c61-4b8b-b38f-190e904d7368'),(303,'SuperTable_Block','2017-02-26 19:34:32','2017-02-26 19:34:32','1813ef3e-6ca9-4f0c-ab3b-8fc1b10dd0a4'),(304,'GlobalSet','2017-02-28 16:46:29','2017-02-28 16:46:29','831b3474-3bdd-4f5f-aa7f-9befd45538e7');
/*!40000 ALTER TABLE `craft_fieldlayouts` ENABLE KEYS */;
UNLOCK TABLES;
COMMIT;

--
-- Table structure for table `craft_fieldlayouttabs`
--

/*!40101 SET @saved_cs_client     = @@character_set_client */;
/*!40101 SET character_set_client = utf8 */;
CREATE TABLE `craft_fieldlayouttabs` (
  `id` int(11) NOT NULL AUTO_INCREMENT,
  `layoutId` int(11) NOT NULL,
  `name` varchar(255) COLLATE utf8_unicode_ci NOT NULL,
  `sortOrder` smallint(6) unsigned DEFAULT NULL,
  `dateCreated` datetime NOT NULL,
  `dateUpdated` datetime NOT NULL,
  `uid` char(36) COLLATE utf8_unicode_ci NOT NULL DEFAULT '0',
  PRIMARY KEY (`id`),
  KEY `craft_fieldlayouttabs_sortOrder_idx` (`sortOrder`),
  KEY `craft_fieldlayouttabs_layoutId_fk` (`layoutId`),
  CONSTRAINT `craft_fieldlayouttabs_layoutId_fk` FOREIGN KEY (`layoutId`) REFERENCES `craft_fieldlayouts` (`id`) ON DELETE CASCADE
) ENGINE=InnoDB AUTO_INCREMENT=301 DEFAULT CHARSET=utf8 COLLATE=utf8_unicode_ci;
/*!40101 SET character_set_client = @saved_cs_client */;

--
-- Dumping data for table `craft_fieldlayouttabs`
--

LOCK TABLES `craft_fieldlayouttabs` WRITE;
/*!40000 ALTER TABLE `craft_fieldlayouttabs` DISABLE KEYS */;
SET autocommit=0;
INSERT INTO `craft_fieldlayouttabs` VALUES (1,3,'Innhold',1,'2014-10-08 10:49:51','2014-10-08 10:49:51','d35bab09-a914-4602-91df-0a3c3baa2cfc'),(2,5,'Innhold',1,'2014-10-08 10:49:51','2014-10-08 10:49:51','c39b036d-dd74-43ad-b5f0-cc0dfbd18b00'),(4,1,'Content',1,'2014-12-12 08:34:38','2014-12-12 08:34:38','075c4aae-210e-47b1-b49d-741e200c9155'),(26,35,'Innhold',1,'2016-06-08 08:27:39','2016-06-08 08:27:39','ecb34c16-5ecd-4248-858f-4abe8652da43'),(30,46,'Innhold',1,'2017-02-10 16:03:48','2017-02-10 16:03:48','32005601-79f7-4746-a655-3afd89845f25'),(31,47,'Innhold',1,'2017-02-10 16:04:31','2017-02-10 16:04:31','5dd321ae-8b5c-4e1d-98d4-a7d746321b3d'),(32,48,'Innhold',1,'2017-02-10 16:05:03','2017-02-10 16:05:03','2715a7d0-66f7-43bf-8628-8cdf697b4e82'),(33,49,'Innhold',1,'2017-02-10 16:05:27','2017-02-10 16:05:27','5648d0bf-8199-47fa-be21-be27699209cc'),(48,65,'Innhold',1,'2017-02-11 17:10:40','2017-02-11 17:10:40','492c600c-f173-4d96-9a94-6cdf1b6a37c7'),(83,102,'Section One',1,'2017-02-13 13:39:20','2017-02-13 13:39:20','6ef9d78d-94f2-435a-b45d-08bad8912322'),(84,102,'Section Two',2,'2017-02-13 13:39:20','2017-02-13 13:39:20','ae29d8f0-2c57-4c30-8afa-80806da72d39'),(91,109,'Content',1,'2017-02-13 15:23:12','2017-02-13 15:23:12','6861f6b1-9980-4bca-866a-04f6d66dd2dd'),(92,110,'Content',1,'2017-02-13 15:23:13','2017-02-13 15:23:13','d7cb2660-4d60-48e7-b159-d95ad979c09f'),(93,111,'Content',1,'2017-02-13 15:23:13','2017-02-13 15:23:13','e0f7b33f-ce56-40b5-8952-8f69aec6453c'),(144,162,'Felter',1,'2017-02-14 00:09:49','2017-02-14 00:09:49','743ff043-cd8e-460e-8843-ebebd9abe4f7'),(147,165,'Content',1,'2017-02-14 00:17:20','2017-02-14 00:17:20','0627f6d8-2619-4fea-8dc7-4e8eb25a4f07'),(148,166,'Content',1,'2017-02-14 00:17:20','2017-02-14 00:17:20','f17c4358-7897-4273-8a65-94300f562899'),(230,231,'Content',1,'2017-02-14 12:59:14','2017-02-14 12:59:14','c09f8a4a-9049-44ae-b4c4-d188bdb111b3'),(240,240,'Booking',1,'2017-02-14 17:39:00','2017-02-14 17:39:00','2533c594-e5b9-4570-912f-3045d226058c'),(241,241,'Forside',1,'2017-02-14 17:39:10','2017-02-14 17:39:10','38d3fd74-12dd-4081-abdf-5222916a61ec'),(247,247,'Content',1,'2017-02-14 18:44:24','2017-02-14 18:44:24','53e42b50-a954-4a10-a3dd-be6d00067766'),(248,248,'Content',1,'2017-02-14 18:45:10','2017-02-14 18:45:10','c5c35347-2bce-420f-a2f5-0b1966d55230'),(255,255,'Content',1,'2017-02-14 18:55:22','2017-02-14 18:55:22','d07ec755-8334-45c6-9e4d-29de793083e8'),(258,258,'Default',1,'2017-02-15 12:42:45','2017-02-15 12:42:45','68d21891-f7e6-4ed3-bbd5-a6f9e4f5a840'),(261,263,'Content',1,'2017-02-19 23:12:47','2017-02-19 23:12:47','d29b7bcf-8734-4d2b-9be5-1d1fb74f2393'),(275,279,'Oppskrift',1,'2017-02-20 12:49:13','2017-02-20 12:49:13','2f294319-069c-4d41-919a-be0603424d8a'),(279,283,'Allergen',1,'2017-02-20 12:53:12','2017-02-20 12:53:12','f7b14c81-1ea9-4764-ba39-dac34d0be358'),(280,284,'Content',1,'2017-02-21 12:01:31','2017-02-21 12:01:31','cbce8141-705e-4637-87bf-15958beccac2'),(287,291,'Restauranten',1,'2017-02-26 18:48:42','2017-02-26 18:48:42','9cf3fdf5-99db-4b68-b997-41c44e8250cf'),(292,296,'Generelt',1,'2017-02-26 19:12:24','2017-02-26 19:12:24','6a816f79-7132-48bb-aea7-c2e4abb998fa'),(297,301,'Tab 1',1,'2017-02-26 19:16:25','2017-02-26 19:16:25','868783ac-86a6-473f-8b65-ed5f9266bdff'),(298,302,'Generelt',1,'2017-02-26 19:16:25','2017-02-26 19:16:25','91dbc2f1-a895-4a69-b7e4-57f611efffa7'),(299,303,'Content',1,'2017-02-26 19:34:32','2017-02-26 19:34:32','83dfc8bb-1957-4c24-93d9-548a2bf5d603'),(300,304,'Innhold',1,'2017-02-28 16:46:29','2017-02-28 16:46:29','fdabdad4-bfca-4084-8a3b-30828d592d6e');
/*!40000 ALTER TABLE `craft_fieldlayouttabs` ENABLE KEYS */;
UNLOCK TABLES;
COMMIT;

--
-- Table structure for table `craft_fields`
--

/*!40101 SET @saved_cs_client     = @@character_set_client */;
/*!40101 SET character_set_client = utf8 */;
CREATE TABLE `craft_fields` (
  `id` int(11) NOT NULL AUTO_INCREMENT,
  `groupId` int(11) DEFAULT NULL,
  `name` varchar(255) COLLATE utf8_unicode_ci NOT NULL,
  `handle` varchar(58) COLLATE utf8_unicode_ci NOT NULL,
  `context` varchar(255) COLLATE utf8_unicode_ci NOT NULL DEFAULT 'global',
  `instructions` text COLLATE utf8_unicode_ci,
  `translatable` tinyint(1) unsigned NOT NULL DEFAULT '0',
  `type` varchar(150) COLLATE utf8_unicode_ci NOT NULL,
  `settings` text COLLATE utf8_unicode_ci,
  `dateCreated` datetime NOT NULL,
  `dateUpdated` datetime NOT NULL,
  `uid` char(36) COLLATE utf8_unicode_ci NOT NULL DEFAULT '0',
  PRIMARY KEY (`id`),
  UNIQUE KEY `craft_fields_handle_context_unq_idx` (`handle`,`context`),
  KEY `craft_fields_context_idx` (`context`),
  KEY `craft_fields_groupId_fk` (`groupId`),
  CONSTRAINT `craft_fields_groupId_fk` FOREIGN KEY (`groupId`) REFERENCES `craft_fieldgroups` (`id`) ON DELETE CASCADE
) ENGINE=InnoDB AUTO_INCREMENT=136 DEFAULT CHARSET=utf8 COLLATE=utf8_unicode_ci;
/*!40101 SET character_set_client = @saved_cs_client */;

--
-- Dumping data for table `craft_fields`
--

LOCK TABLES `craft_fields` WRITE;
/*!40000 ALTER TABLE `craft_fields` DISABLE KEYS */;
SET autocommit=0;
INSERT INTO `craft_fields` VALUES (18,1,'Fokuspunkt','fokuspunkt','global','',0,'FocalPointField_FocalPoint','{\"defaultFocalPoint\":\"\"}','2016-01-19 15:58:29','2016-01-19 15:58:29','74a3919e-0f9f-4f9d-bc71-7e0335ce7f1d'),(21,1,'Alternativ tekst','alt','global','',0,'PlainText','{\"placeholder\":\"\",\"maxLength\":\"\",\"multiline\":\"\",\"initialRows\":\"4\"}','2016-02-15 11:49:15','2016-02-15 11:49:15','7592614d-9607-4aa9-9f4b-cd073d7a7de5'),(22,1,'Toppbilde','toppbilde','global','',0,'Assets','{\"useSingleFolder\":\"\",\"sources\":\"*\",\"defaultUploadLocationSource\":\"1\",\"defaultUploadLocationSubpath\":\"\",\"singleUploadLocationSource\":\"1\",\"singleUploadLocationSubpath\":\"\",\"restrictFiles\":\"1\",\"allowedKinds\":[\"image\"],\"limit\":\"1\",\"viewMode\":\"large\",\"selectionLabel\":\"\"}','2017-02-10 15:45:42','2017-02-10 15:45:42','c73d509d-119f-41c2-8839-c8f5413a6445'),(23,1,'Rik tekst','rikTekst','global','',0,'RichText','{\"configFile\":\"Simple.json\",\"availableAssetSources\":\"*\",\"availableTransforms\":\"*\",\"cleanupHtml\":\"1\",\"purifyHtml\":\"1\",\"columnType\":\"text\"}','2017-02-10 15:46:19','2017-02-14 12:59:28','c1dcd8f7-12f2-4a63-b62b-1377ab99843b'),(24,1,'Ren tekst','renTekst','global','',0,'PlainText','{\"placeholder\":\"\",\"maxLength\":\"\",\"multiline\":\"\",\"initialRows\":\"4\"}','2017-02-10 15:46:56','2017-02-10 15:46:56','2d90381d-9ce3-4990-9046-31107f5fb4b4'),(25,1,'Tittel','tittel','global','',0,'PlainText','{\"placeholder\":\"\",\"maxLength\":\"\",\"multiline\":\"\",\"initialRows\":\"4\"}','2017-02-10 16:06:50','2017-02-10 16:07:00','efad9b18-a85e-4715-9793-22442ef38880'),(26,6,'Åpningstider og booking','apningstiderOgBooking','global','Åpningstider og booking',0,'SuperTable','{\"columns\":{\"100\":{\"width\":\"10%\"},\"101\":{\"width\":\"10%\"},\"102\":{\"width\":\"35%\"},\"103\":{\"width\":\"20%\"}},\"fieldLayout\":\"table\",\"staticField\":null,\"selectionLabel\":\"Legg til flere rader\",\"maxRows\":\"2\"}','2017-02-10 16:10:25','2017-02-14 18:55:22','5e9ed770-ac1b-47e3-aa83-4006a41fdde1'),(27,NULL,'Tittel','tittel','matrixBlockType:1','',0,'PlainText','{\"placeholder\":\"\",\"maxLength\":\"\",\"multiline\":\"\",\"initialRows\":\"4\"}','2017-02-10 16:10:25','2017-02-14 12:59:14','dac4e294-7ddd-4e1b-a4d0-9c3186dab2ba'),(28,NULL,'Ikon','ikon','matrixBlockType:1','',0,'Assets','{\"useSingleFolder\":\"\",\"sources\":[\"folder:7\"],\"defaultUploadLocationSource\":\"1\",\"defaultUploadLocationSubpath\":\"\",\"singleUploadLocationSource\":\"1\",\"singleUploadLocationSubpath\":\"\",\"restrictFiles\":\"\",\"limit\":\"\",\"viewMode\":\"list\",\"selectionLabel\":\"\"}','2017-02-10 16:10:25','2017-02-14 12:59:14','27f1b220-afe4-4b71-9652-e0e339880627'),(29,NULL,'Rik tekst','rikTekst','matrixBlockType:1','',0,'RichText','{\"configFile\":\"Simple.json\",\"availableAssetSources\":\"*\",\"availableTransforms\":\"*\",\"cleanupHtml\":\"1\",\"purifyHtml\":\"1\",\"columnType\":\"text\"}','2017-02-10 16:10:25','2017-02-14 12:59:14','5c844a17-1836-44b8-b54d-81a88432b070'),(30,NULL,'Knapp','knapp','matrixBlockType:1','Knapp med lenke',0,'RichText','{\"configFile\":\"\",\"availableAssetSources\":\"*\",\"availableTransforms\":\"*\",\"cleanupHtml\":\"1\",\"purifyHtml\":\"1\",\"columnType\":\"text\"}','2017-02-10 16:10:25','2017-02-14 12:59:14','1d19ecd8-6aec-4c1d-b714-c66fca292fb9'),(46,6,'Restaurant','restaurantNeo','global','',0,'Neo','{\"maxBlocks\":null}','2017-02-12 16:19:20','2017-02-26 19:16:25','458ab69c-1df5-48ee-92f7-4388b0af869e'),(47,NULL,'Overskrift','overskrift','matrixBlockType:5','',0,'PlainText','{\"placeholder\":\"\",\"maxLength\":\"\",\"multiline\":\"\",\"initialRows\":\"4\"}','2017-02-12 16:19:20','2017-02-13 15:23:11','8fc3f890-8c25-4e4c-be39-e2973e489aa0'),(48,NULL,'Tekst','tekst','matrixBlockType:5','',0,'RichText','{\"configFile\":\"\",\"availableAssetSources\":\"*\",\"availableTransforms\":\"*\",\"cleanupHtml\":\"1\",\"purifyHtml\":\"1\",\"columnType\":\"text\"}','2017-02-12 16:19:20','2017-02-13 15:23:12','94dbb155-a030-42a5-88c4-5f94f805df13'),(49,NULL,'Bilde','bilde','matrixBlockType:5','',0,'Assets','{\"useSingleFolder\":\"\",\"sources\":\"*\",\"defaultUploadLocationSource\":\"1\",\"defaultUploadLocationSubpath\":\"\",\"singleUploadLocationSource\":\"1\",\"singleUploadLocationSubpath\":\"\",\"restrictFiles\":\"\",\"limit\":\"\",\"viewMode\":\"list\",\"selectionLabel\":\"\"}','2017-02-12 16:19:20','2017-02-13 15:23:12','c73a9993-bcaf-4537-b018-eab8c2ae2dd9'),(50,NULL,'Overskrift','overskrift','matrixBlockType:6','',0,'PlainText','{\"placeholder\":\"\",\"maxLength\":\"\",\"multiline\":\"\",\"initialRows\":\"4\"}','2017-02-12 16:21:45','2017-02-13 15:23:12','6e949a94-6c18-449a-8b7f-d58444287d24'),(51,NULL,'Tekst','tekst','matrixBlockType:6','',0,'RichText','{\"configFile\":\"\",\"availableAssetSources\":\"*\",\"availableTransforms\":\"*\",\"cleanupHtml\":\"1\",\"purifyHtml\":\"1\",\"columnType\":\"text\"}','2017-02-12 16:21:45','2017-02-13 15:23:13','9e0f4b8c-2d6f-4167-afde-43786bd58029'),(52,NULL,'Menyer','menyer','matrixBlockType:6','',0,'SuperTable','{\"columns\":{\"77\":{\"width\":\"\"},\"78\":{\"width\":\"\"}},\"fieldLayout\":\"table\",\"staticField\":null,\"selectionLabel\":\"Legg til flere rader\",\"maxRows\":null}','2017-02-12 16:21:45','2017-02-13 15:23:13','5370a78d-b8ce-4c0c-9958-2ac1b8ac20f9'),(53,4,'Bilde','bilde','global','',0,'Assets','{\"useSingleFolder\":\"\",\"sources\":\"*\",\"defaultUploadLocationSource\":\"1\",\"defaultUploadLocationSubpath\":\"\",\"singleUploadLocationSource\":\"1\",\"singleUploadLocationSubpath\":\"\",\"restrictFiles\":\"\",\"limit\":\"1\",\"viewMode\":\"large\",\"selectionLabel\":\"\"}','2017-02-13 12:13:45','2017-02-13 12:13:45','af20a2c7-f21b-4369-b8d4-ed9444449899'),(56,NULL,'Blokk','blokk','matrixBlockType:7','',0,'SuperTable','{\"columns\":{\"new1\":{\"width\":\"\"},\"new2\":{\"width\":\"\"},\"new3\":{\"width\":\"\"},\"new4\":{\"width\":\"\"}},\"fieldLayout\":\"table\",\"staticField\":null,\"selectionLabel\":\"Legg til flere rader\",\"maxRows\":null}','2017-02-13 12:27:30','2017-02-14 00:17:19','7d449cd3-7128-4283-be70-1d8cc99346a3'),(65,NULL,'Navn','navn','sproutForms:20','',0,'PlainText','{\"placeholder\":\"Ola Nordmann\",\"maxLength\":\"\",\"multiline\":\"\",\"initialRows\":\"4\"}','2017-02-13 13:39:13','2017-02-13 13:44:15','a2666431-53b3-4373-bea6-44323f966af9'),(66,NULL,'Epost','epost','sproutForms:20','',0,'PlainText','{\"placeholder\":\"ola@nordmann.no\",\"maxLength\":\"\",\"multiline\":\"\",\"initialRows\":\"4\"}','2017-02-13 13:39:13','2017-02-14 19:20:33','e68859ae-b0c8-47c2-b61c-59d385bead45'),(67,NULL,'Melding','melding','sproutForms:20','',0,'PlainText','{\"placeholder\":\"Din melding her\",\"maxLength\":\"\",\"multiline\":\"1\",\"initialRows\":\"4\"}','2017-02-13 13:39:14','2017-02-14 19:21:00','db65a8e9-968f-46fb-b0c2-b183b7edb042'),(68,NULL,'Plain Text Field','plainText','sproutForms:21',NULL,0,'PlainText','{\"placeholder\":\"\",\"maxLength\":\"\",\"multiline\":0,\"initialRows\":4}','2017-02-13 13:39:17','2017-02-13 13:39:17','74855b07-7c59-441e-9c6a-d057e936b95b'),(69,NULL,'Dropdown Field','dropdown','sproutForms:21',NULL,0,'Dropdown','{\"options\":[{\"label\":\"Option 1\",\"value\":\"option1\",\"default\":\"\"},{\"label\":\"Option 2\",\"value\":\"option2\",\"default\":\"\"},{\"label\":\"Option 3\",\"value\":\"option3\",\"default\":\"\"}]}','2017-02-13 13:39:18','2017-02-13 13:39:18','23eb9ee9-f4e4-4486-a058-943266d1a1a2'),(70,NULL,'Number Field','number','sproutForms:21',NULL,0,'Number','{\"min\":0,\"max\":\"\",\"decimals\":\"\"}','2017-02-13 13:39:18','2017-02-13 13:39:18','216f619c-4eed-4313-85c3-7dc8e89e7330'),(71,NULL,'Radio Buttons Field','radioButtons','sproutForms:21',NULL,0,'RadioButtons','{\"options\":[{\"label\":\"Option 1\",\"value\":\"option1\",\"default\":\"\"},{\"label\":\"Option 2\",\"value\":\"option2\",\"default\":\"\"},{\"label\":\"Option 3\",\"value\":\"option3\",\"default\":\"\"}]}','2017-02-13 13:39:19','2017-02-13 13:39:19','ada486cd-c5b5-4adb-ae07-2d1d61531598'),(72,NULL,'Checkboxes Field','checkboxes','sproutForms:21',NULL,0,'Checkboxes','{\"options\":[{\"label\":\"Option 1\",\"value\":\"option1\",\"default\":\"\"},{\"label\":\"Option 2\",\"value\":\"option2\",\"default\":\"\"},{\"label\":\"Option 3\",\"value\":\"option3\",\"default\":\"\"}]}','2017-02-13 13:39:19','2017-02-13 13:39:19','a6faa0eb-a478-4272-ad38-17197a2e2276'),(73,NULL,'Multi-select Field','multiSelect','sproutForms:21',NULL,0,'MultiSelect','{\"options\":[{\"label\":\"Option 1\",\"value\":\"option1\",\"default\":\"\"},{\"label\":\"Option 2\",\"value\":\"option2\",\"default\":\"\"},{\"label\":\"Option 3\",\"value\":\"option3\",\"default\":\"\"}]}','2017-02-13 13:39:20','2017-02-13 13:39:20','96d9b3e2-87a7-4a3c-9af1-e94debbbc88e'),(74,NULL,'Textarea Field','textarea','sproutForms:21',NULL,0,'PlainText','{\"placeholder\":\"\",\"maxLength\":\"\",\"multiline\":1,\"initialRows\":4}','2017-02-13 13:39:20','2017-02-13 13:39:20','ddbeca7d-153e-45f9-bf7e-30160f74b982'),(76,NULL,'Ikon','ikon','matrixBlockType:6','',0,'Assets','{\"useSingleFolder\":\"1\",\"sources\":\"*\",\"defaultUploadLocationSource\":\"1\",\"defaultUploadLocationSubpath\":\"\",\"singleUploadLocationSource\":\"7\",\"singleUploadLocationSubpath\":\"\",\"restrictFiles\":\"\",\"limit\":\"\",\"viewMode\":\"list\",\"selectionLabel\":\"\"}','2017-02-13 15:13:23','2017-02-13 15:23:12','072dcf1b-70d5-4537-82b1-013a0b0776bc'),(77,NULL,'Ikon','ikon','superTableBlockType:1','',0,'Assets','{\"useSingleFolder\":\"1\",\"sources\":\"*\",\"defaultUploadLocationSource\":\"1\",\"defaultUploadLocationSubpath\":\"\",\"singleUploadLocationSource\":\"7\",\"singleUploadLocationSubpath\":\"\",\"restrictFiles\":\"\",\"limit\":\"1\",\"viewMode\":\"large\",\"selectionLabel\":\"\"}','2017-02-13 15:15:41','2017-02-13 15:23:13','f78256d1-7d6e-4a45-b53a-2dddc2059433'),(78,NULL,'Tekst','tekst','superTableBlockType:1','',0,'RichText','{\"configFile\":\"\",\"availableAssetSources\":\"*\",\"availableTransforms\":\"*\",\"cleanupHtml\":\"1\",\"purifyHtml\":\"1\",\"columnType\":\"text\"}','2017-02-13 15:15:42','2017-02-13 15:23:13','75138a13-5978-4126-93dd-3e44e1f2bd4d'),(80,6,'Våre menyer','vareMenyer','global','',0,'SuperTable','{\"columns\":{\"81\":{\"width\":\"20%\"},\"82\":{\"width\":\"80%\"}},\"fieldLayout\":\"table\",\"staticField\":null,\"selectionLabel\":\"Legg til flere rader\",\"maxRows\":null}','2017-02-13 23:03:30','2017-02-14 18:45:10','33bf1b4f-7c34-40f2-a7f8-fd3756edab4d'),(81,NULL,'Ikon','ikon','superTableBlockType:2','',0,'Assets','{\"useSingleFolder\":\"1\",\"sources\":\"*\",\"defaultUploadLocationSource\":\"1\",\"defaultUploadLocationSubpath\":\"\",\"singleUploadLocationSource\":\"7\",\"singleUploadLocationSubpath\":\"\",\"restrictFiles\":\"\",\"limit\":\"1\",\"viewMode\":\"list\",\"selectionLabel\":\"\"}','2017-02-13 23:03:31','2017-02-14 18:45:10','1c14e2b9-7f14-4d3a-a91c-dc0f5d4c681c'),(82,NULL,'Tekst','tekst','superTableBlockType:2','',0,'RichText','{\"configFile\":\"Simple.json\",\"availableAssetSources\":\"*\",\"availableTransforms\":\"*\",\"cleanupHtml\":\"1\",\"purifyHtml\":\"1\",\"columnType\":\"text\"}','2017-02-13 23:03:31','2017-02-14 18:45:10','1067c7a5-9df2-4a48-ae3d-1176b87edb7c'),(83,NULL,'Type','type','superTableBlockType:3','',0,'RadioButtons','{\"options\":[{\"label\":\"Enkel\",\"value\":\"enkel\",\"default\":\"\"},{\"label\":\"Stort bilde\",\"value\":\"stortBilde\",\"default\":\"\"},{\"label\":\"Bildetekst\",\"value\":\"bildetekst\",\"default\":\"\"}]}','2017-02-14 00:17:19','2017-02-14 00:17:19','45413bf6-7572-4caa-bdb0-06e40b938bd2'),(84,NULL,'Tittel','tittel','superTableBlockType:3','',0,'PlainText','{\"placeholder\":\"\",\"maxLength\":\"\",\"multiline\":\"\",\"initialRows\":\"4\"}','2017-02-14 00:17:20','2017-02-14 00:17:20','f873615f-754e-480f-91b3-aecedb6e9bbc'),(85,NULL,'Tekst','tekst','superTableBlockType:3','',0,'PlainText','{\"placeholder\":\"\",\"maxLength\":\"\",\"multiline\":\"\",\"initialRows\":\"4\"}','2017-02-14 00:17:20','2017-02-14 00:17:20','4cdf8a18-6898-4445-8d53-aded818f6bb6'),(86,NULL,'Bilde','bilde','superTableBlockType:3','',0,'Assets','{\"useSingleFolder\":\"\",\"sources\":\"*\",\"defaultUploadLocationSource\":\"1\",\"defaultUploadLocationSubpath\":\"\",\"singleUploadLocationSource\":\"1\",\"singleUploadLocationSubpath\":\"\",\"restrictFiles\":\"\",\"limit\":\"\",\"viewMode\":\"list\",\"selectionLabel\":\"\"}','2017-02-14 00:17:20','2017-02-14 00:17:20','4bb8b2c1-ba61-40ac-afa7-a295ae41ff43'),(92,4,'Bildeposisjon','bildeposisjon','global','',0,'PositionSelect','{\"options\":[\"left\",\"right\",\"full\"]}','2017-02-14 00:30:07','2017-02-14 00:30:07','928c804d-0cb9-47f3-9b1f-f81d9b05ba98'),(93,4,'Bildetekstposisjon','bildetekstposisjon','global','',0,'PositionSelect','{\"options\":[\"left\",\"right\",\"drop-left\",\"drop-right\"]}','2017-02-14 00:48:20','2017-02-14 16:40:14','d1e6b67e-b41f-4357-9354-ee70ec94c054'),(94,4,'Bildetekst','bildetekst','global','',0,'RichText','{\"configFile\":\"\",\"availableAssetSources\":\"*\",\"availableTransforms\":\"*\",\"cleanupHtml\":\"1\",\"purifyHtml\":\"1\",\"columnType\":\"text\"}','2017-02-14 00:48:40','2017-02-14 00:48:40','e8c96bce-2294-43cb-8ba7-713a100410ef'),(95,4,'Mellomrom','mellomrom','global','',0,'ButtonBox_Buttons','{\"displayAsGraphic\":\"\",\"displayFullwidth\":\"\",\"options\":[{\"label\":\"Over\",\"showLabel\":\"1\",\"value\":\"over\",\"imageUrl\":\"\",\"default\":\"\"},{\"label\":\"Under\",\"showLabel\":\"1\",\"value\":\"under\",\"imageUrl\":\"\",\"default\":\"\"},{\"label\":\"Begge\",\"showLabel\":\"1\",\"value\":\"begge\",\"imageUrl\":\"\",\"default\":\"1\"},{\"label\":\"Ingen\",\"showLabel\":\"1\",\"value\":\"ingen\",\"imageUrl\":\"\",\"default\":\"\"}]}','2017-02-14 00:50:12','2017-02-14 13:24:31','ebb447d9-e4ce-4b82-aa06-908c155dc7bd'),(97,4,'Bildetekst?','bildetekstChkbox','global','',0,'Lightswitch','{\"default\":\"\"}','2017-02-14 01:51:40','2017-02-14 01:51:40','716cbd81-b6fe-4b5c-93e7-98e1773f66ae'),(98,4,'Bilde?','bildeChkbox','global','',0,'Lightswitch','{\"default\":\"\"}','2017-02-14 01:55:03','2017-02-14 01:55:03','ad330763-2190-46c2-b75c-02d402356e54'),(99,4,'Tekst?','tekstChkbox','global','',0,'Lightswitch','{\"default\":\"\"}','2017-02-14 01:57:45','2017-02-14 01:57:45','2f719122-a49c-4bc3-98c7-7ce8f186d27e'),(100,NULL,'Tittel','tittel','superTableBlockType:5','',0,'PlainText','{\"placeholder\":\"\",\"maxLength\":\"\",\"multiline\":\"\",\"initialRows\":\"4\"}','2017-02-14 13:18:25','2017-02-14 18:55:22','170b673b-3c4b-4aa0-87f3-909a841f17e9'),(101,NULL,'Ikon','ikon','superTableBlockType:5','',0,'Assets','{\"useSingleFolder\":\"1\",\"sources\":\"*\",\"defaultUploadLocationSource\":\"1\",\"defaultUploadLocationSubpath\":\"\",\"singleUploadLocationSource\":\"7\",\"singleUploadLocationSubpath\":\"\",\"restrictFiles\":\"\",\"limit\":\"1\",\"viewMode\":\"large\",\"selectionLabel\":\"\"}','2017-02-14 13:18:25','2017-02-14 18:55:22','81bd293c-efbc-4bfe-a804-32429dcd32c0'),(102,NULL,'Rik tekst','rikTekst','superTableBlockType:5','',0,'RichText','{\"configFile\":\"Simple.json\",\"availableAssetSources\":\"*\",\"availableTransforms\":\"*\",\"cleanupHtml\":\"1\",\"purifyHtml\":\"1\",\"columnType\":\"text\"}','2017-02-14 13:18:26','2017-02-14 18:55:22','08b462df-3d7e-4bd9-91fd-61da5fd1224c'),(103,NULL,'Knapp','knapp','superTableBlockType:5','Knapp med lenke',0,'RichText','{\"configFile\":\"Link.json\",\"availableAssetSources\":\"*\",\"availableTransforms\":\"*\",\"cleanupHtml\":\"1\",\"purifyHtml\":\"1\",\"columnType\":\"text\"}','2017-02-14 13:18:26','2017-02-14 18:55:22','228a0b53-9b03-44bf-a7d9-1e7c7a06c879'),(104,6,'Booking','booking','global','',0,'SuperTable','{\"columns\":{\"105\":{\"width\":\"\"},\"106\":{\"width\":\"\"},\"107\":{\"width\":\"\"},\"108\":{\"width\":\"\"}},\"fieldLayout\":\"row\",\"staticField\":\"1\",\"selectionLabel\":\"Legg til flere rader\",\"maxRows\":null}','2017-02-14 17:39:00','2017-02-14 18:44:24','8ec85481-b4a2-4c76-bded-39cf08680fa4'),(105,NULL,'Tittel','tittel','superTableBlockType:6','',0,'PlainText','{\"placeholder\":\"\",\"maxLength\":\"\",\"multiline\":\"\",\"initialRows\":\"4\"}','2017-02-14 17:40:05','2017-02-14 18:44:24','8a05b3dc-ea5f-4bb8-81b6-dba19d816fb0'),(106,NULL,'Ikon','ikon','superTableBlockType:6','',0,'Assets','{\"useSingleFolder\":\"1\",\"sources\":\"*\",\"defaultUploadLocationSource\":\"1\",\"defaultUploadLocationSubpath\":\"\",\"singleUploadLocationSource\":\"7\",\"singleUploadLocationSubpath\":\"\",\"restrictFiles\":\"\",\"limit\":\"1\",\"viewMode\":\"list\",\"selectionLabel\":\"\"}','2017-02-14 17:40:05','2017-02-14 18:44:24','1c49ff26-afe4-408d-bd99-c0372990db77'),(107,NULL,'Tekst','tekst','superTableBlockType:6','',0,'PlainText','{\"placeholder\":\"\",\"maxLength\":\"\",\"multiline\":\"\",\"initialRows\":\"4\"}','2017-02-14 17:40:05','2017-02-14 18:44:24','9f2adfdc-997a-4465-b516-336885213df8'),(108,NULL,'Map','map','superTableBlockType:6','',0,'SimpleMap_Map','{\"lat\":\"\",\"lng\":\"\",\"zoom\":\"\",\"height\":\"\",\"hideMap\":\"\",\"countryRestriction\":\"\",\"typeRestriction\":\"\",\"boundaryRestrictionNElat\":\"\",\"boundaryRestrictionNElng\":\"\",\"boundaryRestrictionSWlat\":\"\",\"boundaryRestrictionSWlng\":\"\"}','2017-02-14 18:20:39','2017-02-14 18:44:24','4ee335ad-3702-47c4-97b5-fd8643825716'),(110,NULL,'Type reservasjon','typeReservasjon','sproutForms:20','',0,'Checkboxes','{\"options\":[{\"label\":\"Selskap\",\"value\":\"selskap\",\"default\":\"\"},{\"label\":\"Kurs\\/konferanse\",\"value\":\"kursKonferanse\",\"default\":\"\"},{\"label\":\"Bord i restaurant\",\"value\":\"bordIRestaurant\",\"default\":\"\"}]}','2017-02-15 12:36:06','2017-02-15 12:36:06','526d7e81-42a7-460f-9ce7-a85c019c187b'),(112,NULL,'Ingrediens','ingrediens','superTableBlockType:7','',0,'Tags','{\"source\":\"taggroup:3\",\"selectionLabel\":\"\"}','2017-02-19 23:11:51','2017-02-19 23:12:47','e8d542f3-3c9c-44d4-84ce-64004ab7e4e7'),(113,NULL,'Allergen','allergen','superTableBlockType:7','',0,'Tags','{\"source\":\"taggroup:2\",\"selectionLabel\":\"\"}','2017-02-19 23:11:51','2017-02-19 23:12:47','5297aecd-a158-4ec4-80ae-5a7d996ea8df'),(114,7,'Meny','meny','global','',0,'Matrix','{\"maxBlocks\":null}','2017-02-19 23:15:42','2017-02-21 12:01:31','c96eef6c-8b77-4776-95a3-43f9ee4a8704'),(119,NULL,'Tittel','tittel','matrixBlockType:10','',0,'PlainText','{\"placeholder\":\"\",\"maxLength\":\"\",\"multiline\":\"\",\"initialRows\":\"4\"}','2017-02-19 23:36:59','2017-02-21 12:01:31','549b927e-69b0-4abb-816d-a90468f7d7ed'),(120,NULL,'Tidspunkt','tidspunkt','matrixBlockType:10','',0,'PlainText','{\"placeholder\":\"\",\"maxLength\":\"\",\"multiline\":\"\",\"initialRows\":\"4\"}','2017-02-19 23:36:59','2017-02-21 12:01:31','a11be89e-e10d-423b-9dab-598b3f60c779'),(121,NULL,'Oppskrifter','oppskrifter','matrixBlockType:10','',0,'Entries','{\"sources\":[\"section:5\"],\"limit\":\"\",\"selectionLabel\":\"\"}','2017-02-19 23:36:59','2017-02-21 12:01:31','8819b081-f837-4515-918d-e3b7e52ba453'),(124,1,'Ikon','ikon','global','',0,'Assets','{\"useSingleFolder\":\"\",\"sources\":[\"folder:7\"],\"defaultUploadLocationSource\":\"7\",\"defaultUploadLocationSubpath\":\"\",\"singleUploadLocationSource\":\"1\",\"singleUploadLocationSubpath\":\"\",\"restrictFiles\":\"\",\"limit\":\"1\",\"viewMode\":\"list\",\"selectionLabel\":\"\"}','2017-02-20 12:03:24','2017-02-20 12:03:24','25578317-a0ff-451e-bacf-a82bbfb07793'),(127,7,'Oppskrift','oppskrift','global','',0,'SuperTable','{\"columns\":{\"129\":{\"width\":\"60%\"},\"131\":{\"width\":\"20%\"},\"130\":{\"width\":\"20%\"}},\"fieldLayout\":\"table\",\"staticField\":\"1\",\"selectionLabel\":\"Legg til flere rader\",\"maxRows\":null}','2017-02-20 12:49:07','2017-02-26 19:34:31','00074a19-4a9d-4f5c-859c-322cf0cb3d60'),(129,NULL,'Tekst','tekst','superTableBlockType:9','',0,'RichText','{\"configFile\":\"Simple.json\",\"availableAssetSources\":\"*\",\"availableTransforms\":\"*\",\"cleanupHtml\":\"1\",\"purifyHtml\":\"1\",\"columnType\":\"text\"}','2017-02-20 12:49:07','2017-02-26 19:34:31','9dc5040e-239e-452c-8de8-fba8478f7d55'),(130,NULL,'Pris','pris','superTableBlockType:9','',0,'PlainText','{\"placeholder\":\"\",\"maxLength\":\"\",\"multiline\":\"\",\"initialRows\":\"4\"}','2017-02-20 12:49:08','2017-02-26 19:34:32','dfd7f315-90ef-48e6-932a-c73a32ab1449'),(131,NULL,'Allergener','allergener','superTableBlockType:9','',0,'Categories','{\"source\":\"group:1\",\"limit\":\"\",\"selectionLabel\":\"Nytt allergen\"}','2017-02-20 12:50:12','2017-02-26 19:34:32','263944ee-7968-422e-bb0d-32486d321a14'),(132,NULL,'Ikon','ikon','matrixBlockType:10','',0,'Assets','{\"useSingleFolder\":\"\",\"sources\":[\"folder:7\"],\"defaultUploadLocationSource\":\"7\",\"defaultUploadLocationSubpath\":\"\",\"singleUploadLocationSource\":\"7\",\"singleUploadLocationSubpath\":\"\",\"restrictFiles\":\"\",\"limit\":\"1\",\"viewMode\":\"list\",\"selectionLabel\":\"\"}','2017-02-21 12:01:31','2017-02-21 12:01:31','6cf9ffa1-35c7-4680-ae8f-316dad5eec1d'),(133,4,'Designblokk','designblokkNeo','global','',0,'Neo','{\"maxBlocks\":null}','2017-02-26 18:42:25','2017-02-26 19:12:24','7785e66b-c3ae-4693-8de6-a0f6aad8b3ec'),(135,4,'Antall kolonner','antallKolonner','global','',0,'ButtonBox_Buttons','{\"displayAsGraphic\":\"\",\"displayFullwidth\":\"\",\"options\":[{\"label\":\"1\",\"showLabel\":\"1\",\"value\":\"1\",\"imageUrl\":\"\",\"default\":\"1\"},{\"label\":\"2\",\"showLabel\":\"1\",\"value\":\"2\",\"imageUrl\":\"\",\"default\":\"\"}]}','2017-02-26 18:50:39','2017-02-26 19:18:29','8487014f-8dd7-46bc-bdc4-af92e0999913');
/*!40000 ALTER TABLE `craft_fields` ENABLE KEYS */;
UNLOCK TABLES;
COMMIT;

--
-- Table structure for table `craft_globalsets`
--

/*!40101 SET @saved_cs_client     = @@character_set_client */;
/*!40101 SET character_set_client = utf8 */;
CREATE TABLE `craft_globalsets` (
  `id` int(11) NOT NULL,
  `name` varchar(255) COLLATE utf8_unicode_ci NOT NULL,
  `handle` varchar(255) COLLATE utf8_unicode_ci NOT NULL,
  `fieldLayoutId` int(10) DEFAULT NULL,
  `dateCreated` datetime NOT NULL,
  `dateUpdated` datetime NOT NULL,
  `uid` char(36) COLLATE utf8_unicode_ci NOT NULL DEFAULT '0',
  PRIMARY KEY (`id`),
  UNIQUE KEY `craft_globalsets_name_unq_idx` (`name`),
  UNIQUE KEY `craft_globalsets_handle_unq_idx` (`handle`),
  KEY `craft_globalsets_fieldLayoutId_fk` (`fieldLayoutId`),
  CONSTRAINT `craft_globalsets_fieldLayoutId_fk` FOREIGN KEY (`fieldLayoutId`) REFERENCES `craft_fieldlayouts` (`id`) ON DELETE SET NULL,
  CONSTRAINT `craft_globalsets_id_fk` FOREIGN KEY (`id`) REFERENCES `craft_elements` (`id`) ON DELETE CASCADE
) ENGINE=InnoDB DEFAULT CHARSET=utf8 COLLATE=utf8_unicode_ci;
/*!40101 SET character_set_client = @saved_cs_client */;

--
-- Dumping data for table `craft_globalsets`
--

LOCK TABLES `craft_globalsets` WRITE;
/*!40000 ALTER TABLE `craft_globalsets` DISABLE KEYS */;
SET autocommit=0;
INSERT INTO `craft_globalsets` VALUES (184,'Footer','footer',304,'2017-02-28 16:46:29','2017-02-28 16:46:29','87307a42-75a8-4d99-9d0b-08619b18e8fe');
/*!40000 ALTER TABLE `craft_globalsets` ENABLE KEYS */;
UNLOCK TABLES;
COMMIT;

--
-- Table structure for table `craft_info`
--

/*!40101 SET @saved_cs_client     = @@character_set_client */;
/*!40101 SET character_set_client = utf8 */;
CREATE TABLE `craft_info` (
  `id` int(11) NOT NULL AUTO_INCREMENT,
  `version` varchar(50) COLLATE utf8_unicode_ci NOT NULL,
  `schemaVersion` varchar(15) COLLATE utf8_unicode_ci NOT NULL,
  `edition` tinyint(1) unsigned NOT NULL DEFAULT '0',
  `siteName` varchar(100) COLLATE utf8_unicode_ci NOT NULL,
  `siteUrl` varchar(255) COLLATE utf8_unicode_ci NOT NULL,
  `timezone` varchar(30) COLLATE utf8_unicode_ci DEFAULT NULL,
  `on` tinyint(1) unsigned NOT NULL DEFAULT '0',
  `maintenance` tinyint(1) unsigned NOT NULL DEFAULT '0',
  `dateCreated` datetime NOT NULL,
  `dateUpdated` datetime NOT NULL,
  `uid` char(36) COLLATE utf8_unicode_ci NOT NULL DEFAULT '0',
  PRIMARY KEY (`id`)
) ENGINE=InnoDB AUTO_INCREMENT=2 DEFAULT CHARSET=utf8 COLLATE=utf8_unicode_ci;
/*!40101 SET character_set_client = @saved_cs_client */;

--
-- Dumping data for table `craft_info`
--

LOCK TABLES `craft_info` WRITE;
/*!40000 ALTER TABLE `craft_info` DISABLE KEYS */;
SET autocommit=0;
INSERT INTO `craft_info` VALUES (1,'2.6.2959','2.6.9',0,'Festningen servering og kulturarena','{siteUrl}','Europe/Oslo',1,0,'2014-10-08 10:49:45','2017-02-08 16:28:24','ce6e6378-3719-45f4-88b1-640f0e5e22c4');
/*!40000 ALTER TABLE `craft_info` ENABLE KEYS */;
UNLOCK TABLES;
COMMIT;

--
-- Table structure for table `craft_locales`
--

/*!40101 SET @saved_cs_client     = @@character_set_client */;
/*!40101 SET character_set_client = utf8 */;
CREATE TABLE `craft_locales` (
  `locale` char(12) COLLATE utf8_unicode_ci NOT NULL,
  `sortOrder` smallint(6) unsigned DEFAULT NULL,
  `dateCreated` datetime NOT NULL,
  `dateUpdated` datetime NOT NULL,
  `uid` char(36) COLLATE utf8_unicode_ci NOT NULL DEFAULT '0',
  PRIMARY KEY (`locale`),
  KEY `craft_locales_sortOrder_idx` (`sortOrder`)
) ENGINE=InnoDB DEFAULT CHARSET=utf8 COLLATE=utf8_unicode_ci;
/*!40101 SET character_set_client = @saved_cs_client */;

--
-- Dumping data for table `craft_locales`
--

LOCK TABLES `craft_locales` WRITE;
/*!40000 ALTER TABLE `craft_locales` DISABLE KEYS */;
SET autocommit=0;
INSERT INTO `craft_locales` VALUES ('nb_no',1,'2014-10-08 10:49:46','2014-10-08 10:49:46','60083433-3d9f-4116-8d2d-1c91c6e178bc');
/*!40000 ALTER TABLE `craft_locales` ENABLE KEYS */;
UNLOCK TABLES;
COMMIT;

--
-- Table structure for table `craft_matrixblocks`
--

/*!40101 SET @saved_cs_client     = @@character_set_client */;
/*!40101 SET character_set_client = utf8 */;
CREATE TABLE `craft_matrixblocks` (
  `id` int(11) NOT NULL,
  `ownerId` int(11) NOT NULL,
  `fieldId` int(11) NOT NULL,
  `typeId` int(11) DEFAULT NULL,
  `sortOrder` smallint(6) unsigned DEFAULT NULL,
  `ownerLocale` char(12) COLLATE utf8_unicode_ci DEFAULT NULL,
  `dateCreated` datetime NOT NULL,
  `dateUpdated` datetime NOT NULL,
  `uid` char(36) COLLATE utf8_unicode_ci NOT NULL DEFAULT '0',
  PRIMARY KEY (`id`),
  KEY `craft_matrixblocks_ownerId_idx` (`ownerId`),
  KEY `craft_matrixblocks_fieldId_idx` (`fieldId`),
  KEY `craft_matrixblocks_typeId_idx` (`typeId`),
  KEY `craft_matrixblocks_sortOrder_idx` (`sortOrder`),
  KEY `craft_matrixblocks_ownerLocale_fk` (`ownerLocale`),
  CONSTRAINT `craft_matrixblocks_fieldId_fk` FOREIGN KEY (`fieldId`) REFERENCES `craft_fields` (`id`) ON DELETE CASCADE,
  CONSTRAINT `craft_matrixblocks_id_fk` FOREIGN KEY (`id`) REFERENCES `craft_elements` (`id`) ON DELETE CASCADE,
  CONSTRAINT `craft_matrixblocks_ownerId_fk` FOREIGN KEY (`ownerId`) REFERENCES `craft_elements` (`id`) ON DELETE CASCADE,
  CONSTRAINT `craft_matrixblocks_ownerLocale_fk` FOREIGN KEY (`ownerLocale`) REFERENCES `craft_locales` (`locale`) ON DELETE CASCADE ON UPDATE CASCADE,
  CONSTRAINT `craft_matrixblocks_typeId_fk` FOREIGN KEY (`typeId`) REFERENCES `craft_matrixblocktypes` (`id`) ON DELETE CASCADE
) ENGINE=InnoDB DEFAULT CHARSET=utf8 COLLATE=utf8_unicode_ci;
/*!40101 SET character_set_client = @saved_cs_client */;

--
-- Dumping data for table `craft_matrixblocks`
--

LOCK TABLES `craft_matrixblocks` WRITE;
/*!40000 ALTER TABLE `craft_matrixblocks` DISABLE KEYS */;
SET autocommit=0;
INSERT INTO `craft_matrixblocks` VALUES (10,2,26,1,1,NULL,'2017-02-10 16:12:46','2017-02-14 13:02:47','ac0d97b3-b0d0-4233-a805-defd59903454'),(11,2,26,1,2,NULL,'2017-02-10 16:12:46','2017-02-14 13:02:47','b87d020a-6602-4d25-bd3a-b0fcad65049f'),(18,2,46,5,1,NULL,'2017-02-12 16:23:11','2017-02-13 22:57:24','1ebf1595-1d0b-485a-9a47-0edb0cb88a8e'),(89,3,114,10,3,NULL,'2017-02-19 23:38:07','2017-02-28 16:34:05','9206193b-ae82-4aea-b78d-572d969ebe24'),(156,3,114,10,2,NULL,'2017-02-20 13:34:12','2017-02-28 16:34:05','302ebdb1-6a26-4ddb-8ff4-057230f3cf67'),(157,3,114,10,1,NULL,'2017-02-20 13:34:12','2017-02-28 16:34:05','b8b25351-f549-4458-ae09-359fdea90efe');
/*!40000 ALTER TABLE `craft_matrixblocks` ENABLE KEYS */;
UNLOCK TABLES;
COMMIT;

--
-- Table structure for table `craft_matrixblocktypes`
--

/*!40101 SET @saved_cs_client     = @@character_set_client */;
/*!40101 SET character_set_client = utf8 */;
CREATE TABLE `craft_matrixblocktypes` (
  `id` int(11) NOT NULL AUTO_INCREMENT,
  `fieldId` int(11) NOT NULL,
  `fieldLayoutId` int(11) DEFAULT NULL,
  `name` varchar(255) COLLATE utf8_unicode_ci NOT NULL,
  `handle` varchar(255) COLLATE utf8_unicode_ci NOT NULL,
  `sortOrder` smallint(6) unsigned DEFAULT NULL,
  `dateCreated` datetime NOT NULL,
  `dateUpdated` datetime NOT NULL,
  `uid` char(36) COLLATE utf8_unicode_ci NOT NULL DEFAULT '0',
  PRIMARY KEY (`id`),
  UNIQUE KEY `craft_matrixblocktypes_name_fieldId_unq_idx` (`name`,`fieldId`),
  UNIQUE KEY `craft_matrixblocktypes_handle_fieldId_unq_idx` (`handle`,`fieldId`),
  KEY `craft_matrixblocktypes_fieldId_fk` (`fieldId`),
  KEY `craft_matrixblocktypes_fieldLayoutId_fk` (`fieldLayoutId`),
  CONSTRAINT `craft_matrixblocktypes_fieldId_fk` FOREIGN KEY (`fieldId`) REFERENCES `craft_fields` (`id`) ON DELETE CASCADE,
  CONSTRAINT `craft_matrixblocktypes_fieldLayoutId_fk` FOREIGN KEY (`fieldLayoutId`) REFERENCES `craft_fieldlayouts` (`id`) ON DELETE SET NULL
) ENGINE=InnoDB AUTO_INCREMENT=11 DEFAULT CHARSET=utf8 COLLATE=utf8_unicode_ci;
/*!40101 SET character_set_client = @saved_cs_client */;

--
-- Dumping data for table `craft_matrixblocktypes`
--

LOCK TABLES `craft_matrixblocktypes` WRITE;
/*!40000 ALTER TABLE `craft_matrixblocktypes` DISABLE KEYS */;
SET autocommit=0;
INSERT INTO `craft_matrixblocktypes` VALUES (1,26,231,'Blokk','blokk',1,'2017-02-10 16:10:25','2017-02-14 12:59:14','a3a404a8-7cf6-4808-b23b-cdc5908893c4'),(5,46,109,'Enkel','enkel',1,'2017-02-12 16:19:20','2017-02-13 15:23:12','55995f5a-8564-4512-ab00-94b089f29429'),(6,46,111,'Menyer','menyer',2,'2017-02-12 16:21:45','2017-02-13 15:23:14','f7b50894-8f27-4761-83ec-a578abb60e12'),(10,114,284,'Meny','meny',1,'2017-02-19 23:36:59','2017-02-21 12:01:31','d011a4d0-9825-45a9-9072-9417a6f246a3');
/*!40000 ALTER TABLE `craft_matrixblocktypes` ENABLE KEYS */;
UNLOCK TABLES;
COMMIT;

--
-- Table structure for table `craft_matrixcontent_apningstiderogbooking`
--

/*!40101 SET @saved_cs_client     = @@character_set_client */;
/*!40101 SET character_set_client = utf8 */;
CREATE TABLE `craft_matrixcontent_apningstiderogbooking` (
  `id` int(11) NOT NULL AUTO_INCREMENT,
  `elementId` int(11) NOT NULL,
  `locale` char(12) COLLATE utf8_unicode_ci NOT NULL,
  `field_blokk_tittel` text COLLATE utf8_unicode_ci,
  `field_blokk_rikTekst` text COLLATE utf8_unicode_ci,
  `field_blokk_knapp` text COLLATE utf8_unicode_ci,
  `dateCreated` datetime NOT NULL,
  `dateUpdated` datetime NOT NULL,
  `uid` char(36) COLLATE utf8_unicode_ci NOT NULL DEFAULT '0',
  PRIMARY KEY (`id`),
  UNIQUE KEY `craft_matrixcontent_apningstiderogbookin_elementId_locale_unq_id` (`elementId`,`locale`),
  KEY `craft_matrixcontent_apningstiderogbooking_locale_fk` (`locale`),
  CONSTRAINT `craft_matrixcontent_apningstiderogbooking_elementId_fk` FOREIGN KEY (`elementId`) REFERENCES `craft_elements` (`id`) ON DELETE CASCADE,
  CONSTRAINT `craft_matrixcontent_apningstiderogbooking_locale_fk` FOREIGN KEY (`locale`) REFERENCES `craft_locales` (`locale`) ON DELETE CASCADE ON UPDATE CASCADE
) ENGINE=InnoDB AUTO_INCREMENT=3 DEFAULT CHARSET=utf8 COLLATE=utf8_unicode_ci;
/*!40101 SET character_set_client = @saved_cs_client */;

--
-- Dumping data for table `craft_matrixcontent_apningstiderogbooking`
--

LOCK TABLES `craft_matrixcontent_apningstiderogbooking` WRITE;
/*!40000 ALTER TABLE `craft_matrixcontent_apningstiderogbooking` DISABLE KEYS */;
SET autocommit=0;
INSERT INTO `craft_matrixcontent_apningstiderogbooking` VALUES (1,10,'nb_no','Åpningstider','<table><tbody><tr><th>Tirsdag - Fredag</th>\r\n    <th class=\"tg-yw4l\">11:00 - 23:00</th>\r\n  </tr><tr><td>Lørdag - Søndag</td>\r\n    <td>11:00 - 23:00</td>\r\n  </tr></tbody></table><p><br /></p>\r\n<p>Møter og selskap etter avtale</p>','<p><a href=\"tel:45052666\">TLF: 450 52 666</a></p>','2017-02-10 16:12:46','2017-02-14 13:02:47','665657b8-12a2-4565-84dc-14fb050bfcf9'),(2,11,'nb_no','Booking','<p>Reserver bord eller book <strong>egne dedikerte selskapslokaler med eget vertskap</strong> og underholdning. </p>','<p><a href=\"mailto:kommandanten@festningenservering.no\">Send epost</a></p>','2017-02-10 16:12:46','2017-02-14 13:02:47','ebf2a9f1-e288-4a7f-9236-23009eb2a71a');
/*!40000 ALTER TABLE `craft_matrixcontent_apningstiderogbooking` ENABLE KEYS */;
UNLOCK TABLES;
COMMIT;

--
-- Table structure for table `craft_matrixcontent_blokktype`
--

/*!40101 SET @saved_cs_client     = @@character_set_client */;
/*!40101 SET character_set_client = utf8 */;
CREATE TABLE `craft_matrixcontent_blokktype` (
  `id` int(11) NOT NULL AUTO_INCREMENT,
  `elementId` int(11) NOT NULL,
  `locale` char(12) COLLATE utf8_unicode_ci NOT NULL,
  `dateCreated` datetime NOT NULL,
  `dateUpdated` datetime NOT NULL,
  `uid` char(36) COLLATE utf8_unicode_ci NOT NULL DEFAULT '0',
  PRIMARY KEY (`id`),
  UNIQUE KEY `craft_matrixcontent_blokktype_elementId_locale_unq_idx` (`elementId`,`locale`),
  KEY `craft_matrixcontent_blokktype_locale_idx` (`locale`),
  CONSTRAINT `craft_matrixcontent_blokktype_elementId_fk` FOREIGN KEY (`elementId`) REFERENCES `craft_elements` (`id`) ON DELETE CASCADE,
  CONSTRAINT `craft_matrixcontent_blokktype_locale_fk` FOREIGN KEY (`locale`) REFERENCES `craft_locales` (`locale`) ON DELETE CASCADE ON UPDATE CASCADE
) ENGINE=InnoDB DEFAULT CHARSET=utf8 COLLATE=utf8_unicode_ci;
/*!40101 SET character_set_client = @saved_cs_client */;

--
-- Dumping data for table `craft_matrixcontent_blokktype`
--

LOCK TABLES `craft_matrixcontent_blokktype` WRITE;
/*!40000 ALTER TABLE `craft_matrixcontent_blokktype` DISABLE KEYS */;
SET autocommit=0;
/*!40000 ALTER TABLE `craft_matrixcontent_blokktype` ENABLE KEYS */;
UNLOCK TABLES;
COMMIT;

--
-- Table structure for table `craft_matrixcontent_meny`
--

/*!40101 SET @saved_cs_client     = @@character_set_client */;
/*!40101 SET character_set_client = utf8 */;
CREATE TABLE `craft_matrixcontent_meny` (
  `id` int(11) NOT NULL AUTO_INCREMENT,
  `elementId` int(11) NOT NULL,
  `locale` char(12) COLLATE utf8_unicode_ci NOT NULL,
  `field_meny_tittel` text COLLATE utf8_unicode_ci,
  `field_meny_tidspunkt` text COLLATE utf8_unicode_ci,
  `dateCreated` datetime NOT NULL,
  `dateUpdated` datetime NOT NULL,
  `uid` char(36) COLLATE utf8_unicode_ci NOT NULL DEFAULT '0',
  PRIMARY KEY (`id`),
  UNIQUE KEY `craft_matrixcontent_meny_elementId_locale_unq_idx` (`elementId`,`locale`),
  KEY `craft_matrixcontent_meny_locale_fk` (`locale`),
  CONSTRAINT `craft_matrixcontent_meny_elementId_fk` FOREIGN KEY (`elementId`) REFERENCES `craft_elements` (`id`) ON DELETE CASCADE,
  CONSTRAINT `craft_matrixcontent_meny_locale_fk` FOREIGN KEY (`locale`) REFERENCES `craft_locales` (`locale`) ON DELETE CASCADE ON UPDATE CASCADE
) ENGINE=InnoDB AUTO_INCREMENT=4 DEFAULT CHARSET=utf8 COLLATE=utf8_unicode_ci;
/*!40101 SET character_set_client = @saved_cs_client */;

--
-- Dumping data for table `craft_matrixcontent_meny`
--

LOCK TABLES `craft_matrixcontent_meny` WRITE;
/*!40000 ALTER TABLE `craft_matrixcontent_meny` DISABLE KEYS */;
SET autocommit=0;
INSERT INTO `craft_matrixcontent_meny` VALUES (1,89,'nb_no','Lunsjmeny','11:00 - 16:00','2017-02-19 23:38:07','2017-02-28 16:34:05','ac0e9987-a774-4185-b0df-83c6fddb950b'),(2,156,'nb_no','Klassisk meny','16:00 - 23:00','2017-02-20 13:34:12','2017-02-28 16:34:05','36d6728e-df97-4d26-96ff-58eb53a740dc'),(3,157,'nb_no','Ukens 3-retter','16:00 - 23:00','2017-02-20 13:34:12','2017-02-28 16:34:05','6bd15b07-0d5c-46a7-84e4-f200a86d5b90');
/*!40000 ALTER TABLE `craft_matrixcontent_meny` ENABLE KEYS */;
UNLOCK TABLES;
COMMIT;

--
-- Table structure for table `craft_matrixcontent_restaurant`
--

/*!40101 SET @saved_cs_client     = @@character_set_client */;
/*!40101 SET character_set_client = utf8 */;
CREATE TABLE `craft_matrixcontent_restaurant` (
  `id` int(11) NOT NULL AUTO_INCREMENT,
  `elementId` int(11) NOT NULL,
  `locale` char(12) COLLATE utf8_unicode_ci NOT NULL,
  `field_enkel_overskrift` text COLLATE utf8_unicode_ci,
  `field_enkel_tekst` text COLLATE utf8_unicode_ci,
  `field_menyer_overskrift` text COLLATE utf8_unicode_ci,
  `field_menyer_tekst` text COLLATE utf8_unicode_ci,
  `dateCreated` datetime NOT NULL,
  `dateUpdated` datetime NOT NULL,
  `uid` char(36) COLLATE utf8_unicode_ci NOT NULL DEFAULT '0',
  PRIMARY KEY (`id`),
  UNIQUE KEY `craft_matrixcontent_restaurant_elementId_locale_unq_idx` (`elementId`,`locale`),
  KEY `craft_matrixcontent_restaurant_locale_fk` (`locale`),
  CONSTRAINT `craft_matrixcontent_restaurant_elementId_fk` FOREIGN KEY (`elementId`) REFERENCES `craft_elements` (`id`) ON DELETE CASCADE,
  CONSTRAINT `craft_matrixcontent_restaurant_locale_fk` FOREIGN KEY (`locale`) REFERENCES `craft_locales` (`locale`) ON DELETE CASCADE ON UPDATE CASCADE
) ENGINE=InnoDB AUTO_INCREMENT=2 DEFAULT CHARSET=utf8 COLLATE=utf8_unicode_ci;
/*!40101 SET character_set_client = @saved_cs_client */;

--
-- Dumping data for table `craft_matrixcontent_restaurant`
--

LOCK TABLES `craft_matrixcontent_restaurant` WRITE;
/*!40000 ALTER TABLE `craft_matrixcontent_restaurant` DISABLE KEYS */;
SET autocommit=0;
INSERT INTO `craft_matrixcontent_restaurant` VALUES (1,18,'nb_no','Restauranten','<p>Lorem ipsum dolor sit amet, consectetur adipiscing elit, sed do eiusmod tempor incididunt ut labore et dolore magna aliqua. Ut enim ad minim veniam, quis nostrud exercitation ullamco laboris nisi.Lorem ipsum dolor sit amet, consectetur adipiscing elit, sed do eiusmod tempor incididunt ut labore.<br /><br /><a href=\"http://festningen.local/restaurant\"><strong>Les mer</strong></a></p>',NULL,NULL,'2017-02-12 16:23:11','2017-02-13 22:57:24','6d4cb709-bf6d-4f22-8f9f-aca3f24e07b9');
/*!40000 ALTER TABLE `craft_matrixcontent_restaurant` ENABLE KEYS */;
UNLOCK TABLES;
COMMIT;

--
-- Table structure for table `craft_migrations`
--

/*!40101 SET @saved_cs_client     = @@character_set_client */;
/*!40101 SET character_set_client = utf8 */;
CREATE TABLE `craft_migrations` (
  `id` int(11) NOT NULL AUTO_INCREMENT,
  `pluginId` int(11) DEFAULT NULL,
  `version` varchar(255) COLLATE utf8_unicode_ci NOT NULL,
  `applyTime` datetime NOT NULL,
  `dateCreated` datetime NOT NULL,
  `dateUpdated` datetime NOT NULL,
  `uid` char(36) COLLATE utf8_unicode_ci NOT NULL DEFAULT '0',
  PRIMARY KEY (`id`),
  UNIQUE KEY `craft_migrations_version_unq_idx` (`version`),
  KEY `craft_migrations_pluginId_fk` (`pluginId`),
  CONSTRAINT `craft_migrations_pluginId_fk` FOREIGN KEY (`pluginId`) REFERENCES `craft_plugins` (`id`) ON DELETE CASCADE
) ENGINE=InnoDB AUTO_INCREMENT=110 DEFAULT CHARSET=utf8 COLLATE=utf8_unicode_ci;
/*!40101 SET character_set_client = @saved_cs_client */;

--
-- Dumping data for table `craft_migrations`
--

LOCK TABLES `craft_migrations` WRITE;
/*!40000 ALTER TABLE `craft_migrations` DISABLE KEYS */;
SET autocommit=0;
INSERT INTO `craft_migrations` VALUES (1,NULL,'m000000_000000_base','2014-10-08 10:49:46','2014-10-08 10:49:46','2014-10-08 10:49:46','42d71bf0-6913-4eaa-9e38-d36bea1be5a8'),(2,NULL,'m140730_000001_add_filename_and_format_to_transformindex','2014-10-08 10:49:46','2014-10-08 10:49:46','2014-10-08 10:49:46','b3815782-326e-42bd-aab2-b7df98a331cc'),(3,NULL,'m140815_000001_add_format_to_transforms','2014-10-08 10:49:46','2014-10-08 10:49:46','2014-10-08 10:49:46','d16c46c4-1e70-4db1-a35b-369052650590'),(4,NULL,'m140822_000001_allow_more_than_128_items_per_field','2014-10-08 10:49:46','2014-10-08 10:49:46','2014-10-08 10:49:46','cfc81698-5ad6-4774-b348-8b83b7cb8f1e'),(5,NULL,'m140829_000001_single_title_formats','2014-10-08 10:49:46','2014-10-08 10:49:46','2014-10-08 10:49:46','198b1671-c688-4a74-9897-0211fddd2566'),(6,NULL,'m140831_000001_extended_cache_keys','2014-10-08 10:49:46','2014-10-08 10:49:46','2014-10-08 10:49:46','2d510d43-bb61-470e-a8ab-55672d6738ab'),(7,NULL,'m140922_000001_delete_orphaned_matrix_blocks','2014-10-08 10:49:46','2014-10-08 10:49:46','2014-10-08 10:49:46','399632eb-8668-43a1-a28d-2e933310cb4f'),(9,NULL,'m141008_000001_elements_index_tune','2014-12-12 08:34:38','2014-12-12 08:34:38','2014-12-12 08:34:38','1c96e5aa-cb60-4c43-bd6a-c0bd38773675'),(10,NULL,'m141009_000001_assets_source_handle','2014-12-12 08:34:38','2014-12-12 08:34:38','2014-12-12 08:34:38','ee995679-dce6-4bb5-814a-ef4eb48d9e5c'),(11,NULL,'m141024_000001_field_layout_tabs','2014-12-12 08:34:39','2014-12-12 08:34:39','2014-12-12 08:34:39','22887b9a-b1dc-456a-b5e3-14b8f6724926'),(12,NULL,'m141030_000001_drop_structure_move_permission','2014-12-12 08:34:39','2014-12-12 08:34:39','2014-12-12 08:34:39','10e7e46a-612f-43a8-b243-170934f67e38'),(13,NULL,'m141103_000001_tag_titles','2014-12-12 08:34:39','2014-12-12 08:34:39','2014-12-12 08:34:39','0ddd1195-7ac4-4f43-a185-e2a45012e324'),(14,NULL,'m141109_000001_user_status_shuffle','2014-12-12 08:34:40','2014-12-12 08:34:40','2014-12-12 08:34:40','8f737b06-2ba4-42bf-81d4-e06786ff9fa6'),(15,NULL,'m141126_000001_user_week_start_day','2014-12-12 08:34:40','2014-12-12 08:34:40','2014-12-12 08:34:40','f08d4d0a-045b-422f-b5ce-6a5976363598'),(16,NULL,'m150210_000001_adjust_user_photo_size','2015-03-11 17:02:58','2015-03-11 17:02:58','2015-03-11 17:02:58','1f89c6e6-0589-4f44-bbe3-046d140361f8'),(17,9,'m150901_144609_superTable_fixForContentTables','2015-10-23 15:33:35','2015-10-23 15:33:35','2015-10-23 15:33:35','f418c3f0-ce4e-4294-a5a9-7c359e000d76'),(18,16,'m150314_144609_cpNav_addUrlSupport','2015-10-25 12:33:15','2015-10-25 12:33:15','2015-10-25 12:33:15','711d1275-f8ec-497d-905c-5a010ada3f80'),(19,16,'m150314_144610_cpNav_addPrevUrlSupport','2015-10-25 12:33:15','2015-10-25 12:33:15','2015-10-25 12:33:15','dd743bff-ee3a-4484-b928-424ae65f72b2'),(20,16,'m150314_144611_cpNav_addManualNavItemSupport','2015-10-25 12:33:15','2015-10-25 12:33:15','2015-10-25 12:33:15','0df3e894-a476-47bf-a556-d28d6d7ba9e2'),(21,16,'m150314_144615_cpNav_layouts','2015-10-25 12:33:15','2015-10-25 12:33:15','2015-10-25 12:33:15','0a95d82b-dad0-464b-bdf1-4508dbe91a79'),(22,16,'m150321_144616_cpNav_newWindow','2015-10-25 12:33:15','2015-10-25 12:33:15','2015-10-25 12:33:15','a3f045bb-f280-43e6-845f-bbb4d1f812de'),(23,NULL,'m141030_000000_plugin_schema_versions','2016-01-19 15:32:54','2016-01-19 15:32:54','2016-01-19 15:32:54','08881d26-493b-496a-85c8-b6f4f73fa125'),(24,NULL,'m150724_000001_adjust_quality_settings','2016-01-19 15:32:54','2016-01-19 15:32:54','2016-01-19 15:32:54','0825fb2d-f665-41d5-90b2-11fff25d652a'),(25,NULL,'m150827_000000_element_index_settings','2016-01-19 15:32:55','2016-01-19 15:32:55','2016-01-19 15:32:55','e90f1ddc-643a-41ef-9d4f-0f3a5779a9fa'),(26,NULL,'m150918_000001_add_colspan_to_widgets','2016-01-19 15:32:55','2016-01-19 15:32:55','2016-01-19 15:32:55','5dcb9740-8fcf-4d63-a9de-4cdb8126836c'),(27,NULL,'m151007_000000_clear_asset_caches','2016-01-19 15:32:55','2016-01-19 15:32:55','2016-01-19 15:32:55','34c7e193-5c82-4958-b580-fa42f2f55620'),(28,NULL,'m151109_000000_text_url_formats','2016-01-19 15:32:55','2016-01-19 15:32:55','2016-01-19 15:32:55','203cfac4-935d-4813-bc6e-d1dd04bdf4e3'),(29,NULL,'m151110_000000_move_logo','2016-01-19 15:32:55','2016-01-19 15:32:55','2016-01-19 15:32:55','67fb9d27-93eb-4c66-a97f-80a41c8ef549'),(30,NULL,'m151117_000000_adjust_image_widthheight','2016-01-19 15:32:56','2016-01-19 15:32:56','2016-01-19 15:32:56','fa12e892-dffa-461a-8f61-7961713a0a90'),(31,NULL,'m151127_000000_clear_license_key_status','2016-01-19 15:32:56','2016-01-19 15:32:56','2016-01-19 15:32:56','401e83a8-8c79-4ddf-8e8c-2d8a6c66a49f'),(32,NULL,'m151127_000000_plugin_license_keys','2016-01-19 15:32:56','2016-01-19 15:32:56','2016-01-19 15:32:56','e1e28880-9184-4ab2-85d4-b7fc8b0867ee'),(33,NULL,'m151130_000000_update_pt_widget_feeds','2016-01-19 15:32:56','2016-01-19 15:32:56','2016-01-19 15:32:56','f84150f9-96c1-4c46-9a3d-37371593ea04'),(38,16,'m151126_144611_cpNav_addIconSupport','2016-01-19 15:49:53','2016-01-19 15:49:53','2016-01-19 15:49:53','c7915192-1955-4aed-9c46-72ffbfd98da8'),(39,16,'m151224_144611_cpNav_populateIcons','2016-01-19 15:49:53','2016-01-19 15:49:53','2016-01-19 15:49:53','b0c0de49-5d02-4b05-acf0-6326e9630a9e'),(40,25,'m151225_000000_seomatic_addHumansField','2016-01-19 16:04:43','2016-01-19 16:04:43','2016-01-19 16:04:43','be0031cc-a464-4f76-a2ca-9526c57266dd'),(41,25,'m151226_000000_seomatic_addTwitterFacebookFields','2016-01-19 16:04:43','2016-01-19 16:04:43','2016-01-19 16:04:43','8c60976c-cfb9-4e93-b561-191168cd942f'),(42,25,'m160101_000000_seomatic_addRobotsFields','2016-01-19 16:04:43','2016-01-19 16:04:43','2016-01-19 16:04:43','08150c39-519a-4222-8dfd-83db954844c5'),(43,25,'m160111_000000_seomatic_addTitleFields','2016-01-19 16:04:43','2016-01-19 16:04:43','2016-01-19 16:04:43','6c7d54bc-41f9-48a5-b739-00f2912505c7'),(48,20,'m160117_000000_reasons_addFieldLayoutIdColumn','2016-01-19 16:53:54','2016-01-19 16:53:54','2016-01-19 16:53:54','34724ab7-fe52-41f9-87ca-ee6b4435ea79'),(49,25,'m160122_000000_seomatic_addTypeFields','2016-02-08 09:46:07','2016-02-08 09:46:07','2016-02-08 09:46:07','8ce216a7-1575-4979-80bc-890db5a21f23'),(50,25,'m160123_000000_seomatic_addOpeningHours','2016-02-08 09:46:07','2016-02-08 09:46:07','2016-02-08 09:46:07','2006f848-5e1b-4b74-b4ed-32bfc0dd74a6'),(51,25,'m160202_000000_seomatic_addSocialHandles','2016-02-08 09:46:08','2016-02-08 09:46:08','2016-02-08 09:46:08','7e72ff9e-a95f-44d4-a0b5-0ea3ed55fe03'),(52,25,'m160204_000000_seomatic_addGoogleAnalytics','2016-02-08 09:46:08','2016-02-08 09:46:08','2016-02-08 09:46:08','c8d5c4d7-2519-47d4-8195-666cb2bd7a4c'),(53,25,'m160205_000000_seomatic_addResturantMenu','2016-02-08 09:46:09','2016-02-08 09:46:09','2016-02-08 09:46:09','f6600475-3680-47b4-93e5-827112386ab8'),(54,25,'m160206_000000_seomatic_addGoogleAnalyticsPlugins','2016-02-08 09:46:09','2016-02-08 09:46:09','2016-02-08 09:46:09','5012d302-c706-485c-bfc2-6f1005340cfa'),(55,25,'m160206_000000_seomatic_addGoogleAnalyticsSendPageView','2016-02-08 09:46:10','2016-02-08 09:46:10','2016-02-08 09:46:10','970c984b-836e-448f-9d92-b730e71ced36'),(56,25,'m160209_000000_seomatic_alterDescriptionsColumns','2016-02-15 11:47:46','2016-02-15 11:47:46','2016-02-15 11:47:46','8392a067-d5be-4ba2-b2a7-77e5da743115'),(57,25,'m160209_000001_seomatic_addRobotsTxt','2016-02-15 11:47:46','2016-02-15 11:47:46','2016-02-15 11:47:46','07257513-deb5-4878-a0d1-ef6ddc7f9535'),(58,NULL,'m160223_000000_sortorder_to_smallint','2016-02-26 12:40:37','2016-02-26 12:40:37','2016-02-26 12:40:37','9588b6e5-da78-40eb-b112-b1618688367a'),(59,25,'m160227_000000_seomatic_addFacebookAppId','2016-03-01 13:46:56','2016-03-01 13:46:56','2016-03-01 13:46:56','c15345dd-a775-4498-85f3-6b5c200bbb35'),(60,NULL,'m160114_000000_asset_sources_public_url_default_true','2016-03-14 09:38:38','2016-03-14 09:38:38','2016-03-14 09:38:38','76131bfa-aac9-4838-b024-06b06f161299'),(61,NULL,'m160229_000000_set_default_entry_statuses','2016-03-14 09:38:38','2016-03-14 09:38:38','2016-03-14 09:38:38','5a0baa99-1351-4f14-833f-c6e36fcad40c'),(62,NULL,'m160304_000000_client_permissions','2016-03-14 09:38:38','2016-03-14 09:38:38','2016-03-14 09:38:38','eba0ff49-3221-4919-9e73-7a74770b311f'),(63,NULL,'m160322_000000_asset_filesize','2016-04-11 13:35:59','2016-04-11 13:35:59','2016-04-11 13:35:59','234ddd8b-d410-40eb-96c6-7f334a512904'),(64,25,'m160416_000000_seomatic_addContactPoints','2016-04-20 17:24:14','2016-04-20 17:24:14','2016-04-20 17:24:14','d99fdc19-6841-41f9-870a-bf17b73cbd40'),(65,NULL,'m160503_000000_orphaned_fieldlayouts','2016-05-06 13:23:51','2016-05-06 13:23:51','2016-05-06 13:23:51','a75d0f00-3535-4273-abc6-54175df947bc'),(66,25,'m160509_000000_seomatic_addSiteLinksBing','2016-05-12 07:40:04','2016-05-12 07:40:04','2016-05-12 07:40:04','ce57b098-b788-4311-8e26-d3eece0a73b9'),(67,NULL,'m160510_000000_tasksettings','2016-05-20 08:59:14','2016-05-20 08:59:14','2016-05-20 08:59:14','eda5bc4f-1d2d-47f4-b0d3-cbb0cd48cdc4'),(71,16,'m160625_000000_cpNav_addCustomIconSupport','2016-08-01 10:06:58','2016-08-01 10:06:58','2016-08-01 10:06:58','4b067cb3-8b53-49de-8404-adbc98cd52f3'),(72,25,'m160707_000000_seomatic_addGoogleTagManager','2016-08-01 10:10:43','2016-08-01 10:10:43','2016-08-01 10:10:43','a79ca235-293d-490d-8ec7-0cb96d6a889f'),(73,25,'m160715_000000_seomatic_addSeoImageTransforms','2016-08-01 10:10:49','2016-08-01 10:10:49','2016-08-01 10:10:49','b6ff90c1-bcae-4c9a-acd5-9cbee968a208'),(74,25,'m160723_000000_seomatic_addSeoMainEntityOfPage','2016-08-01 10:10:49','2016-08-01 10:10:49','2016-08-01 10:10:49','a0f19231-24bd-4ee4-9843-c5d39c948634'),(75,25,'m160724_000000_seomatic_addSeoMainEntityCategory','2016-08-01 10:10:49','2016-08-01 10:10:49','2016-08-01 10:10:49','dab084ae-a963-49ba-920d-95e1e8e0c5b0'),(76,25,'m160811_000000_seomatic_addVimeo','2016-08-17 11:56:29','2016-08-17 11:56:29','2016-08-17 11:56:29','a58e7d90-90d1-4eb3-92f1-aaf8bc1a5ebc'),(77,NULL,'m160829_000000_pending_user_content_cleanup','2016-09-14 09:10:17','2016-09-14 09:10:17','2016-09-14 09:10:17','cabb6533-df2b-4b90-a500-3499ec1ac4dd'),(78,NULL,'m160830_000000_asset_index_uri_increase','2016-09-14 09:10:18','2016-09-14 09:10:18','2016-09-14 09:10:18','e956d954-22b8-45bc-a593-572c6a9ceb60'),(79,25,'m160904_000000_seomatic_addTwitterFacebookImages','2016-09-14 09:10:24','2016-09-14 09:10:24','2016-09-14 09:10:24','da78c383-fa7f-467e-afa2-a8c8985febf5'),(80,NULL,'m160919_000000_usergroup_handle_title_unique','2016-09-30 07:43:49','2016-09-30 07:43:49','2016-09-30 07:43:49','50ef647c-8d70-466a-bac7-11f587f8ecd3'),(81,NULL,'m161108_000000_new_version_format','2016-12-01 09:12:23','2016-12-01 09:12:23','2016-12-01 09:12:23','658a40d1-35f7-4855-baf0-576cb8a3f434'),(82,NULL,'m161109_000000_index_shuffle','2016-12-01 09:12:23','2016-12-01 09:12:23','2016-12-01 09:12:23','2db6a1e5-fe4b-417f-bc65-a7ebb934d59d'),(83,25,'m161220_000000_seomatic_addPriceRange','2017-01-12 08:45:43','2017-01-12 08:45:43','2017-01-12 08:45:43','e5a38355-ac8e-469a-95a2-2ca518807af9'),(84,44,'m150212_145000_AmNav_renamePagesToNodes','2017-02-10 16:45:54','2017-02-10 16:45:54','2017-02-10 16:45:54','8c93b288-9c66-4131-925b-9b2b4d9119de'),(85,44,'m150217_112800_AmNav_expandPageData','2017-02-10 16:45:54','2017-02-10 16:45:54','2017-02-10 16:45:54','0cc5c15e-d94c-4aee-aeb5-30776775d3c9'),(86,44,'m150403_093000_AmNav_nodesWithElements','2017-02-10 16:45:54','2017-02-10 16:45:54','2017-02-10 16:45:54','d0182d52-0c80-4210-ab1c-fbd9430d2442'),(87,44,'m150512_105600_AmNav_addOptionalClass','2017-02-10 16:45:54','2017-02-10 16:45:54','2017-02-10 16:45:54','e5284bbe-64e3-42ec-a77e-b45e7f213f4b'),(88,46,'m160428_202308_Neo_UpdateBlockLevels','2017-02-13 11:46:01','2017-02-13 11:46:02','2017-02-13 11:46:02','ce67b8a0-67c7-4a84-aa24-c1eb456efb17'),(89,46,'m160515_005002_Neo_UpdateBlockStructure','2017-02-13 11:46:01','2017-02-13 11:46:02','2017-02-13 11:46:02','248146b4-c733-4306-8c5d-6a6154883a8c'),(90,46,'m160605_191540_Neo_UpdateBlockStructureLocales','2017-02-13 11:46:01','2017-02-13 11:46:02','2017-02-13 11:46:02','dcec2aaa-a524-480b-aee0-06a82bc21c16'),(91,46,'m161029_230849_Neo_AddMaxChildBlocksSetting','2017-02-13 11:46:01','2017-02-13 11:46:02','2017-02-13 11:46:02','5c98332a-af0a-46b4-9834-83d7dab1331d'),(92,47,'m141026_000000_sproutForms_addFormGroupsTable','2017-02-13 13:38:56','2017-02-13 13:38:56','2017-02-13 13:38:56','3373ccad-8ac8-49bf-a376-1d0ccd646ba1'),(93,47,'m141026_020000_sproutForms_renameOldFormsTableAndCreateNewFormsTable','2017-02-13 13:38:56','2017-02-13 13:38:56','2017-02-13 13:38:56','6fc65284-d589-46db-bf7c-756b728a9199'),(94,47,'m141026_030000_sproutForms_addFormEntryTable','2017-02-13 13:38:56','2017-02-13 13:38:56','2017-02-13 13:38:56','b0171aa1-1f85-4d1e-bbe2-9bfaca50b771'),(95,47,'m141026_060000_sproutForms_migrateFieldsFormsAndEntries','2017-02-13 13:38:56','2017-02-13 13:38:56','2017-02-13 13:38:56','e3363c7d-dbd9-43f7-9d19-97e104b30c07'),(96,47,'m150418_000000_sproutForms_addNotificationEnabledSetting','2017-02-13 13:38:56','2017-02-13 13:38:56','2017-02-13 13:38:56','3bd90800-abe8-4383-a7c4-4860e9d8d453'),(97,47,'m150629_000000_sproutForms_updateSproutEmailNotificationOptionsFormat','2017-02-13 13:38:56','2017-02-13 13:38:56','2017-02-13 13:38:56','d826b04d-df25-48aa-a356-d3166da19acb'),(98,47,'m151006_000000_sproutForms_addTemplateOverrides','2017-02-13 13:38:56','2017-02-13 13:38:56','2017-02-13 13:38:56','13db670e-412f-46d3-9821-769198f2105b'),(99,47,'m151007_000000_sproutForms_addFileAttachments','2017-02-13 13:38:56','2017-02-13 13:38:56','2017-02-13 13:38:56','e492ef71-280a-4f06-bcc9-b6c375d8b490'),(100,47,'m160405_000000_sproutForms_addSavePayloadColumn','2017-02-13 13:38:56','2017-02-13 13:38:56','2017-02-13 13:38:56','629b2964-677d-46af-927d-50912aacbadb'),(101,47,'m160509_000000_sproutForms_addEntryStatusTable','2017-02-13 13:38:56','2017-02-13 13:38:56','2017-02-13 13:38:56','5cb48f82-57cd-476b-876f-8d1f47a68cbf'),(102,47,'m160509_010000_sproutForms_addStatusIdColumn','2017-02-13 13:38:56','2017-02-13 13:38:56','2017-02-13 13:38:56','bf7d802c-9640-4fb8-9e16-88c6085e43da'),(103,47,'m160509_030000_sproutForms_addStatusIdFk','2017-02-13 13:38:56','2017-02-13 13:38:56','2017-02-13 13:38:56','307a33f1-5dd8-4264-8126-85e6585e55d6'),(104,47,'m160510_000000_sproutForms_installDefaultEntryStatuses','2017-02-13 13:38:56','2017-02-13 13:38:56','2017-02-13 13:38:56','518633d5-92ce-4191-9b4d-cd49206c83c3'),(105,47,'m160511_000000_sproutForms_setDefaultColorToEntries','2017-02-13 13:38:56','2017-02-13 13:38:56','2017-02-13 13:38:56','2a189a7d-0614-4e22-951f-ac82a9bdd41d'),(106,47,'m160524_000000_sproutForms_setAdvancedSettings','2017-02-13 13:38:56','2017-02-13 13:38:56','2017-02-13 13:38:56','a3f710d3-15de-49ae-b00a-838841bb54f9'),(109,50,'m160606_162300_simpleMap_updateFieldStorage','2017-02-14 18:12:35','2017-02-14 18:12:35','2017-02-14 18:12:35','0f81c4a1-9ec7-47a2-86ef-3aec27fde0b8');
/*!40000 ALTER TABLE `craft_migrations` ENABLE KEYS */;
UNLOCK TABLES;
COMMIT;

--
-- Table structure for table `craft_neoblocks`
--

/*!40101 SET @saved_cs_client     = @@character_set_client */;
/*!40101 SET character_set_client = utf8 */;
CREATE TABLE `craft_neoblocks` (
  `id` int(11) NOT NULL,
  `ownerId` int(11) NOT NULL,
  `fieldId` int(11) NOT NULL,
  `typeId` int(11) DEFAULT NULL,
  `collapsed` tinyint(1) unsigned NOT NULL DEFAULT '0',
  `ownerLocale` char(12) COLLATE utf8_unicode_ci DEFAULT NULL,
  `dateCreated` datetime NOT NULL,
  `dateUpdated` datetime NOT NULL,
  `uid` char(36) COLLATE utf8_unicode_ci NOT NULL DEFAULT '0',
  PRIMARY KEY (`id`),
  KEY `craft_neoblocks_ownerId_idx` (`ownerId`),
  KEY `craft_neoblocks_fieldId_idx` (`fieldId`),
  KEY `craft_neoblocks_typeId_idx` (`typeId`),
  KEY `craft_neoblocks_collapsed_idx` (`collapsed`),
  KEY `craft_neoblocks_ownerLocale_fk` (`ownerLocale`),
  CONSTRAINT `craft_neoblocks_fieldId_fk` FOREIGN KEY (`fieldId`) REFERENCES `craft_fields` (`id`) ON DELETE CASCADE,
  CONSTRAINT `craft_neoblocks_id_fk` FOREIGN KEY (`id`) REFERENCES `craft_elements` (`id`) ON DELETE CASCADE,
  CONSTRAINT `craft_neoblocks_ownerId_fk` FOREIGN KEY (`ownerId`) REFERENCES `craft_elements` (`id`) ON DELETE CASCADE,
  CONSTRAINT `craft_neoblocks_ownerLocale_fk` FOREIGN KEY (`ownerLocale`) REFERENCES `craft_locales` (`locale`) ON DELETE CASCADE ON UPDATE CASCADE,
  CONSTRAINT `craft_neoblocks_typeId_fk` FOREIGN KEY (`typeId`) REFERENCES `craft_neoblocktypes` (`id`) ON DELETE CASCADE
) ENGINE=InnoDB DEFAULT CHARSET=utf8 COLLATE=utf8_unicode_ci;
/*!40101 SET character_set_client = @saved_cs_client */;

--
-- Dumping data for table `craft_neoblocks`
--

LOCK TABLES `craft_neoblocks` WRITE;
/*!40000 ALTER TABLE `craft_neoblocks` DISABLE KEYS */;
SET autocommit=0;
INSERT INTO `craft_neoblocks` VALUES (37,2,46,8,0,NULL,'2017-02-14 02:00:52','2017-02-28 16:31:46','d8b0573c-14ce-4f9b-9921-21e9f726be56'),(38,2,46,8,0,NULL,'2017-02-14 02:00:52','2017-02-28 15:59:56','86fd9ffc-5dc0-4c83-8e10-642de43628ce'),(45,2,46,8,0,NULL,'2017-02-14 16:36:11','2017-02-28 16:27:32','4e717829-a852-4584-be27-f42ae9878ac8'),(46,2,46,8,0,NULL,'2017-02-14 16:36:11','2017-02-28 16:27:33','d26ca2e3-9461-4716-aea4-f293b7b5a38c'),(159,3,133,8,0,NULL,'2017-02-26 19:25:41','2017-02-28 01:12:00','dc02160c-bf25-4179-afb3-77fcc03f89b2'),(160,3,133,8,0,NULL,'2017-02-26 19:25:41','2017-02-28 01:12:00','d8c416ed-965e-4b5a-a1f9-45c9493e6e14'),(161,3,133,8,0,NULL,'2017-02-26 19:25:41','2017-02-28 01:11:53','ddcd52d8-b482-4e0a-8d4a-5d7f40ab2d40'),(168,3,133,8,0,NULL,'2017-02-28 01:12:00','2017-02-28 01:13:30','d74bfbd1-ddca-4bf5-9072-86c752ff7c05'),(169,2,46,11,0,NULL,'2017-02-28 15:55:09','2017-02-28 15:59:23','e589dcf1-5e0e-4856-bd1e-1ed7a2954355');
/*!40000 ALTER TABLE `craft_neoblocks` ENABLE KEYS */;
UNLOCK TABLES;
COMMIT;

--
-- Table structure for table `craft_neoblockstructures`
--

/*!40101 SET @saved_cs_client     = @@character_set_client */;
/*!40101 SET character_set_client = utf8 */;
CREATE TABLE `craft_neoblockstructures` (
  `id` int(11) NOT NULL AUTO_INCREMENT,
  `structureId` int(11) NOT NULL,
  `ownerId` int(11) NOT NULL,
  `fieldId` int(11) NOT NULL,
  `ownerLocale` char(12) COLLATE utf8_unicode_ci DEFAULT NULL,
  `dateCreated` datetime NOT NULL,
  `dateUpdated` datetime NOT NULL,
  `uid` char(36) COLLATE utf8_unicode_ci NOT NULL DEFAULT '0',
  PRIMARY KEY (`id`),
  KEY `craft_neoblockstructures_structureId_idx` (`structureId`),
  KEY `craft_neoblockstructures_ownerId_idx` (`ownerId`),
  KEY `craft_neoblockstructures_fieldId_idx` (`fieldId`),
  KEY `craft_neoblockstructures_ownerLocale_fk` (`ownerLocale`),
  CONSTRAINT `craft_neoblockstructures_fieldId_fk` FOREIGN KEY (`fieldId`) REFERENCES `craft_fields` (`id`) ON DELETE CASCADE,
  CONSTRAINT `craft_neoblockstructures_ownerId_fk` FOREIGN KEY (`ownerId`) REFERENCES `craft_elements` (`id`) ON DELETE CASCADE,
  CONSTRAINT `craft_neoblockstructures_ownerLocale_fk` FOREIGN KEY (`ownerLocale`) REFERENCES `craft_locales` (`locale`) ON DELETE CASCADE ON UPDATE CASCADE,
  CONSTRAINT `craft_neoblockstructures_structureId_fk` FOREIGN KEY (`structureId`) REFERENCES `craft_structures` (`id`) ON DELETE CASCADE
) ENGINE=InnoDB AUTO_INCREMENT=84 DEFAULT CHARSET=utf8 COLLATE=utf8_unicode_ci;
/*!40101 SET character_set_client = @saved_cs_client */;

--
-- Dumping data for table `craft_neoblockstructures`
--

LOCK TABLES `craft_neoblockstructures` WRITE;
/*!40000 ALTER TABLE `craft_neoblockstructures` DISABLE KEYS */;
SET autocommit=0;
INSERT INTO `craft_neoblockstructures` VALUES (82,83,2,46,NULL,'2017-02-28 16:32:45','2017-02-28 16:32:45','bf5d2482-d8a8-425e-86a4-7f5f1a3619fe'),(83,84,3,133,NULL,'2017-02-28 16:34:05','2017-02-28 16:34:05','216d2c21-77d5-4b12-a6dc-c1e2d8fb6452');
/*!40000 ALTER TABLE `craft_neoblockstructures` ENABLE KEYS */;
UNLOCK TABLES;
COMMIT;

--
-- Table structure for table `craft_neoblocktypes`
--

/*!40101 SET @saved_cs_client     = @@character_set_client */;
/*!40101 SET character_set_client = utf8 */;
CREATE TABLE `craft_neoblocktypes` (
  `id` int(11) NOT NULL AUTO_INCREMENT,
  `fieldId` int(11) NOT NULL,
  `fieldLayoutId` int(11) DEFAULT NULL,
  `name` varchar(255) COLLATE utf8_unicode_ci NOT NULL,
  `handle` varchar(255) COLLATE utf8_unicode_ci NOT NULL,
  `maxBlocks` int(11) DEFAULT '0',
  `maxChildBlocks` int(11) DEFAULT '0',
  `childBlocks` text COLLATE utf8_unicode_ci,
  `topLevel` tinyint(1) unsigned NOT NULL DEFAULT '1',
  `sortOrder` smallint(6) unsigned DEFAULT NULL,
  `dateCreated` datetime NOT NULL,
  `dateUpdated` datetime NOT NULL,
  `uid` char(36) COLLATE utf8_unicode_ci NOT NULL DEFAULT '0',
  PRIMARY KEY (`id`),
  UNIQUE KEY `craft_neoblocktypes_name_fieldId_unq_idx` (`name`,`fieldId`),
  UNIQUE KEY `craft_neoblocktypes_handle_fieldId_unq_idx` (`handle`,`fieldId`),
  KEY `craft_neoblocktypes_fieldId_fk` (`fieldId`),
  KEY `craft_neoblocktypes_fieldLayoutId_fk` (`fieldLayoutId`),
  CONSTRAINT `craft_neoblocktypes_fieldId_fk` FOREIGN KEY (`fieldId`) REFERENCES `craft_fields` (`id`) ON DELETE CASCADE,
  CONSTRAINT `craft_neoblocktypes_fieldLayoutId_fk` FOREIGN KEY (`fieldLayoutId`) REFERENCES `craft_fieldlayouts` (`id`) ON DELETE SET NULL
) ENGINE=InnoDB AUTO_INCREMENT=12 DEFAULT CHARSET=utf8 COLLATE=utf8_unicode_ci;
/*!40101 SET character_set_client = @saved_cs_client */;

--
-- Dumping data for table `craft_neoblocktypes`
--

LOCK TABLES `craft_neoblocktypes` WRITE;
/*!40000 ALTER TABLE `craft_neoblocktypes` DISABLE KEYS */;
SET autocommit=0;
INSERT INTO `craft_neoblocktypes` VALUES (8,133,296,'Designblokk','designblokk',NULL,NULL,'',1,2,'2017-02-14 00:24:13','2017-02-26 19:12:24','7346aa56-85f1-48ba-a2ea-e642b76eb8c2'),(9,104,240,'Booking','booking',1,NULL,'',1,1,'2017-02-14 17:39:00','2017-02-14 17:39:00','92315126-715a-4363-aba2-c9e047b53c7f'),(10,46,302,'Designblokk','designblokk',NULL,NULL,'',1,3,'2017-02-26 18:46:21','2017-02-26 19:16:25','5cb16356-3e58-455a-8341-523671d223c7'),(11,46,301,'Våre menyer','vareMenyer',1,NULL,'',1,1,'2017-02-26 18:46:21','2017-02-26 19:16:25','7e32fa74-92fc-4a98-a742-27e1f6f5e968');
/*!40000 ALTER TABLE `craft_neoblocktypes` ENABLE KEYS */;
UNLOCK TABLES;
COMMIT;

--
-- Table structure for table `craft_neogroups`
--

/*!40101 SET @saved_cs_client     = @@character_set_client */;
/*!40101 SET character_set_client = utf8 */;
CREATE TABLE `craft_neogroups` (
  `id` int(11) NOT NULL AUTO_INCREMENT,
  `fieldId` int(11) NOT NULL,
  `name` varchar(255) COLLATE utf8_unicode_ci DEFAULT NULL,
  `sortOrder` smallint(6) unsigned DEFAULT NULL,
  `dateCreated` datetime NOT NULL,
  `dateUpdated` datetime NOT NULL,
  `uid` char(36) COLLATE utf8_unicode_ci NOT NULL DEFAULT '0',
  PRIMARY KEY (`id`),
  KEY `craft_neogroups_fieldId_fk` (`fieldId`),
  CONSTRAINT `craft_neogroups_fieldId_fk` FOREIGN KEY (`fieldId`) REFERENCES `craft_fields` (`id`) ON DELETE CASCADE
) ENGINE=InnoDB AUTO_INCREMENT=40 DEFAULT CHARSET=utf8 COLLATE=utf8_unicode_ci;
/*!40101 SET character_set_client = @saved_cs_client */;

--
-- Dumping data for table `craft_neogroups`
--

LOCK TABLES `craft_neogroups` WRITE;
/*!40000 ALTER TABLE `craft_neogroups` DISABLE KEYS */;
SET autocommit=0;
INSERT INTO `craft_neogroups` VALUES (36,133,'Designblokk',1,'2017-02-26 19:12:24','2017-02-26 19:12:24','69c4c5a4-83d1-4220-813b-4a6ae8958498'),(39,46,'Designblokk',2,'2017-02-26 19:16:25','2017-02-26 19:16:25','32933f5d-ad63-42fb-8c37-1625f2937172');
/*!40000 ALTER TABLE `craft_neogroups` ENABLE KEYS */;
UNLOCK TABLES;
COMMIT;

--
-- Table structure for table `craft_plugins`
--

/*!40101 SET @saved_cs_client     = @@character_set_client */;
/*!40101 SET character_set_client = utf8 */;
CREATE TABLE `craft_plugins` (
  `id` int(11) NOT NULL AUTO_INCREMENT,
  `class` varchar(150) COLLATE utf8_unicode_ci NOT NULL,
  `version` varchar(15) COLLATE utf8_unicode_ci NOT NULL,
  `schemaVersion` varchar(15) COLLATE utf8_unicode_ci DEFAULT NULL,
  `licenseKey` char(24) COLLATE utf8_unicode_ci DEFAULT NULL,
  `licenseKeyStatus` enum('valid','invalid','mismatched','unknown') COLLATE utf8_unicode_ci NOT NULL DEFAULT 'unknown',
  `enabled` tinyint(1) unsigned NOT NULL DEFAULT '0',
  `settings` text COLLATE utf8_unicode_ci,
  `installDate` datetime NOT NULL,
  `dateCreated` datetime NOT NULL,
  `dateUpdated` datetime NOT NULL,
  `uid` char(36) COLLATE utf8_unicode_ci NOT NULL DEFAULT '0',
  PRIMARY KEY (`id`)
) ENGINE=InnoDB AUTO_INCREMENT=52 DEFAULT CHARSET=utf8 COLLATE=utf8_unicode_ci;
/*!40101 SET character_set_client = @saved_cs_client */;

--
-- Dumping data for table `craft_plugins`
--

LOCK TABLES `craft_plugins` WRITE;
/*!40000 ALTER TABLE `craft_plugins` DISABLE KEYS */;
SET autocommit=0;
INSERT INTO `craft_plugins` VALUES (1,'Directory','1.0.12',NULL,NULL,'unknown',1,NULL,'2014-10-08 10:52:21','2014-10-08 10:52:21','2014-10-08 10:52:21','aba3661c-99d2-4d34-9788-30e05197134f'),(3,'ObsoleteRedirect','0.1.0',NULL,NULL,'unknown',1,NULL,'2015-05-14 10:49:46','2015-05-14 10:49:46','2017-02-28 01:09:14','94eaed70-d03e-430c-be1f-18f0a30612d4'),(5,'AssetRev','3.0.0',NULL,NULL,'unknown',1,'{\"manifestPath\":\"..\\/cachebust.json\"}','2015-06-16 14:53:46','2015-06-16 14:53:46','2017-02-28 01:09:14','5c6c2959-e9ef-49b3-b92b-8529b4157f0d'),(6,'Guano','0.2',NULL,NULL,'unknown',1,NULL,'2015-10-08 11:08:49','2015-10-08 11:08:49','2017-02-28 01:09:14','feba2548-9685-4cfb-ad7a-d1e4776bb9cc'),(8,'ImageResizer','0.1.4','1.0.0',NULL,'unknown',1,'{\"enabled\":\"1\",\"imageWidth\":\"2048\",\"imageHeight\":\"2048\",\"imageQuality\":\"100\",\"assetSources\":\"*\"}','2015-10-23 10:00:34','2015-10-23 10:00:34','2017-02-28 01:09:14','4c10ef35-fcc0-4f06-9d43-c6d14622a053'),(9,'SuperTable','1.0.2','1.0.0',NULL,'unknown',1,NULL,'2015-10-23 15:33:34','2015-10-23 15:33:34','2017-02-28 01:09:14','f99b9499-b2b3-4189-9f1d-c4554def3374'),(11,'EntryTitleEditable','1.0',NULL,NULL,'unknown',1,NULL,'2015-10-23 16:17:02','2015-10-23 16:17:02','2016-01-19 15:50:10','07dc8a59-da92-47cc-9f30-759d07e05ac3'),(12,'LabelEnvironment','0.1.0',NULL,NULL,'unknown',1,'{\"colorMappings\":{\"development\":\"#000000\",\"staging\":\"#0000ff\",\"preview\":\"#ff0000\",\"production\":\"#16c68e\"},\"prefix\":\"\",\"suffix\":\"\"}','2015-10-25 11:35:32','2015-10-25 11:35:32','2017-02-28 01:09:14','7b4fe278-6804-4f70-b0bf-e61c7fdf6d2c'),(16,'CpNav','1.7.6','1.1.0',NULL,'unknown',1,'{\"showQuickAddMenu\":\"\"}','2015-10-25 12:33:15','2015-10-25 12:33:15','2017-02-28 01:09:14','0b042902-349c-41ef-98d8-bb2a31b445cd'),(17,'Imager','1.3.0','1.0.0',NULL,'unknown',1,NULL,'2015-10-30 15:57:14','2015-10-30 15:57:14','2017-02-28 01:09:14','b0c87aa0-53d6-4420-a297-2211da547370'),(19,'CpFieldLinks','1.2.2','1.0',NULL,'unknown',1,NULL,'2015-11-13 09:56:41','2015-11-13 09:56:41','2017-02-28 01:09:14','d5fd8f41-473d-42e9-9145-bf64eea6d7f3'),(20,'Reasons','1.0.8','1.1',NULL,'unknown',1,NULL,'2015-11-13 10:49:20','2015-11-13 10:49:20','2017-02-28 01:09:14','208a9b9d-dc2c-48a3-92f5-7e6da66d905a'),(22,'QuickField','0.3.4','1.0.0',NULL,'unknown',1,NULL,'2015-12-08 09:34:10','2015-12-08 09:34:10','2017-02-28 01:09:14','e8aac0ec-e200-4781-aacb-465aa765abb4'),(24,'FocalPointField','1.0.2',NULL,NULL,'unknown',1,NULL,'2016-01-19 15:57:13','2016-01-19 15:57:13','2017-02-28 01:09:14','623245d2-1fe2-4cbb-b4d6-405c5667e449'),(25,'Seomatic','1.1.40','1.1.23',NULL,'unknown',1,NULL,'2016-01-19 16:04:43','2016-01-19 16:04:43','2017-02-28 01:09:14','8f159c1e-3a2a-4b08-adc7-1cac6fb79747'),(26,'Sitemap','v1.0.0-alpha.4',NULL,NULL,'unknown',1,NULL,'2016-01-19 16:13:28','2016-01-19 16:13:28','2017-02-28 01:09:14','273cbb5c-e494-4e7b-aabd-464c3e5fb078'),(29,'Relabel','0.1.3','1.0.0',NULL,'unknown',1,NULL,'2016-01-19 16:57:21','2016-01-19 16:57:21','2017-02-28 01:09:14','5294ce3b-08d7-4bd3-8e2f-6ff84c6cb5ca'),(35,'Inlin','1.1',NULL,NULL,'unknown',1,NULL,'2016-04-12 14:46:20','2016-04-12 14:46:20','2017-02-28 01:09:14','dc6d6c60-82fe-4d66-bf61-d6c6fad7a3d8'),(41,'SidebarEnhancer','1.0.5','1.0.0',NULL,'unknown',1,NULL,'2016-08-23 15:05:37','2016-08-23 15:05:37','2017-02-28 01:09:14','727e244d-3684-49e7-b6c9-175cd8bc7de3'),(43,'Minify','1.1.1','1.0.0',NULL,'unknown',1,NULL,'2016-09-14 09:50:49','2016-09-14 09:50:49','2017-02-28 01:09:14','43ad78cb-1618-4d15-b6d9-92ca5769fbfc'),(44,'AmNav','1.7.4','1.7.4',NULL,'unknown',1,NULL,'2017-02-10 16:45:54','2017-02-10 16:45:54','2017-02-28 01:09:14','47e63280-74ae-4559-9955-6260acdda562'),(45,'Hue','1.0.0','0.0.0.0',NULL,'unknown',1,NULL,'2017-02-10 16:50:59','2017-02-10 16:50:59','2017-02-28 01:09:14','63c64d4b-db6b-4933-a611-014cd2a70749'),(46,'Neo','1.4.0','1.4.0',NULL,'unknown',1,NULL,'2017-02-13 11:46:01','2017-02-13 11:46:01','2017-02-28 01:09:14','40cf7d58-b23b-4e8a-84d6-c3b7dfd88980'),(47,'SproutForms','2.3.5','2.3.0',NULL,'unknown',1,NULL,'2017-02-13 13:38:56','2017-02-13 13:38:56','2017-02-28 01:09:14','5f9173bc-57b6-46cb-9189-312e0f593b18'),(49,'ButtonBox','1.3.2',NULL,NULL,'unknown',1,NULL,'2017-02-14 00:39:19','2017-02-14 00:39:19','2017-02-28 01:09:14','8ea1d762-4a3e-4191-92eb-6b8e7b90d8b0'),(50,'SimpleMap','1.3.0','0.0.6',NULL,'unknown',1,'{\"browserApiKey\":\"AIzaSyBYjMDQz_awPi0Gr0JH52F3W_GJfuBtAoU\"}','2017-02-14 18:12:35','2017-02-14 18:12:35','2017-02-28 01:09:14','a147a0d8-984c-492a-8575-e81552cf2086'),(51,'FieldManager','1.5.3','1.0.0',NULL,'unknown',1,NULL,'2017-02-26 18:42:02','2017-02-26 18:42:02','2017-02-28 01:09:14','05a9f8e7-0d18-40fa-b9f0-786ee9c2943e');
/*!40000 ALTER TABLE `craft_plugins` ENABLE KEYS */;
UNLOCK TABLES;
COMMIT;

--
-- Table structure for table `craft_rackspaceaccess`
--

/*!40101 SET @saved_cs_client     = @@character_set_client */;
/*!40101 SET character_set_client = utf8 */;
CREATE TABLE `craft_rackspaceaccess` (
  `id` int(11) NOT NULL AUTO_INCREMENT,
  `connectionKey` varchar(255) COLLATE utf8_unicode_ci NOT NULL,
  `token` varchar(255) COLLATE utf8_unicode_ci NOT NULL,
  `storageUrl` varchar(255) COLLATE utf8_unicode_ci NOT NULL,
  `cdnUrl` varchar(255) COLLATE utf8_unicode_ci NOT NULL,
  `dateCreated` datetime NOT NULL,
  `dateUpdated` datetime NOT NULL,
  `uid` char(36) COLLATE utf8_unicode_ci NOT NULL DEFAULT '0',
  PRIMARY KEY (`id`),
  UNIQUE KEY `craft_rackspaceaccess_connectionKey_unq_idx` (`connectionKey`)
) ENGINE=InnoDB DEFAULT CHARSET=utf8 COLLATE=utf8_unicode_ci;
/*!40101 SET character_set_client = @saved_cs_client */;

--
-- Dumping data for table `craft_rackspaceaccess`
--

LOCK TABLES `craft_rackspaceaccess` WRITE;
/*!40000 ALTER TABLE `craft_rackspaceaccess` DISABLE KEYS */;
SET autocommit=0;
/*!40000 ALTER TABLE `craft_rackspaceaccess` ENABLE KEYS */;
UNLOCK TABLES;
COMMIT;

--
-- Table structure for table `craft_reasons`
--

/*!40101 SET @saved_cs_client     = @@character_set_client */;
/*!40101 SET character_set_client = utf8 */;
CREATE TABLE `craft_reasons` (
  `id` int(11) NOT NULL AUTO_INCREMENT,
  `fieldLayoutId` int(11) DEFAULT NULL,
  `conditionals` text COLLATE utf8_unicode_ci,
  `dateCreated` datetime NOT NULL,
  `dateUpdated` datetime NOT NULL,
  `uid` char(36) COLLATE utf8_unicode_ci NOT NULL DEFAULT '0',
  PRIMARY KEY (`id`),
  KEY `craft_reasons_fieldLayoutId_fk` (`fieldLayoutId`),
  CONSTRAINT `craft_reasons_fieldLayoutId_fk` FOREIGN KEY (`fieldLayoutId`) REFERENCES `craft_fieldlayouts` (`id`) ON DELETE CASCADE ON UPDATE CASCADE
) ENGINE=InnoDB AUTO_INCREMENT=34 DEFAULT CHARSET=utf8 COLLATE=utf8_unicode_ci;
/*!40101 SET character_set_client = @saved_cs_client */;

--
-- Dumping data for table `craft_reasons`
--

LOCK TABLES `craft_reasons` WRITE;
/*!40000 ALTER TABLE `craft_reasons` DISABLE KEYS */;
SET autocommit=0;
INSERT INTO `craft_reasons` VALUES (30,296,'{\"23\":[[{\"fieldId\":99,\"compare\":\"==\",\"value\":\"true\"}]],\"53\":[[{\"fieldId\":98,\"compare\":\"==\",\"value\":\"true\"}]],\"92\":[[{\"fieldId\":53,\"compare\":\"==\",\"value\":\"notnull\"}]],\"93\":[[{\"fieldId\":97,\"compare\":\"==\",\"value\":\"true\"}]],\"94\":[[{\"fieldId\":97,\"compare\":\"==\",\"value\":\"true\"}]],\"97\":[[{\"fieldId\":98,\"compare\":\"==\",\"value\":\"true\"}]],\"135\":[[{\"fieldId\":53,\"compare\":\"==\",\"value\":\"notnull\"}]]}','2017-02-26 19:12:24','2017-02-26 19:12:24','9dce4bb7-2dff-4342-91a8-2c4b9822ef8e'),(33,302,'{\"23\":[[{\"fieldId\":99,\"compare\":\"==\",\"value\":\"true\"}]],\"53\":[[{\"fieldId\":98,\"compare\":\"==\",\"value\":\"true\"}]],\"92\":[[{\"fieldId\":53,\"compare\":\"==\",\"value\":\"notnull\"}]],\"93\":[[{\"fieldId\":97,\"compare\":\"==\",\"value\":\"true\"}]],\"94\":[[{\"fieldId\":97,\"compare\":\"==\",\"value\":\"true\"}]],\"97\":[[{\"fieldId\":53,\"compare\":\"==\",\"value\":\"notnull\"}]],\"135\":[[{\"fieldId\":99,\"compare\":\"==\",\"value\":\"true\"}]]}','2017-02-26 19:16:25','2017-02-26 19:16:25','b45032fd-c175-4311-a23a-9d2af0386ed1');
/*!40000 ALTER TABLE `craft_reasons` ENABLE KEYS */;
UNLOCK TABLES;
COMMIT;

--
-- Table structure for table `craft_relabel`
--

/*!40101 SET @saved_cs_client     = @@character_set_client */;
/*!40101 SET character_set_client = utf8 */;
CREATE TABLE `craft_relabel` (
  `id` int(11) NOT NULL AUTO_INCREMENT,
  `fieldId` int(11) DEFAULT NULL,
  `fieldLayoutId` int(11) DEFAULT NULL,
  `name` varchar(255) COLLATE utf8_unicode_ci DEFAULT NULL,
  `instructions` varchar(255) COLLATE utf8_unicode_ci DEFAULT NULL,
  `dateCreated` datetime NOT NULL,
  `dateUpdated` datetime NOT NULL,
  `uid` char(36) COLLATE utf8_unicode_ci NOT NULL DEFAULT '0',
  PRIMARY KEY (`id`),
  KEY `craft_relabel_fieldId_fk` (`fieldId`),
  KEY `craft_relabel_fieldLayoutId_fk` (`fieldLayoutId`),
  CONSTRAINT `craft_relabel_fieldId_fk` FOREIGN KEY (`fieldId`) REFERENCES `craft_fields` (`id`) ON DELETE CASCADE,
  CONSTRAINT `craft_relabel_fieldLayoutId_fk` FOREIGN KEY (`fieldLayoutId`) REFERENCES `craft_fieldlayouts` (`id`) ON DELETE CASCADE
) ENGINE=InnoDB AUTO_INCREMENT=13 DEFAULT CHARSET=utf8 COLLATE=utf8_unicode_ci;
/*!40101 SET character_set_client = @saved_cs_client */;

--
-- Dumping data for table `craft_relabel`
--

LOCK TABLES `craft_relabel` WRITE;
/*!40000 ALTER TABLE `craft_relabel` DISABLE KEYS */;
SET autocommit=0;
INSERT INTO `craft_relabel` VALUES (12,23,241,'Ingress',NULL,'2017-02-14 17:39:10','2017-02-14 17:39:10','d19d1d00-4cf9-493c-8cdf-3172ae00d6fc');
/*!40000 ALTER TABLE `craft_relabel` ENABLE KEYS */;
UNLOCK TABLES;
COMMIT;

--
-- Table structure for table `craft_relations`
--

/*!40101 SET @saved_cs_client     = @@character_set_client */;
/*!40101 SET character_set_client = utf8 */;
CREATE TABLE `craft_relations` (
  `id` int(11) NOT NULL AUTO_INCREMENT,
  `fieldId` int(11) NOT NULL,
  `sourceId` int(11) NOT NULL,
  `sourceLocale` char(12) COLLATE utf8_unicode_ci DEFAULT NULL,
  `targetId` int(11) NOT NULL,
  `sortOrder` smallint(6) DEFAULT NULL,
  `dateCreated` datetime NOT NULL,
  `dateUpdated` datetime NOT NULL,
  `uid` char(36) COLLATE utf8_unicode_ci NOT NULL DEFAULT '0',
  PRIMARY KEY (`id`),
  UNIQUE KEY `craft_relations_fieldId_sourceId_sourceLocale_targetId_unq_idx` (`fieldId`,`sourceId`,`sourceLocale`,`targetId`),
  KEY `craft_relations_sourceId_fk` (`sourceId`),
  KEY `craft_relations_sourceLocale_fk` (`sourceLocale`),
  KEY `craft_relations_targetId_fk` (`targetId`),
  CONSTRAINT `craft_relations_fieldId_fk` FOREIGN KEY (`fieldId`) REFERENCES `craft_fields` (`id`) ON DELETE CASCADE,
  CONSTRAINT `craft_relations_sourceId_fk` FOREIGN KEY (`sourceId`) REFERENCES `craft_elements` (`id`) ON DELETE CASCADE,
  CONSTRAINT `craft_relations_sourceLocale_fk` FOREIGN KEY (`sourceLocale`) REFERENCES `craft_locales` (`locale`) ON DELETE CASCADE ON UPDATE CASCADE,
  CONSTRAINT `craft_relations_targetId_fk` FOREIGN KEY (`targetId`) REFERENCES `craft_elements` (`id`) ON DELETE CASCADE
) ENGINE=InnoDB AUTO_INCREMENT=1021 DEFAULT CHARSET=utf8 COLLATE=utf8_unicode_ci;
/*!40101 SET character_set_client = @saved_cs_client */;

--
-- Dumping data for table `craft_relations`
--

LOCK TABLES `craft_relations` WRITE;
/*!40000 ALTER TABLE `craft_relations` DISABLE KEYS */;
SET autocommit=0;
INSERT INTO `craft_relations` VALUES (128,77,30,NULL,29,1,'2017-02-13 15:27:22','2017-02-13 15:27:22','8c40fbf1-45af-43dd-87e0-52216d8c6eff'),(132,49,18,NULL,7,1,'2017-02-13 22:57:24','2017-02-13 22:57:24','388c4565-f6a1-4733-96a4-c3c9073859f1'),(160,28,10,NULL,15,1,'2017-02-14 13:02:47','2017-02-14 13:02:47','abb8a138-b0a1-44f3-85b4-a4a3c0d5a095'),(161,28,11,NULL,16,1,'2017-02-14 13:02:47','2017-02-14 13:02:47','5e3c6ccd-274d-4cea-939c-41048509e6fc'),(268,81,35,NULL,29,1,'2017-02-14 19:12:31','2017-02-14 19:12:31','15b90610-4674-49f9-ae5b-f1af292c10b1'),(308,124,98,NULL,92,1,'2017-02-20 12:12:49','2017-02-20 12:12:49','f38a8328-6d08-4e96-8c4f-d6ff98c84924'),(309,124,99,NULL,92,1,'2017-02-20 12:13:23','2017-02-20 12:13:23','2cbbbe4a-fa4c-4fb1-91fa-b41a6733dbbc'),(310,124,100,NULL,92,1,'2017-02-20 12:13:56','2017-02-20 12:13:56','43a7eb9e-e0b8-4653-9ba7-7e76448b4b4c'),(311,124,101,NULL,92,1,'2017-02-20 12:14:13','2017-02-20 12:14:13','84ff2bf2-5450-4e1c-b3aa-1b7cb0cea4dd'),(312,124,102,NULL,92,1,'2017-02-20 12:14:33','2017-02-20 12:14:33','781c0a7c-a8b7-468b-a1eb-d5408ec92628'),(313,124,103,NULL,92,1,'2017-02-20 12:14:57','2017-02-20 12:14:57','7b39dec2-536e-419e-adaf-01080e18f929'),(314,124,104,NULL,96,1,'2017-02-20 12:15:19','2017-02-20 12:15:19','4292b24e-a5ab-4878-968e-a2a9afdf9c97'),(315,124,105,NULL,90,1,'2017-02-20 12:15:33','2017-02-20 12:15:33','3c8a512d-e387-49b5-9d7a-3e8eb2683be3'),(316,124,106,NULL,91,1,'2017-02-20 12:16:01','2017-02-20 12:16:01','298834a3-f4dd-4c05-bef3-cf48c5517457'),(317,124,107,NULL,95,1,'2017-02-20 12:16:27','2017-02-20 12:16:27','0b0740ca-a99f-43d0-9372-8f64521f0d5c'),(318,124,108,NULL,97,1,'2017-02-20 12:16:56','2017-02-20 12:16:56','dda6aaa5-00ce-4def-aa9c-71a4e57baf18'),(319,124,109,NULL,93,1,'2017-02-20 12:17:19','2017-02-20 12:17:19','a2456826-85fb-468b-9fb5-d9a88dc1d254'),(320,124,110,NULL,94,1,'2017-02-20 12:17:34','2017-02-20 12:17:34','8eeea00a-c0c5-4163-871c-518043c64815'),(321,124,111,NULL,94,1,'2017-02-20 12:17:57','2017-02-20 12:17:57','2c5e4319-cbd3-4db0-94d5-47bea7d2127a'),(322,124,112,NULL,94,1,'2017-02-20 12:18:13','2017-02-20 12:18:13','3cb03830-3216-4a5a-980f-ca888b7dbab1'),(323,124,113,NULL,94,1,'2017-02-20 12:18:28','2017-02-20 12:18:28','1f3c49b4-e418-4b54-912c-1183ff134e21'),(324,124,114,NULL,94,1,'2017-02-20 12:18:45','2017-02-20 12:18:45','77d8b8e2-6b11-462c-98a5-87476156ffdb'),(325,124,115,NULL,94,1,'2017-02-20 12:18:59','2017-02-20 12:18:59','72edf1bd-9dfb-45b7-bfb7-7ee2d10a4341'),(326,124,116,NULL,94,1,'2017-02-20 12:19:16','2017-02-20 12:19:16','9d22b776-9df9-43dc-9712-a6d3402723ad'),(327,124,118,NULL,94,1,'2017-02-20 12:19:58','2017-02-20 12:19:58','da6bfd07-bd10-4402-9b8c-66b9832c3b51'),(328,124,122,NULL,120,1,'2017-02-20 12:30:05','2017-02-20 12:30:05','d9e3a9bb-468a-4c7c-8b05-0d70d802f3c5'),(329,124,124,NULL,123,1,'2017-02-20 12:33:06','2017-02-20 12:33:06','18e2e2bc-d42f-44d2-b749-d4ae9e18e30c'),(330,124,126,NULL,125,1,'2017-02-20 12:38:04','2017-02-20 12:38:04','2657d89c-13bc-4f23-a412-a48ca79bd3d2'),(331,124,128,NULL,127,1,'2017-02-20 12:39:49','2017-02-20 12:39:49','64a8ce3f-afd5-4008-8050-92a73dab7257'),(332,124,130,NULL,129,1,'2017-02-20 12:41:54','2017-02-20 12:41:54','ab07bfbd-ef82-4567-a7ad-3a33cb9b5eda'),(333,124,132,NULL,131,1,'2017-02-20 12:43:36','2017-02-20 12:43:36','1e708169-1fff-4ec2-b059-77aa2cd49f6b'),(360,131,145,NULL,119,1,'2017-02-20 13:03:05','2017-02-20 13:03:05','7ab6d149-5aa5-4337-a3bd-0dd3348d26bf'),(361,131,145,NULL,98,2,'2017-02-20 13:03:05','2017-02-20 13:03:05','f97b07c5-f6b4-4714-b9af-a08d7a29a2e4'),(362,131,145,NULL,105,3,'2017-02-20 13:03:05','2017-02-20 13:03:05','ad981d47-cd79-444b-9037-c146d78fbc3f'),(363,131,145,NULL,106,4,'2017-02-20 13:03:05','2017-02-20 13:03:05','648d99f2-9972-4b79-904e-a4ee402b9302'),(364,131,145,NULL,108,5,'2017-02-20 13:03:05','2017-02-20 13:03:05','aa35656d-215f-4bc7-9a2d-2c7bb9670712'),(365,131,145,NULL,109,6,'2017-02-20 13:03:05','2017-02-20 13:03:05','237d9356-737a-4765-b82f-1fadddadb92d'),(366,131,145,NULL,117,7,'2017-02-20 13:03:05','2017-02-20 13:03:05','e04b18ba-bf31-4cdf-b87e-ae65af772f7f'),(367,131,145,NULL,111,8,'2017-02-20 13:03:05','2017-02-20 13:03:05','132dfea5-37ba-424f-94aa-56d4ad15ebf0'),(368,131,145,NULL,122,9,'2017-02-20 13:03:05','2017-02-20 13:03:05','abdac6e7-ec0f-4c6f-9849-86d82b71e474'),(369,131,145,NULL,124,10,'2017-02-20 13:03:05','2017-02-20 13:03:05','47d78abf-c108-4f9b-ac3f-e241ea07d1c4'),(370,131,145,NULL,126,11,'2017-02-20 13:03:05','2017-02-20 13:03:05','e9062094-22ad-4577-8ee0-8ed6d0ce0249'),(374,131,149,NULL,109,1,'2017-02-20 13:04:06','2017-02-20 13:04:06','1f0a6993-b9d5-4357-8a88-50f3981afc74'),(375,131,151,NULL,119,1,'2017-02-20 13:04:39','2017-02-20 13:04:39','426861c9-237a-4fd1-b027-d21134e45252'),(376,131,151,NULL,98,2,'2017-02-20 13:04:39','2017-02-20 13:04:39','af2c4343-afdf-488b-b2f6-f453b7b61b1f'),(377,131,151,NULL,109,3,'2017-02-20 13:04:39','2017-02-20 13:04:39','eae9fc55-33af-4d89-86d1-fc24b0fc6436'),(378,131,151,NULL,117,4,'2017-02-20 13:04:39','2017-02-20 13:04:39','b4184f1e-2ca4-4db3-a341-8f8e6867639b'),(379,131,151,NULL,111,5,'2017-02-20 13:04:39','2017-02-20 13:04:39','c4e0b2a1-e17c-4e04-93ba-015d3990c863'),(380,131,153,NULL,119,1,'2017-02-20 13:05:15','2017-02-20 13:05:15','4da5b2da-1fc5-4408-86c9-fb90103d6a19'),(381,131,153,NULL,98,2,'2017-02-20 13:05:15','2017-02-20 13:05:15','4564cb45-36c7-4c4d-9680-7d66926ec944'),(382,131,153,NULL,109,3,'2017-02-20 13:05:15','2017-02-20 13:05:15','78698ac4-4d5d-4949-b741-d449838260fa'),(383,131,153,NULL,117,4,'2017-02-20 13:05:15','2017-02-20 13:05:15','0720779a-b4df-4a33-bfa8-634bf848ef8c'),(384,131,153,NULL,111,5,'2017-02-20 13:05:15','2017-02-20 13:05:15','7856d80d-47df-4cdc-8bd8-f88b86a95a88'),(385,131,155,NULL,119,1,'2017-02-20 13:06:03','2017-02-20 13:06:03','3345a8ec-11ff-4908-a4d6-98bd6ffcf76e'),(386,131,155,NULL,98,2,'2017-02-20 13:06:03','2017-02-20 13:06:03','5fa2bdb0-c5c8-4903-85eb-158dad65ef8a'),(387,131,155,NULL,105,3,'2017-02-20 13:06:03','2017-02-20 13:06:03','3c041cb3-5ff7-4b2e-8749-86aa4d6bccd3'),(388,131,155,NULL,109,4,'2017-02-20 13:06:03','2017-02-20 13:06:03','d1dcf59d-2fae-46f6-894f-2b11247e18d1'),(448,131,147,NULL,104,1,'2017-02-20 14:29:34','2017-02-20 14:29:34','00a12f3c-471a-4202-99b9-5f8a9ea7f22f'),(449,131,147,NULL,106,2,'2017-02-20 14:29:34','2017-02-20 14:29:34','6e120fd4-a2e7-4721-b17a-b2c38a06c2e8'),(450,131,147,NULL,109,3,'2017-02-20 14:29:34','2017-02-20 14:29:34','c0fde04f-7635-458c-8faa-acf805a66df2'),(451,131,143,NULL,119,1,'2017-02-20 14:30:26','2017-02-20 14:30:26','06265a3d-7bf1-4520-8445-ea3a5fc1f3be'),(452,131,143,NULL,98,2,'2017-02-20 14:30:26','2017-02-20 14:30:26','88078687-d651-47d3-aab5-24c28e3a154d'),(453,131,143,NULL,105,3,'2017-02-20 14:30:26','2017-02-20 14:30:26','e972de24-f938-44be-a7f8-1437c3161bdd'),(454,131,143,NULL,109,4,'2017-02-20 14:30:26','2017-02-20 14:30:26','0e519f6b-1f46-49b4-83bb-63825cb55db6'),(455,131,143,NULL,117,5,'2017-02-20 14:30:26','2017-02-20 14:30:26','07e2215e-8ae4-4dfa-a490-62f1d6c1dcc9'),(456,131,143,NULL,111,6,'2017-02-20 14:30:26','2017-02-20 14:30:26','bf19e91f-b1d8-4d76-9f5f-d5f43e2cc273'),(457,131,141,NULL,119,1,'2017-02-20 14:30:33','2017-02-20 14:30:33','d8a9b747-898d-4d8d-ac30-381b8d9dc2cb'),(458,131,141,NULL,98,2,'2017-02-20 14:30:33','2017-02-20 14:30:33','9f65fdc5-6f6f-488c-8f4f-22f694a1ccaa'),(459,131,141,NULL,105,3,'2017-02-20 14:30:33','2017-02-20 14:30:33','64288f3a-61a2-4001-ad75-e20828aabd75'),(460,131,141,NULL,109,4,'2017-02-20 14:30:33','2017-02-20 14:30:33','acd3b47d-52b9-40ea-b902-a0e3571ac886'),(461,131,139,NULL,105,1,'2017-02-20 14:30:41','2017-02-20 14:30:41','d867ead5-7058-4f36-aa8c-93945715f5bd'),(462,131,139,NULL,109,2,'2017-02-20 14:30:41','2017-02-20 14:30:41','e11c631e-7271-4323-aed9-44ec75ee9b74'),(463,131,139,NULL,124,3,'2017-02-20 14:30:41','2017-02-20 14:30:41','74c145bb-e209-4842-9d7f-52b5d3feab3d'),(464,131,137,NULL,109,1,'2017-02-20 14:30:53','2017-02-20 14:30:53','18654443-a7b4-4658-9dd2-a9f73bdb18f2'),(465,131,135,NULL,119,1,'2017-02-20 14:31:00','2017-02-20 14:31:00','beda7db0-033f-4ce0-aa2d-b617decc86d4'),(466,131,135,NULL,98,2,'2017-02-20 14:31:00','2017-02-20 14:31:00','5d16ca61-8a80-47a8-ab1e-d0db048d63e4'),(467,131,135,NULL,105,3,'2017-02-20 14:31:00','2017-02-20 14:31:00','42ebba2a-9eae-447a-961a-3e1e931ff776'),(468,131,135,NULL,106,4,'2017-02-20 14:31:00','2017-02-20 14:31:00','faeea936-ca49-43a9-bde8-3cf821597756'),(469,131,133,NULL,119,1,'2017-02-20 14:31:09','2017-02-20 14:31:09','dbff6c11-fb86-4d90-a9a2-f7cece756950'),(470,131,133,NULL,98,2,'2017-02-20 14:31:09','2017-02-20 14:31:09','6acdd9b7-57f2-400f-b809-1bc9965f1796'),(471,131,133,NULL,105,3,'2017-02-20 14:31:09','2017-02-20 14:31:09','72cf344c-8879-495a-86a8-1587b34f188a'),(472,131,133,NULL,109,4,'2017-02-20 14:31:09','2017-02-20 14:31:09','f3bede56-21bd-4346-84a3-6db293196474'),(840,53,161,NULL,6,1,'2017-02-28 01:02:22','2017-02-28 01:02:22','ba009304-fc1f-4654-8d54-3549a0aae8ad'),(866,53,159,NULL,165,1,'2017-02-28 01:12:00','2017-02-28 01:12:00','0f4f4900-6bcb-4e98-8944-ee5e653e1743'),(867,53,160,NULL,167,1,'2017-02-28 01:12:00','2017-02-28 01:12:00','142c7373-3147-4a6c-be01-25bbfa77f64d'),(892,53,168,NULL,164,1,'2017-02-28 01:13:30','2017-02-28 01:13:30','22e33925-7e5a-45c2-b08d-fa4412201f38'),(924,81,171,NULL,29,1,'2017-02-28 15:59:23','2017-02-28 15:59:23','649a6fd2-61dc-4c78-bcee-0e4610ba40ab'),(929,53,38,NULL,166,1,'2017-02-28 15:59:56','2017-02-28 15:59:56','00436cf3-b1c6-4169-a5ba-f6d1c836ac6e'),(966,53,45,NULL,178,1,'2017-02-28 16:27:32','2017-02-28 16:27:32','9b9ee301-b2fc-4ab3-8a01-4cfb12883c6d'),(967,53,46,NULL,162,1,'2017-02-28 16:27:33','2017-02-28 16:27:33','b8796792-bd33-4ea1-8d2e-011f8064393e'),(988,53,37,NULL,174,1,'2017-02-28 16:31:46','2017-02-28 16:31:46','47a0bd1d-969d-44b7-bae5-3d1a15679451'),(990,22,2,NULL,9,1,'2017-02-28 16:32:45','2017-02-28 16:32:45','757ec632-971f-47a6-9087-6a95df908bb5'),(991,101,39,NULL,15,1,'2017-02-28 16:32:45','2017-02-28 16:32:45','4744224c-e936-4d83-aa35-ca147e2ea6cc'),(992,101,40,NULL,16,1,'2017-02-28 16:32:45','2017-02-28 16:32:45','b9fc5137-e269-4573-9099-0cbe67f722e9'),(993,106,51,NULL,16,1,'2017-02-28 16:32:45','2017-02-28 16:32:45','2bcf0436-3f06-46ee-ac26-e4f754d4be2c'),(994,22,3,NULL,9,1,'2017-02-28 16:34:05','2017-02-28 16:34:05','3c92ee91-d8d5-4efe-945e-097a173b7646'),(995,132,157,NULL,16,1,'2017-02-28 16:34:05','2017-02-28 16:34:05','123c35b3-12b2-4d93-b5c8-d3f14e841709'),(996,121,157,NULL,154,1,'2017-02-28 16:34:05','2017-02-28 16:34:05','eab15780-66f7-442c-9b5b-3944d31a2a87'),(997,121,157,NULL,146,2,'2017-02-28 16:34:05','2017-02-28 16:34:05','05a18eb6-84b1-4390-834e-8e8974f46611'),(998,121,157,NULL,150,3,'2017-02-28 16:34:05','2017-02-28 16:34:05','375ccb51-a745-41d5-b9db-eb9ac035484f'),(999,121,157,NULL,148,4,'2017-02-28 16:34:05','2017-02-28 16:34:05','af114d7a-0f79-423f-9a55-b9e7e372feb4'),(1000,121,157,NULL,136,5,'2017-02-28 16:34:05','2017-02-28 16:34:05','f92763b1-ee7d-42a9-bbb1-c5013ee70083'),(1001,121,157,NULL,134,6,'2017-02-28 16:34:05','2017-02-28 16:34:05','9d21346a-27de-40ca-be2b-fdab0abe1e07'),(1002,132,156,NULL,29,1,'2017-02-28 16:34:05','2017-02-28 16:34:05','f06a5192-89b0-44dd-b9d4-9cd9070c29e2'),(1003,121,156,NULL,144,1,'2017-02-28 16:34:05','2017-02-28 16:34:05','28e3e793-4ed5-424a-acb4-aa3554429695'),(1004,121,156,NULL,138,2,'2017-02-28 16:34:05','2017-02-28 16:34:05','7ecf7193-42a4-4bee-99ce-b961b91079cc'),(1005,121,156,NULL,140,3,'2017-02-28 16:34:05','2017-02-28 16:34:05','73693f65-dc60-4cc3-af08-b891f91148af'),(1006,121,156,NULL,146,4,'2017-02-28 16:34:05','2017-02-28 16:34:05','ecfc2355-d2d2-43d5-82a3-94eecaca5bbc'),(1007,121,156,NULL,148,5,'2017-02-28 16:34:05','2017-02-28 16:34:05','c83b8f8b-fb8f-4756-8a0d-7b4943c9ee8c'),(1008,121,156,NULL,150,6,'2017-02-28 16:34:05','2017-02-28 16:34:05','6835ae02-41dd-4a9c-9bce-2460645aefc3'),(1009,121,156,NULL,152,7,'2017-02-28 16:34:05','2017-02-28 16:34:05','871d9d95-5fb8-4a0f-b350-9bedfc7334e3'),(1010,121,156,NULL,154,8,'2017-02-28 16:34:05','2017-02-28 16:34:05','0e028ef3-211b-4111-bccc-9839b01d20e6'),(1011,132,89,NULL,158,1,'2017-02-28 16:34:05','2017-02-28 16:34:05','8a45ade3-6896-467c-a59e-ede9d7706fb0'),(1012,121,89,NULL,88,1,'2017-02-28 16:34:05','2017-02-28 16:34:05','d61e5339-8cd3-482f-b6b7-4a8321449ef1'),(1013,121,89,NULL,134,2,'2017-02-28 16:34:05','2017-02-28 16:34:05','38bc2f84-3ad5-4916-b170-d4ec392f1626'),(1014,121,89,NULL,136,3,'2017-02-28 16:34:05','2017-02-28 16:34:05','4c47669a-6836-45ca-a691-43b453fe0a45'),(1015,121,89,NULL,138,4,'2017-02-28 16:34:05','2017-02-28 16:34:05','10ab956b-d771-4759-9f14-8fb6be55542b'),(1016,121,89,NULL,140,5,'2017-02-28 16:34:05','2017-02-28 16:34:05','b0af0fda-0730-4013-9e2c-d4e946f8a535'),(1017,121,89,NULL,142,6,'2017-02-28 16:34:05','2017-02-28 16:34:05','81f9fe3a-8c6d-42ec-8e75-44ace055b95b'),(1020,53,184,NULL,186,1,'2017-02-28 16:56:03','2017-02-28 16:56:03','9b28d201-4b36-486c-b8ea-dde80da394dc');
/*!40000 ALTER TABLE `craft_relations` ENABLE KEYS */;
UNLOCK TABLES;
COMMIT;

--
-- Table structure for table `craft_routes`
--

/*!40101 SET @saved_cs_client     = @@character_set_client */;
/*!40101 SET character_set_client = utf8 */;
CREATE TABLE `craft_routes` (
  `id` int(11) NOT NULL AUTO_INCREMENT,
  `locale` char(12) COLLATE utf8_unicode_ci DEFAULT NULL,
  `urlParts` varchar(255) COLLATE utf8_unicode_ci NOT NULL,
  `urlPattern` varchar(255) COLLATE utf8_unicode_ci NOT NULL,
  `template` varchar(255) COLLATE utf8_unicode_ci NOT NULL,
  `sortOrder` smallint(6) unsigned DEFAULT NULL,
  `dateCreated` datetime NOT NULL,
  `dateUpdated` datetime NOT NULL,
  `uid` char(36) COLLATE utf8_unicode_ci NOT NULL DEFAULT '0',
  PRIMARY KEY (`id`),
  UNIQUE KEY `craft_routes_urlPattern_unq_idx` (`urlPattern`),
  KEY `craft_routes_locale_idx` (`locale`),
  CONSTRAINT `craft_routes_locale_fk` FOREIGN KEY (`locale`) REFERENCES `craft_locales` (`locale`) ON DELETE CASCADE ON UPDATE CASCADE
) ENGINE=InnoDB DEFAULT CHARSET=utf8 COLLATE=utf8_unicode_ci;
/*!40101 SET character_set_client = @saved_cs_client */;

--
-- Dumping data for table `craft_routes`
--

LOCK TABLES `craft_routes` WRITE;
/*!40000 ALTER TABLE `craft_routes` DISABLE KEYS */;
SET autocommit=0;
/*!40000 ALTER TABLE `craft_routes` ENABLE KEYS */;
UNLOCK TABLES;
COMMIT;

--
-- Table structure for table `craft_searchindex`
--

/*!40101 SET @saved_cs_client     = @@character_set_client */;
/*!40101 SET character_set_client = utf8 */;
CREATE TABLE `craft_searchindex` (
  `elementId` int(11) NOT NULL,
  `attribute` varchar(25) COLLATE utf8_unicode_ci NOT NULL,
  `fieldId` int(11) NOT NULL,
  `locale` char(12) COLLATE utf8_unicode_ci NOT NULL,
  `keywords` text COLLATE utf8_unicode_ci NOT NULL,
  PRIMARY KEY (`elementId`,`attribute`,`fieldId`,`locale`),
  FULLTEXT KEY `craft_searchindex_keywords_idx` (`keywords`)
) ENGINE=MyISAM DEFAULT CHARSET=utf8 COLLATE=utf8_unicode_ci;
/*!40101 SET character_set_client = @saved_cs_client */;

--
-- Dumping data for table `craft_searchindex`
--

LOCK TABLES `craft_searchindex` WRITE;
/*!40000 ALTER TABLE `craft_searchindex` DISABLE KEYS */;
SET autocommit=0;
INSERT INTO `craft_searchindex` VALUES (1,'username',0,'nb_no',' mustasj '),(1,'firstname',0,'nb_no',''),(1,'lastname',0,'nb_no',''),(1,'fullname',0,'nb_no',''),(1,'email',0,'nb_no',' dev mustasj no '),(1,'slug',0,'nb_no',''),(2,'slug',0,'nb_no',' forside '),(2,'title',0,'nb_no',' forside '),(3,'slug',0,'nb_no',' restaurant '),(3,'title',0,'nb_no',' restaurant '),(4,'slug',0,'nb_no',' selskap '),(4,'title',0,'nb_no',' selskap '),(5,'slug',0,'nb_no',' kristiansten festning '),(5,'title',0,'nb_no',' kristiansten festning '),(6,'field',21,'nb_no',''),(6,'field',18,'nb_no',' 29 72% 79 08% '),(6,'filename',0,'nb_no',' dsc8592 jpg '),(6,'extension',0,'nb_no',' jpg '),(6,'kind',0,'nb_no',' image '),(6,'slug',0,'nb_no',' dsc8592 '),(6,'title',0,'nb_no',' dsc8592 '),(7,'field',21,'nb_no',''),(7,'field',18,'nb_no',' 81 12% 61 22% '),(7,'filename',0,'nb_no',' dsc8599 jpg '),(7,'extension',0,'nb_no',' jpg '),(7,'kind',0,'nb_no',' image '),(7,'slug',0,'nb_no',' dsc8599 '),(7,'title',0,'nb_no',' dsc8599 '),(2,'field',22,'nb_no',' dsc8599 '),(2,'field',23,'nb_no',' pa historiske kristiansten festning i trondheim ligger restaurant kommandanten i den gamle kommandant boligen '),(8,'field',18,'nb_no',' 50 35% 67 35% '),(8,'field',21,'nb_no',''),(8,'filename',0,'nb_no',' dsc8592 jpg '),(8,'extension',0,'nb_no',' jpg '),(8,'kind',0,'nb_no',' image '),(8,'slug',0,'nb_no',' dsc8592 '),(8,'title',0,'nb_no',' dsc8592 '),(9,'field',18,'nb_no',' 17 48% 65 82% '),(9,'field',21,'nb_no',''),(9,'filename',0,'nb_no',' dsc8599 jpg '),(9,'extension',0,'nb_no',' jpg '),(9,'kind',0,'nb_no',' image '),(9,'slug',0,'nb_no',' dsc8599 '),(9,'title',0,'nb_no',' dsc8599 '),(2,'field',25,'nb_no',' festningen servering og kulturarena '),(2,'field',26,'nb_no',' clock tlf 450 52 666 tirsdag fredag11 00 23 00lordag sondag11 00 23 00moter og lukkede selskap etter avtale apningstider icon booking send epost reserver bord eller book egne dedikerte selskapslokaler med eget vertskap og underholdning booking '),(10,'field',27,'nb_no',' apningstider '),(10,'field',28,'nb_no',' clock '),(10,'field',29,'nb_no',' tirsdag fredag 11 00 23 00 lordag sondag 11 00 23 00 moter og selskap etter avtale '),(10,'field',30,'nb_no',' tlf 450 52 666 '),(10,'slug',0,'nb_no',''),(11,'field',27,'nb_no',' booking '),(11,'field',28,'nb_no',' icon booking '),(11,'field',29,'nb_no',' reserver bord eller book egne dedikerte selskapslokaler med eget vertskap og underholdning '),(11,'field',30,'nb_no',' send epost '),(11,'slug',0,'nb_no',''),(2,'field',31,'nb_no',' dsc8599 restauranten left lorem ipsum dolor sit amet consectetur adipiscing elit sed do eiusmod tempor incididunt ut labore et dolore magna aliqua ut enim ad minim veniam quis nostrud exercitation ullamco laboris nisi lorem ipsum dolor sit amet consectetur adipiscing elit sed do eiusmod tempor incididunt ut labore et dolore magna aliqua ut enim ad minim veniam quis nostrud exercitation ullamco laboris nisi lorem ipsum dolor sit amet consectetur adipiscing elit sed do eiusmod tempor incididunt ut labore et dolore magna aliqua ut enim ad minim veniam quis nostrud exercitation ullamco laboris nisi les mer dsc8592 dobbel restaurant right lorem ipsum dolor sit amet consectetur adipiscing elit sed do eiusmod tempor incididunt ut labore et dolore magna aliqua ut enim ad minim veniam quis nostrud exercitation ullamco laboris nisi les mer dsc8599 kuk right test '),(38,'slug',0,'nb_no',''),(38,'field',93,'nb_no',' left '),(38,'field',95,'nb_no',' ingen '),(38,'field',94,'nb_no',''),(38,'field',97,'nb_no',' 0 '),(38,'field',99,'nb_no',' 0 '),(38,'field',23,'nb_no',' restauranten lorem ipsum dolor sit amet '),(38,'field',98,'nb_no',' 1 '),(38,'field',53,'nb_no',' img 7705 '),(38,'field',92,'nb_no',' full '),(37,'slug',0,'nb_no',''),(37,'field',95,'nb_no',' begge '),(37,'field',93,'nb_no',' left '),(37,'field',135,'nb_no',' 1 '),(45,'field',135,'nb_no',' 1 '),(3,'field',133,'nb_no',''),(159,'field',95,'nb_no',' begge '),(159,'field',99,'nb_no',' 1 '),(159,'field',23,'nb_no',' lokale ravarer lorem ipsum dolor sit amet consectetur adipiscing elit sed do eiusmod tempor incididunt ut l abore et dolore magna aliqua ut enim ad minim veniam quis nostrud exercitation ullamco laboris nisi sed do eiusmod tempor incididunt ut l abore et dolore magna aliqua ut enim ad minim veniam quis nostrud exercitation ullamco laboris nisi sed do eiusmod tempor incididunt ut l abore et dolore magna aliqua ut enim lorem ipsum dolor sit amet consectetur adipiscing elit sed do eiusmod tempor incididunt ut l abore et dolore magna aliqua ut enim ad minim veniam quis nostrud exercitation ullamco laboris nisi sed do eiusmod tempor incididunt ut l abore et dolore magna aliqua ut enim ad minim veniam quis nostrud exercitation ullamco laboris nisi sed do eiusmod tempor incididunt ut l abore et dolore magna aliqua ut enim  '),(37,'field',134,'nb_no',' 1 '),(35,'field',81,'nb_no',' icon soup '),(35,'field',82,'nb_no',' vare menyer lunsj11 00 16 00klassisk16 00 23 00ukens 3 retter16 00 23 00 les mer '),(35,'slug',0,'nb_no',''),(2,'field',54,'nb_no',''),(20,'handle',0,'nb_no',' contact '),(20,'slug',0,'nb_no',''),(21,'name',0,'nb_no',' basic fields form '),(21,'handle',0,'nb_no',' basic '),(21,'slug',0,'nb_no',''),(20,'name',0,'nb_no',' contact form '),(15,'filename',0,'nb_no',' clock svg '),(15,'extension',0,'nb_no',' svg '),(15,'kind',0,'nb_no',' image '),(15,'slug',0,'nb_no',' clock '),(15,'title',0,'nb_no',' clock '),(16,'filename',0,'nb_no',' icon booking svg '),(16,'extension',0,'nb_no',' svg '),(16,'kind',0,'nb_no',' image '),(16,'slug',0,'nb_no',' icon booking '),(16,'title',0,'nb_no',' icon booking '),(2,'field',46,'nb_no',''),(37,'field',23,'nb_no',' restauranten lorem ipsum dolor sit amet consectetur adipiscing elit sed do eiusmod tempor incididunt ut labore et dolore magna aliqua ut enim ad minim veniam quis nostrud exercitation ullamco laboris nisi les mer '),(37,'field',98,'nb_no',' 1 '),(37,'field',53,'nb_no',' dsc0651 '),(37,'field',92,'nb_no',' right '),(37,'field',97,'nb_no',' 0 '),(37,'field',94,'nb_no',''),(37,'field',99,'nb_no',' 1 '),(2,'field',55,'nb_no',' lunsj11 00 16 00klassisk16 00 23 00ukens 3 retter16 00 23 00les mer tokolonner lorem ipsum dolor sit amet consectetur adipiscing elit sed do eiusmod tempor incididunt ut l abore et dolore magna aliqua ut enim ad minim veniam quis nostrud exercitation ullamco laboris nisi sed do eiusmod tempor incididunt ut l abore et dolore magna aliqua ut enim ad minim veniam quis nostrud exercitation ullamco laboris nisi sed do eiusmod tempor incididunt ut l abore et dolore magna aliqua ut enim ad minim veniam quis nostrud exercitation ullamco laboris nisi sed do eiusmod tempor incididunt ut l abore et dolore magna aliqua ut enim ad minim veniam quis nostrud exercitation ullamco laboris nisi les mer ukens 3 retter lunsj og klassisk meny '),(18,'field',47,'nb_no',' restauranten '),(18,'field',48,'nb_no',' lorem ipsum dolor sit amet consectetur adipiscing elit sed do eiusmod tempor incididunt ut labore et dolore magna aliqua ut enim ad minim veniam quis nostrud exercitation ullamco laboris nisi lorem ipsum dolor sit amet consectetur adipiscing elit sed do eiusmod tempor incididunt ut labore les mer '),(18,'field',49,'nb_no',' dsc8599 '),(18,'slug',0,'nb_no',''),(39,'field',100,'nb_no',' apningstider '),(39,'field',101,'nb_no',' clock '),(39,'field',102,'nb_no',' tirsdag fredag11 00 23 00lordag sondag11 00 23 00moter og lukkede selskap etter avtale '),(39,'field',103,'nb_no',' tlf 450 52 666 '),(39,'slug',0,'nb_no',''),(40,'field',100,'nb_no',' booking '),(40,'field',101,'nb_no',' icon booking '),(40,'field',102,'nb_no',' reserver bord eller book egne dedikerte selskapslokaler med eget vertskap og underholdning '),(40,'field',103,'nb_no',' send epost '),(2,'field',79,'nb_no',''),(41,'slug',0,'nb_no',''),(105,'slug',0,'nb_no',' egg '),(105,'title',0,'nb_no',' egg '),(41,'field',81,'nb_no',''),(41,'field',82,'nb_no',' ukens 3 retter lorem ipsum dolor sit amet consectetur adipiscing elit sed do eiusmod tempor incididunt ut l abore et dolore magna aliqua ut enim ad minim veniam quis nostrud exercitation ullamco laboris nisi sed do eiusmod tempor incididunt ut l abore et dolore magna aliqua ut enim ad minim veniam quis nostrud exercitation ullamco laboris nisi sed do eiusmod tempor incididunt ut l abore et dolore magna aliqua ut enim ad minim veniam quis nostrud exercitation ullamco laboris nisi sed do eiusmod tempor incididunt ut l abore et dolore magna aliqua ut enim ad minim veniam quis nostrud exercitation ullamco laboris nisi les mer '),(40,'slug',0,'nb_no',''),(27,'filename',0,'nb_no',' icon search svg '),(27,'extension',0,'nb_no',' svg '),(27,'kind',0,'nb_no',' image '),(27,'slug',0,'nb_no',' icon search '),(27,'title',0,'nb_no',' icon search '),(28,'filename',0,'nb_no',' icon silhouette svg '),(28,'extension',0,'nb_no',' svg '),(28,'kind',0,'nb_no',' image '),(28,'slug',0,'nb_no',' icon silhouette '),(28,'title',0,'nb_no',' icon silhouette '),(29,'filename',0,'nb_no',' icon soup svg '),(29,'extension',0,'nb_no',' svg '),(29,'kind',0,'nb_no',' image '),(29,'slug',0,'nb_no',' icon soup '),(29,'title',0,'nb_no',' icon soup '),(30,'field',77,'nb_no',' icon soup '),(30,'field',78,'nb_no',' lunsj11 00 16 00 klassisk16 00 23 00 ukens 3 retter16 00 23 00 les mer '),(30,'slug',0,'nb_no',''),(106,'title',0,'nb_no',' fisk '),(106,'slug',0,'nb_no',' fisk '),(90,'filename',0,'nb_no',' icon allergen egg svg '),(51,'field',108,'nb_no',' 63 42689290000001 10 41063889999998 15 kristiansten festning 7015 trondheim norge kristiansten festning kristiansten festning trondheim trondheim trondheim trondheim trondheim trondheim sor trondelag sor trondelag norge no 7015 7015 '),(2,'field',104,'nb_no',' icon booking 63 42689290000001 10 41063889999998 15 kristiansten festning 7015 trondheim norge kristiansten festning kristiansten festning trondheim trondheim trondheim trondheim trondheim trondheim sor trondelag sor trondelag norge no 7015 7015 reserver selskalslokaler eller bord i restauranten booking '),(51,'field',105,'nb_no',' booking '),(51,'field',106,'nb_no',' icon booking '),(51,'field',107,'nb_no',' reserver selskalslokaler eller bord i restauranten '),(51,'slug',0,'nb_no',''),(45,'field',95,'nb_no',' begge '),(45,'field',99,'nb_no',' 1 '),(45,'field',23,'nb_no',' selskap lorem ipsum dolor sit amet bryllup adipiscing elit sed do eiusmod dap og minnestund incididunt ut labore et dolore magna aliqua juleord og juleselskap enim ad minim veniam quis nostrud exercitation ullamco laboris nisi les mer '),(45,'field',98,'nb_no',' 1 '),(45,'field',53,'nb_no',' dsc6970 '),(45,'field',92,'nb_no',' right '),(45,'field',97,'nb_no',' 0 '),(45,'field',94,'nb_no',''),(45,'field',93,'nb_no',' left '),(45,'slug',0,'nb_no',''),(46,'field',95,'nb_no',' begge '),(46,'field',99,'nb_no',' 1 '),(46,'field',23,'nb_no',' historiske omgivelser lorem ipsum dolor sit amet bryllup adipiscing elit sed do eiusmod dap og minnestund incididunt ut labore et dolore magna aliqua juleord og juleselskap enim ad minim veniam quis nostrud exercitation ullamco laboris nisi les mer '),(46,'field',98,'nb_no',' 1 '),(46,'field',53,'nb_no',' img 7658 '),(46,'field',92,'nb_no',' left '),(46,'field',97,'nb_no',' 0 '),(46,'field',94,'nb_no',''),(46,'field',93,'nb_no',' left '),(46,'slug',0,'nb_no',''),(106,'field',124,'nb_no',' icon allergen fisk '),(105,'field',124,'nb_no',' icon allergen egg '),(104,'title',0,'nb_no',' skalldyr '),(104,'slug',0,'nb_no',' skalldyr '),(104,'field',124,'nb_no',' icon allergen skalldyr '),(103,'title',0,'nb_no',' korasanhvete '),(103,'slug',0,'nb_no',' korasanhvete '),(3,'field',22,'nb_no',' dsc8599 '),(3,'field',25,'nb_no',' restaurant kommandanten '),(3,'field',23,'nb_no',' vi byr pa gode mat og drikkeopplevelser pa trondheims tak med kortreist mat fra de tronderske fylker her kan du slappe av i solen ved var populaere uteserveringen se solnedgangen over trondheim i festlig lag eller hygge deg med et godt maltid inne i restauranten '),(90,'kind',0,'nb_no',' image '),(90,'extension',0,'nb_no',' svg '),(107,'field',124,'nb_no',' icon allergen peanuts '),(103,'field',124,'nb_no',' icon allergen hvete '),(102,'title',0,'nb_no',' spelt '),(102,'slug',0,'nb_no',' spelt '),(102,'field',124,'nb_no',' icon allergen hvete '),(101,'title',0,'nb_no',' havre '),(101,'slug',0,'nb_no',' havre '),(101,'field',124,'nb_no',' icon allergen hvete '),(100,'title',0,'nb_no',' bygg '),(100,'slug',0,'nb_no',' bygg '),(100,'field',124,'nb_no',' icon allergen hvete '),(99,'title',0,'nb_no',' rug '),(99,'slug',0,'nb_no',' rug '),(99,'field',124,'nb_no',' icon allergen hvete '),(98,'title',0,'nb_no',' hvete '),(98,'slug',0,'nb_no',' hvete '),(98,'field',124,'nb_no',' icon allergen hvete '),(97,'title',0,'nb_no',' icon allergen soya '),(97,'slug',0,'nb_no',' icon allergen soya '),(97,'kind',0,'nb_no',' image '),(97,'extension',0,'nb_no',' svg '),(97,'filename',0,'nb_no',' icon allergen soya svg '),(96,'title',0,'nb_no',' icon allergen skalldyr '),(96,'slug',0,'nb_no',' icon allergen skalldyr '),(96,'kind',0,'nb_no',' image '),(96,'extension',0,'nb_no',' svg '),(96,'filename',0,'nb_no',' icon allergen skalldyr svg '),(95,'title',0,'nb_no',' icon allergen peanuts '),(95,'slug',0,'nb_no',' icon allergen peanuts '),(95,'kind',0,'nb_no',' image '),(95,'extension',0,'nb_no',' svg '),(95,'filename',0,'nb_no',' icon allergen peanuts svg '),(94,'title',0,'nb_no',' icon allergen nuts '),(94,'slug',0,'nb_no',' icon allergen nuts '),(94,'kind',0,'nb_no',' image '),(94,'extension',0,'nb_no',' svg '),(94,'filename',0,'nb_no',' icon allergen nuts svg '),(93,'title',0,'nb_no',' icon allergen melk '),(93,'slug',0,'nb_no',' icon allergen melk '),(93,'kind',0,'nb_no',' image '),(93,'extension',0,'nb_no',' svg '),(93,'filename',0,'nb_no',' icon allergen melk svg '),(92,'title',0,'nb_no',' icon allergen hvete '),(92,'slug',0,'nb_no',' icon allergen hvete '),(92,'kind',0,'nb_no',' image '),(92,'extension',0,'nb_no',' svg '),(92,'filename',0,'nb_no',' icon allergen hvete svg '),(90,'slug',0,'nb_no',' icon allergen egg '),(90,'title',0,'nb_no',' icon allergen egg '),(91,'filename',0,'nb_no',' icon allergen fisk svg '),(91,'extension',0,'nb_no',' svg '),(91,'kind',0,'nb_no',' image '),(91,'slug',0,'nb_no',' icon allergen fisk '),(91,'title',0,'nb_no',' icon allergen fisk '),(88,'field',111,'nb_no',' brod test '),(88,'slug',0,'nb_no',' festningens smorbrod '),(88,'title',0,'nb_no',' festningens smorbrod '),(3,'field',114,'nb_no',' icon booking hvit sjokolade og kaffe torsk ostefat rein finnbiff smorbrod med rokt orret 16 00 23 00 ukens 3 retter icon soup deletallerken min 2 pers soppsuppe kommandantens burger torsk rein ostefat frukt og floteis hvit sjokolade og kaffe 16 00 23 00 klassisk meny icon sandwich festningens smorbrod smorbrod med rokt orret finnbiff soppsuppe kommandantens burger festningens kaker 11 00 16 00 lunsjmeny '),(89,'field',119,'nb_no',' lunsjmeny '),(89,'field',120,'nb_no',' 11 00 16 00 '),(89,'field',121,'nb_no',' festningens smorbrod smorbrod med rokt orret finnbiff soppsuppe kommandantens burger festningens kaker '),(89,'slug',0,'nb_no',''),(107,'slug',0,'nb_no',' peanotter '),(107,'title',0,'nb_no',' peanotter '),(108,'field',124,'nb_no',' icon allergen soya '),(108,'slug',0,'nb_no',' soya '),(108,'title',0,'nb_no',' soya '),(109,'field',124,'nb_no',' icon allergen melk '),(109,'slug',0,'nb_no',' melk '),(109,'title',0,'nb_no',' melk '),(110,'field',124,'nb_no',' icon allergen nuts '),(110,'slug',0,'nb_no',' mandler '),(110,'title',0,'nb_no',' mandler '),(111,'field',124,'nb_no',' icon allergen nuts '),(111,'slug',0,'nb_no',' hasselnotter '),(111,'title',0,'nb_no',' hasselnotter '),(112,'field',124,'nb_no',' icon allergen nuts '),(112,'slug',0,'nb_no',' valnotter '),(112,'title',0,'nb_no',' valnotter '),(113,'field',124,'nb_no',' icon allergen nuts '),(113,'slug',0,'nb_no',' kasjunotter '),(113,'title',0,'nb_no',' kasjunotter '),(114,'field',124,'nb_no',' icon allergen nuts '),(114,'slug',0,'nb_no',' pekannotter '),(114,'title',0,'nb_no',' pekannotter '),(115,'field',124,'nb_no',' icon allergen nuts '),(115,'slug',0,'nb_no',' pistasienotter '),(115,'title',0,'nb_no',' pistasienotter '),(116,'field',124,'nb_no',' icon allergen nuts '),(116,'slug',0,'nb_no',' paranotter '),(116,'title',0,'nb_no',' paranotter '),(117,'field',124,'nb_no',''),(117,'slug',0,'nb_no',' notter '),(117,'title',0,'nb_no',' notter '),(118,'field',124,'nb_no',' icon allergen nuts '),(118,'slug',0,'nb_no',' macadamianotter '),(118,'title',0,'nb_no',' macadamianotter '),(119,'field',124,'nb_no',''),(119,'slug',0,'nb_no',' korn '),(119,'title',0,'nb_no',' korn '),(120,'filename',0,'nb_no',' icon allergen celery svg '),(120,'extension',0,'nb_no',' svg '),(120,'kind',0,'nb_no',' image '),(120,'slug',0,'nb_no',' icon allergen celery '),(120,'title',0,'nb_no',' icon allergen celery '),(122,'title',0,'nb_no',' selleri '),(123,'filename',0,'nb_no',' icon allergen sennep svg '),(122,'slug',0,'nb_no',' selleri '),(122,'field',124,'nb_no',' icon allergen celery '),(123,'extension',0,'nb_no',' svg '),(123,'kind',0,'nb_no',' image '),(123,'slug',0,'nb_no',' icon allergen sennep '),(123,'title',0,'nb_no',' icon allergen sennep '),(124,'field',124,'nb_no',' icon allergen sennep '),(124,'slug',0,'nb_no',' sennep '),(124,'title',0,'nb_no',' sennep '),(125,'filename',0,'nb_no',' icon allergen sesame svg '),(125,'extension',0,'nb_no',' svg '),(125,'kind',0,'nb_no',' image '),(125,'slug',0,'nb_no',' icon allergen sesame '),(125,'title',0,'nb_no',' icon allergen sesame '),(126,'field',124,'nb_no',' icon allergen sesame '),(126,'slug',0,'nb_no',' sesamfro '),(126,'title',0,'nb_no',' sesamfro '),(127,'filename',0,'nb_no',' icon allergen sulfit svg '),(127,'extension',0,'nb_no',' svg '),(127,'kind',0,'nb_no',' image '),(127,'slug',0,'nb_no',' icon allergen sulfit '),(127,'title',0,'nb_no',' icon allergen sulfit '),(128,'field',124,'nb_no',' icon allergen sulfit '),(128,'slug',0,'nb_no',' sulfitt '),(128,'title',0,'nb_no',' sulfitt '),(129,'filename',0,'nb_no',' icon allergen lupin svg '),(129,'extension',0,'nb_no',' svg '),(129,'kind',0,'nb_no',' image '),(129,'slug',0,'nb_no',' icon allergen lupin '),(129,'title',0,'nb_no',' icon allergen lupin '),(130,'field',124,'nb_no',' icon allergen lupin '),(130,'slug',0,'nb_no',' lupin '),(130,'title',0,'nb_no',' lupin '),(131,'filename',0,'nb_no',' icon allergen softshell svg '),(131,'extension',0,'nb_no',' svg '),(131,'kind',0,'nb_no',' image '),(131,'slug',0,'nb_no',' icon allergen softshell '),(131,'title',0,'nb_no',' icon allergen softshell '),(132,'field',124,'nb_no',' icon allergen softshell '),(132,'slug',0,'nb_no',' blotdyr '),(132,'title',0,'nb_no',' blotdyr '),(88,'field',127,'nb_no',' korn hvete egg melk 139 smorbrod av hjemmebakt brod med tomat dijon dressing lok serranoskinke med blamugg eller hvit geitost gratineres i ovnen serveres med stekte poteter og aioli '),(133,'field',129,'nb_no',' smorbrod av hjemmebakt brod med tomat dijon dressing lok serranoskinke med blamugg eller hvit geitost gratineres i ovnen serveres med stekte poteter og aioli '),(133,'field',131,'nb_no',' korn hvete egg melk '),(133,'field',130,'nb_no',' 139 '),(133,'slug',0,'nb_no',''),(134,'field',127,'nb_no',' korn hvete egg fisk 139 smorbrod med orret fra festningens roykeri serveres pa hjemmebakt brod med tomat agurk rodlok salat og dressing toppes med friterte aspargesbonner '),(134,'slug',0,'nb_no',' smorbrod med rokt orret '),(134,'title',0,'nb_no',' smorbrod med rokt orret '),(135,'field',129,'nb_no',' smorbrod med orret fra festningens roykeri serveres pa hjemmebakt brod med tomat agurk rodlok salat og dressing toppes med friterte aspargesbonner '),(135,'field',131,'nb_no',' korn hvete egg fisk '),(135,'field',130,'nb_no',' 139 '),(135,'slug',0,'nb_no',''),(136,'field',127,'nb_no',' melk 149 tynne skiver av reinsdyrkjott rot gronnsaker viltsaus og tyttebaer serveres med troffelpotetmos '),(136,'slug',0,'nb_no',' finnbiff '),(136,'title',0,'nb_no',' finnbiff '),(137,'field',129,'nb_no',' tynne skiver av reinsdyrkjott rot gronnsaker viltsaus og tyttebaer serveres med troffelpotetmos '),(137,'field',131,'nb_no',' melk '),(137,'field',130,'nb_no',' 149 '),(137,'slug',0,'nb_no',''),(138,'field',127,'nb_no',' egg melk sennep 139 kremet soppsuppe serveres med ferskt brod og ulike dressinger toppes med hjemmelaget bacon og krutonger '),(138,'slug',0,'nb_no',' soppsuppe '),(138,'title',0,'nb_no',' soppsuppe '),(139,'field',129,'nb_no',' kremet soppsuppe serveres med ferskt brod og ulike dressinger toppes med hjemmelaget bacon og krutonger '),(139,'field',131,'nb_no',' egg melk sennep '),(139,'field',130,'nb_no',' 139 '),(139,'slug',0,'nb_no',''),(140,'field',127,'nb_no',' korn hvete egg melk 185 hjemmelaget hamburger med bacon fra eget roykeri salat tomat sylteagurk lok bbq saus og cheddarost serveres med aioli og stekte poteter serveres hele dagen '),(140,'slug',0,'nb_no',' kommandantens burger '),(140,'title',0,'nb_no',' kommandantens burger '),(141,'field',129,'nb_no',' hjemmelaget hamburger med bacon fra eget roykeri salat tomat sylteagurk lok bbq saus og cheddarost serveres med aioli og stekte poteter serveres hele dagen '),(141,'field',131,'nb_no',' korn hvete egg melk '),(141,'field',130,'nb_no',' 185 '),(141,'slug',0,'nb_no',''),(142,'field',127,'nb_no',' korn hvete egg melk notter hasselnotter 79 velg mellom vare hjemmelagde kaker spor din servitor om utvalg serveres med vaniljeis karamellisert hvit sjokolade rorte skogsbaer og crumble '),(142,'slug',0,'nb_no',' festningens kaker '),(142,'title',0,'nb_no',' festningens kaker '),(143,'field',129,'nb_no',' velg mellom vare hjemmelagde kaker spor din servitor om utvalg serveres med vaniljeis karamellisert hvit sjokolade rorte skogsbaer og crumble '),(143,'field',131,'nb_no',' korn hvete egg melk notter hasselnotter '),(143,'field',130,'nb_no',' 79 '),(143,'slug',0,'nb_no',''),(144,'field',127,'nb_no',' korn hvete egg fisk soya melk notter hasselnotter selleri sennep sesamfro 150 pr pers vare spesialiteter fra kjokken og urtehage samlet pa en spekefjol fritert brandad og oksehalekule sukkersaltet orret rokt orret gravet rein flatbrod chips og ulike dressinger '),(144,'slug',0,'nb_no',' deletallerken min 2 pers '),(144,'title',0,'nb_no',' deletallerken min 2 pers '),(145,'field',129,'nb_no',' vare spesialiteter fra kjokken og urtehage samlet pa en spekefjol fritert brandad og oksehalekule sukkersaltet orret rokt orret gravet rein flatbrod chips og ulike dressinger '),(145,'field',131,'nb_no',' korn hvete egg fisk soya melk notter hasselnotter selleri sennep sesamfro '),(145,'field',130,'nb_no',' 150 pr pers '),(145,'slug',0,'nb_no',''),(146,'field',127,'nb_no',' skalldyr fisk melk 295 pannestekt torsk med lokkrem brent smalok og blaskjell fondantpotet og skalldyrskum '),(146,'slug',0,'nb_no',' torsk '),(146,'title',0,'nb_no',' torsk '),(147,'field',129,'nb_no',' pannestekt torsk med lokkrem brent smalok og blaskjell fondantpotet og skalldyrskum '),(147,'field',131,'nb_no',' skalldyr fisk melk '),(147,'field',130,'nb_no',' 295 '),(147,'slug',0,'nb_no',''),(148,'field',127,'nb_no',' melk 325 rein med ristet jordskokkpure beter lok syltet kantarell grov potetmos og rodvinssaus '),(148,'slug',0,'nb_no',' rein '),(148,'title',0,'nb_no',' rein '),(149,'field',129,'nb_no',' rein med ristet jordskokkpure beter lok syltet kantarell grov potetmos og rodvinssaus '),(149,'field',131,'nb_no',' melk '),(149,'field',130,'nb_no',' 325 '),(149,'slug',0,'nb_no',''),(150,'field',127,'nb_no',' korn hvete melk notter hasselnotter 149 3 norske oster med fikenmarmelade syrlig eple og nottebrod '),(150,'slug',0,'nb_no',' ostefat '),(150,'title',0,'nb_no',' ostefat '),(151,'field',129,'nb_no',' 3 norske oster med fikenmarmelade syrlig eple og nottebrod '),(151,'field',131,'nb_no',' korn hvete melk notter hasselnotter '),(151,'field',130,'nb_no',' 149 '),(151,'slug',0,'nb_no',''),(152,'field',127,'nb_no',' korn hvete melk notter hasselnotter 149 frukt og floteis med brunet smor og touille kjeks '),(152,'slug',0,'nb_no',' frukt og floteis '),(152,'title',0,'nb_no',' frukt og floteis '),(153,'field',129,'nb_no',' frukt og floteis med brunet smor og touille kjeks '),(153,'field',131,'nb_no',' korn hvete melk notter hasselnotter '),(153,'field',130,'nb_no',' 149 '),(153,'slug',0,'nb_no',''),(154,'field',127,'nb_no',' korn hvete egg melk 149 hvit sjokolade og kaffeganache med tinnved og eplekakestro '),(154,'slug',0,'nb_no',' hvit sjokolade og kaffe '),(154,'title',0,'nb_no',' hvit sjokolade og kaffe '),(155,'field',129,'nb_no',' hvit sjokolade og kaffeganache med tinnved og eplekakestro '),(155,'field',131,'nb_no',' korn hvete egg melk '),(155,'field',130,'nb_no',' 149 '),(155,'slug',0,'nb_no',''),(156,'field',119,'nb_no',' klassisk meny '),(156,'field',120,'nb_no',' 16 00 23 00 '),(156,'field',121,'nb_no',' deletallerken min 2 pers soppsuppe kommandantens burger torsk rein ostefat frukt og floteis hvit sjokolade og kaffe '),(156,'slug',0,'nb_no',''),(157,'field',119,'nb_no',' ukens 3 retter '),(157,'field',120,'nb_no',' 16 00 23 00 '),(157,'field',121,'nb_no',' hvit sjokolade og kaffe torsk ostefat rein finnbiff smorbrod med rokt orret '),(157,'slug',0,'nb_no',''),(158,'filename',0,'nb_no',' icon sandwich svg '),(158,'extension',0,'nb_no',' svg '),(158,'kind',0,'nb_no',' image '),(158,'slug',0,'nb_no',' icon sandwich '),(158,'title',0,'nb_no',' icon sandwich '),(89,'field',132,'nb_no',' icon sandwich '),(156,'field',132,'nb_no',' icon soup '),(157,'field',132,'nb_no',' icon booking '),(159,'field',135,'nb_no',' 2 '),(159,'field',98,'nb_no',' 1 '),(159,'field',53,'nb_no',' img 7686 '),(159,'field',92,'nb_no',' full '),(159,'field',97,'nb_no',' 0 '),(159,'field',94,'nb_no',' lorem ipsum '),(159,'field',93,'nb_no',' drop left '),(159,'slug',0,'nb_no',''),(160,'field',95,'nb_no',' under '),(160,'field',99,'nb_no',' 1 '),(160,'field',23,'nb_no',' ukens 3 rettere lorem ipsum dolor sit amet consectetur adipiscing elit sed do eiusmod tempor incididunt ut l abore et dolore magna aliqua ut enim ad minim veniam quis nostrud exercitation ullamco laboris nisi sed do eiusmod tempor incididunt ut l abore et dolore magna aliqua ut enim ad minim veniam quis nostrud exercitation ullamco laboris nisi sed do eiusmod tempor incididunt ut l abore et dolore magna aliqua ut enim  '),(160,'field',135,'nb_no',' 1 '),(160,'field',98,'nb_no',' 1 '),(160,'field',53,'nb_no',' img 7707 '),(160,'field',92,'nb_no',' left '),(160,'field',97,'nb_no',' 0 '),(160,'field',94,'nb_no',''),(160,'field',93,'nb_no',' left '),(160,'slug',0,'nb_no',''),(161,'field',95,'nb_no',' under '),(161,'field',99,'nb_no',' 1 '),(161,'field',23,'nb_no',' uteservering lorem ipsum dolor sit amet consectetur adipiscing elit sed do eiusmod tempor incididunt ut l abore et dolore magna aliqua ut enim ad minim veniam quis nostrud exercitation ullamco laboris nisi sed do eiusmod tempor incididunt ut l abore et dolore magna aliqua ut enim ad minim veniam quis nostrud exercitation ullamco laboris nisi sed do eiusmod tempor incididunt ut l abore et dolore magna aliqua ut enim  '),(161,'field',135,'nb_no',' 1 '),(161,'field',98,'nb_no',' 1 '),(161,'field',53,'nb_no',' dsc8592 '),(161,'field',92,'nb_no',' right '),(161,'field',97,'nb_no',' 0 '),(161,'field',94,'nb_no',''),(161,'field',93,'nb_no',' left '),(161,'slug',0,'nb_no',''),(163,'field',18,'nb_no',''),(162,'extension',0,'nb_no',' jpg '),(162,'kind',0,'nb_no',' image '),(162,'slug',0,'nb_no',' img 7658 '),(162,'title',0,'nb_no',' img 7658 '),(162,'field',21,'nb_no',''),(162,'filename',0,'nb_no',' img_7658 jpg '),(162,'field',18,'nb_no',' 52 8% 77 66% '),(163,'field',21,'nb_no',''),(163,'filename',0,'nb_no',' img_7671 jpg '),(163,'extension',0,'nb_no',' jpg '),(163,'kind',0,'nb_no',' image '),(163,'slug',0,'nb_no',' img 7671 '),(163,'title',0,'nb_no',' img 7671 '),(164,'field',18,'nb_no',''),(164,'field',21,'nb_no',''),(164,'filename',0,'nb_no',' img_7685 jpg '),(164,'extension',0,'nb_no',' jpg '),(164,'kind',0,'nb_no',' image '),(164,'slug',0,'nb_no',' img 7685 '),(164,'title',0,'nb_no',' img 7685 '),(165,'field',18,'nb_no',''),(165,'field',21,'nb_no',''),(165,'filename',0,'nb_no',' img_7686 jpg '),(165,'extension',0,'nb_no',' jpg '),(165,'kind',0,'nb_no',' image '),(165,'slug',0,'nb_no',' img 7686 '),(165,'title',0,'nb_no',' img 7686 '),(166,'field',18,'nb_no',' 70 28% 55 33% '),(166,'field',21,'nb_no',''),(166,'filename',0,'nb_no',' img_7705 jpg '),(166,'extension',0,'nb_no',' jpg '),(166,'kind',0,'nb_no',' image '),(166,'slug',0,'nb_no',' img 7705 '),(166,'title',0,'nb_no',' img 7705 '),(167,'field',18,'nb_no',''),(167,'field',21,'nb_no',''),(167,'filename',0,'nb_no',' img_7707 jpg '),(167,'extension',0,'nb_no',' jpg '),(167,'kind',0,'nb_no',' image '),(167,'slug',0,'nb_no',' img 7707 '),(167,'title',0,'nb_no',' img 7707 '),(168,'field',95,'nb_no',' begge '),(168,'field',99,'nb_no',' 0 '),(168,'field',23,'nb_no',''),(168,'field',135,'nb_no',' 1 '),(168,'field',98,'nb_no',' 1 '),(168,'field',53,'nb_no',' img 7685 '),(168,'field',92,'nb_no',' full '),(168,'field',97,'nb_no',' 1 '),(168,'field',94,'nb_no',' ullamco laboris nisi sed do eiusmod tempor incididunt ut l abore et dolore magnostrud exercitation ullamco laboris nisi sed do eiusmod tempor incididunt ut l abore et dolore magna aliqua ut enim ad minim veniam quis nostrud exercitation ullamco laboris nisi sed do '),(168,'field',93,'nb_no',' drop left '),(168,'slug',0,'nb_no',''),(169,'field',80,'nb_no',' ukens 3 retter klassisk meny og god gammeldags lunsj lorem ipsum dolor sit amet consectetur adipiscing elit sed do eiusmod tempor incididunt ut l abore et dolore magna aliqua ut enim ad minim veniam quis nostrud exercitation ullamco laboris nisi sed do eiusmod tempor incididunt ut l abore et dolore magna aliqua ut enim ad minim veniam quis nostrud exercitation ullamco laboris nisi sed do eiusmod tempor incididunt ut l abore et dolore magna aliqua ut enim ad minim veniam quis nostrud exercitation ullamco laboris nisi sed do eiusmod tempor incididunt ut l abore et dolore magna aliqua ut enim ad minim veniam quis nostrud exercitation ullamco laboris nisi les mer icon soup vare menyer ukens 3 retter11 00 16 00klassisk meny16 00 23 00lunsjmeny16 00 23 00les mer '),(169,'slug',0,'nb_no',''),(170,'field',81,'nb_no',''),(170,'field',82,'nb_no',' ukens 3 retter klassisk meny og god gammeldags lunsj lorem ipsum dolor sit amet consectetur adipiscing elit sed do eiusmod tempor incididunt ut l abore et dolore magna aliqua ut enim ad minim veniam quis nostrud exercitation ullamco laboris nisi sed do eiusmod tempor incididunt ut l abore et dolore magna aliqua ut enim ad minim veniam quis nostrud exercitation ullamco laboris nisi sed do eiusmod tempor incididunt ut l abore et dolore magna aliqua ut enim ad minim veniam quis nostrud exercitation ullamco laboris nisi sed do eiusmod tempor incididunt ut l abore et dolore magna aliqua ut enim ad minim veniam quis nostrud exercitation ullamco laboris nisi les mer '),(170,'slug',0,'nb_no',''),(171,'field',81,'nb_no',' icon soup '),(171,'field',82,'nb_no',' vare menyer ukens 3 retter11 00 16 00klassisk meny16 00 23 00lunsjmeny16 00 23 00les mer '),(171,'slug',0,'nb_no',''),(38,'field',135,'nb_no',''),(172,'field',18,'nb_no',''),(172,'field',21,'nb_no',''),(172,'filename',0,'nb_no',' dsc0649 jpg '),(172,'extension',0,'nb_no',' jpg '),(172,'kind',0,'nb_no',' image '),(172,'slug',0,'nb_no',' dsc0649 '),(172,'title',0,'nb_no',' dsc0649 '),(173,'field',18,'nb_no',''),(173,'field',21,'nb_no',''),(173,'filename',0,'nb_no',' dsc0649 2 jpg '),(173,'extension',0,'nb_no',' jpg '),(173,'kind',0,'nb_no',' image '),(173,'slug',0,'nb_no',' dsc0649 2 '),(173,'title',0,'nb_no',' dsc0649 2 '),(174,'field',18,'nb_no',' 50 7% 62 07% '),(174,'field',21,'nb_no',''),(174,'filename',0,'nb_no',' dsc0651 jpg '),(174,'extension',0,'nb_no',' jpg '),(174,'kind',0,'nb_no',' image '),(174,'slug',0,'nb_no',' dsc0651 '),(174,'title',0,'nb_no',' dsc0651 '),(175,'field',18,'nb_no',' 28 67% 23 91% '),(175,'field',21,'nb_no',''),(175,'filename',0,'nb_no',' dsc0658 jpg '),(175,'extension',0,'nb_no',' jpg '),(175,'kind',0,'nb_no',' image '),(175,'slug',0,'nb_no',' dsc0658 '),(175,'title',0,'nb_no',' dsc0658 '),(176,'field',18,'nb_no',' 48 95% 34 18% '),(176,'field',21,'nb_no',''),(176,'filename',0,'nb_no',' dsc0662 jpg '),(176,'extension',0,'nb_no',' jpg '),(176,'kind',0,'nb_no',' image '),(176,'slug',0,'nb_no',' dsc0662 '),(176,'title',0,'nb_no',' dsc0662 '),(177,'field',18,'nb_no',''),(177,'field',21,'nb_no',''),(177,'filename',0,'nb_no',' dsc6944 jpg '),(177,'extension',0,'nb_no',' jpg '),(177,'kind',0,'nb_no',' image '),(177,'slug',0,'nb_no',' dsc6944 '),(177,'title',0,'nb_no',' dsc6944 '),(178,'field',18,'nb_no',''),(178,'field',21,'nb_no',''),(178,'filename',0,'nb_no',' dsc6970 jpg '),(178,'extension',0,'nb_no',' jpg '),(178,'kind',0,'nb_no',' image '),(178,'slug',0,'nb_no',' dsc6970 '),(178,'title',0,'nb_no',' dsc6970 '),(179,'field',18,'nb_no',''),(179,'field',21,'nb_no',''),(179,'filename',0,'nb_no',' dsc7004 jpg '),(179,'extension',0,'nb_no',' jpg '),(179,'kind',0,'nb_no',' image '),(179,'slug',0,'nb_no',' dsc7004 '),(179,'title',0,'nb_no',' dsc7004 '),(180,'field',18,'nb_no',''),(180,'field',21,'nb_no',''),(180,'filename',0,'nb_no',' dsc7150 jpg '),(180,'extension',0,'nb_no',' jpg '),(180,'kind',0,'nb_no',' image '),(180,'slug',0,'nb_no',' dsc7150 '),(180,'title',0,'nb_no',' dsc7150 '),(181,'field',18,'nb_no',''),(181,'field',21,'nb_no',''),(181,'filename',0,'nb_no',' dsc7256 jpg '),(181,'extension',0,'nb_no',' jpg '),(181,'kind',0,'nb_no',' image '),(181,'slug',0,'nb_no',' dsc7256 '),(181,'title',0,'nb_no',' dsc7256 '),(182,'field',18,'nb_no',''),(182,'field',21,'nb_no',''),(182,'filename',0,'nb_no',' kommandanten jpg '),(182,'extension',0,'nb_no',' jpg '),(182,'kind',0,'nb_no',' image '),(182,'slug',0,'nb_no',' kommandanten '),(182,'title',0,'nb_no',' kommandanten '),(46,'field',135,'nb_no',''),(184,'field',53,'nb_no',' logo silhouette '),(184,'field',23,'nb_no',' festningen servering og kulturarena tlf 450 52 666e post kommandanten festningenservering noadresse kristianstensbakken 30 7016 trondheimpostadresse postboks 4085 bakklandet 7454 trondheim '),(184,'slug',0,'nb_no',''),(185,'field',18,'nb_no',''),(185,'field',21,'nb_no',''),(185,'filename',0,'nb_no',' logo bg svg '),(185,'extension',0,'nb_no',' svg '),(185,'kind',0,'nb_no',' image '),(185,'slug',0,'nb_no',' logo bg '),(185,'title',0,'nb_no',' logo bg '),(186,'filename',0,'nb_no',' logo_silhouette svg '),(186,'extension',0,'nb_no',' svg '),(186,'kind',0,'nb_no',' image '),(186,'slug',0,'nb_no',' logo silhouette '),(186,'title',0,'nb_no',' logo silhouette ');
/*!40000 ALTER TABLE `craft_searchindex` ENABLE KEYS */;
UNLOCK TABLES;
COMMIT;

--
-- Table structure for table `craft_sections`
--

/*!40101 SET @saved_cs_client     = @@character_set_client */;
/*!40101 SET character_set_client = utf8 */;
CREATE TABLE `craft_sections` (
  `id` int(11) NOT NULL AUTO_INCREMENT,
  `structureId` int(11) DEFAULT NULL,
  `name` varchar(255) COLLATE utf8_unicode_ci NOT NULL,
  `handle` varchar(255) COLLATE utf8_unicode_ci NOT NULL,
  `type` enum('single','channel','structure') COLLATE utf8_unicode_ci NOT NULL DEFAULT 'channel',
  `hasUrls` tinyint(1) unsigned NOT NULL DEFAULT '1',
  `template` varchar(500) COLLATE utf8_unicode_ci DEFAULT NULL,
  `enableVersioning` tinyint(1) unsigned NOT NULL DEFAULT '0',
  `dateCreated` datetime NOT NULL,
  `dateUpdated` datetime NOT NULL,
  `uid` char(36) COLLATE utf8_unicode_ci NOT NULL DEFAULT '0',
  PRIMARY KEY (`id`),
  UNIQUE KEY `craft_sections_name_unq_idx` (`name`),
  UNIQUE KEY `craft_sections_handle_unq_idx` (`handle`),
  KEY `craft_sections_structureId_fk` (`structureId`),
  CONSTRAINT `craft_sections_structureId_fk` FOREIGN KEY (`structureId`) REFERENCES `craft_structures` (`id`) ON DELETE SET NULL
) ENGINE=InnoDB AUTO_INCREMENT=6 DEFAULT CHARSET=utf8 COLLATE=utf8_unicode_ci;
/*!40101 SET character_set_client = @saved_cs_client */;

--
-- Dumping data for table `craft_sections`
--

LOCK TABLES `craft_sections` WRITE;
/*!40000 ALTER TABLE `craft_sections` DISABLE KEYS */;
SET autocommit=0;
INSERT INTO `craft_sections` VALUES (1,NULL,'Forside','forside','single',1,'index',1,'2017-02-10 15:29:45','2017-02-10 15:29:45','e237f024-262c-4886-8869-e9324bee31bc'),(2,NULL,'Restaurant','restaurant','single',1,'restaurant',1,'2017-02-10 15:30:01','2017-02-10 15:30:01','2bda4c6b-a0e6-41cb-abcc-48944b4e1685'),(3,NULL,'Selskap','selskap','single',1,'selskap',1,'2017-02-10 15:30:11','2017-02-10 15:30:11','b395e580-9e19-4bc4-9f44-f1d9dcad7c2c'),(4,NULL,'Kristiansten festning','kristianstenFestning','single',1,'kristiansten-festning',1,'2017-02-10 15:30:28','2017-02-10 15:30:28','90bf6aa8-a2af-4c9d-a209-5d20bc04272a'),(5,NULL,'Oppskrifter','oppskrifter','channel',0,NULL,1,'2017-02-10 15:44:00','2017-02-10 15:44:00','10e85eec-66d4-4e96-a479-2a3332c2ad2c');
/*!40000 ALTER TABLE `craft_sections` ENABLE KEYS */;
UNLOCK TABLES;
COMMIT;

--
-- Table structure for table `craft_sections_i18n`
--

/*!40101 SET @saved_cs_client     = @@character_set_client */;
/*!40101 SET character_set_client = utf8 */;
CREATE TABLE `craft_sections_i18n` (
  `id` int(11) NOT NULL AUTO_INCREMENT,
  `sectionId` int(11) NOT NULL,
  `locale` char(12) COLLATE utf8_unicode_ci NOT NULL,
  `enabledByDefault` tinyint(1) unsigned NOT NULL DEFAULT '1',
  `urlFormat` text COLLATE utf8_unicode_ci,
  `nestedUrlFormat` text COLLATE utf8_unicode_ci,
  `dateCreated` datetime NOT NULL,
  `dateUpdated` datetime NOT NULL,
  `uid` char(36) COLLATE utf8_unicode_ci NOT NULL DEFAULT '0',
  PRIMARY KEY (`id`),
  UNIQUE KEY `craft_sections_i18n_sectionId_locale_unq_idx` (`sectionId`,`locale`),
  KEY `craft_sections_i18n_locale_fk` (`locale`),
  CONSTRAINT `craft_sections_i18n_locale_fk` FOREIGN KEY (`locale`) REFERENCES `craft_locales` (`locale`) ON DELETE CASCADE ON UPDATE CASCADE,
  CONSTRAINT `craft_sections_i18n_sectionId_fk` FOREIGN KEY (`sectionId`) REFERENCES `craft_sections` (`id`) ON DELETE CASCADE
) ENGINE=InnoDB AUTO_INCREMENT=6 DEFAULT CHARSET=utf8 COLLATE=utf8_unicode_ci;
/*!40101 SET character_set_client = @saved_cs_client */;

--
-- Dumping data for table `craft_sections_i18n`
--

LOCK TABLES `craft_sections_i18n` WRITE;
/*!40000 ALTER TABLE `craft_sections_i18n` DISABLE KEYS */;
SET autocommit=0;
INSERT INTO `craft_sections_i18n` VALUES (1,1,'nb_no',1,'__home__',NULL,'2017-02-10 15:29:45','2017-02-10 15:29:45','cf9c3aac-8309-4171-836a-54158d1279e3'),(2,2,'nb_no',1,'restaurant',NULL,'2017-02-10 15:30:01','2017-02-10 15:30:01','a7bf8ae6-e379-4b92-a41d-e9e737d34437'),(3,3,'nb_no',1,'selskap',NULL,'2017-02-10 15:30:11','2017-02-10 15:30:11','48e9b469-7e90-49d2-aca0-1d630cb0d46b'),(4,4,'nb_no',1,'kristiansten-festning',NULL,'2017-02-10 15:30:28','2017-02-10 15:30:28','4ec5f640-1fc0-45b5-95e3-255f9e8cdd5c'),(5,5,'nb_no',1,NULL,NULL,'2017-02-10 15:44:00','2017-02-10 15:44:00','403552a2-3968-48b7-81d6-26a1b17223d8');
/*!40000 ALTER TABLE `craft_sections_i18n` ENABLE KEYS */;
UNLOCK TABLES;
COMMIT;

--
-- Table structure for table `craft_seomatic_meta`
--

/*!40101 SET @saved_cs_client     = @@character_set_client */;
/*!40101 SET character_set_client = utf8 */;
CREATE TABLE `craft_seomatic_meta` (
  `id` int(11) NOT NULL,
  `seoImageId` int(11) DEFAULT NULL,
  `seoFacebookImageId` int(11) DEFAULT NULL,
  `seoTwitterImageId` int(11) DEFAULT NULL,
  `locale` varchar(255) COLLATE utf8_unicode_ci DEFAULT 'nb_no',
  `elementId` int(10) DEFAULT '0',
  `metaType` enum('default','template') COLLATE utf8_unicode_ci DEFAULT 'template',
  `metaPath` varchar(255) COLLATE utf8_unicode_ci DEFAULT '',
  `seoMainEntityCategory` varchar(255) COLLATE utf8_unicode_ci NOT NULL,
  `seoMainEntityOfPage` varchar(255) COLLATE utf8_unicode_ci NOT NULL,
  `seoTitle` varchar(255) COLLATE utf8_unicode_ci DEFAULT '',
  `seoDescription` varchar(255) COLLATE utf8_unicode_ci DEFAULT '',
  `seoKeywords` varchar(255) COLLATE utf8_unicode_ci DEFAULT '',
  `seoTwitterImageTransform` varchar(255) COLLATE utf8_unicode_ci NOT NULL,
  `seoFacebookImageTransform` varchar(255) COLLATE utf8_unicode_ci NOT NULL,
  `seoImageTransform` varchar(255) COLLATE utf8_unicode_ci NOT NULL,
  `twitterCardType` varchar(255) COLLATE utf8_unicode_ci DEFAULT 'summary',
  `openGraphType` varchar(255) COLLATE utf8_unicode_ci DEFAULT 'website',
  `robots` varchar(255) COLLATE utf8_unicode_ci DEFAULT '',
  `dateCreated` datetime NOT NULL,
  `dateUpdated` datetime NOT NULL,
  `uid` char(36) COLLATE utf8_unicode_ci NOT NULL DEFAULT '0',
  PRIMARY KEY (`id`),
  KEY `craft_seomatic_meta_seoImageId_fk` (`seoImageId`),
  CONSTRAINT `craft_seomatic_meta_id_fk` FOREIGN KEY (`id`) REFERENCES `craft_elements` (`id`) ON DELETE CASCADE,
  CONSTRAINT `craft_seomatic_meta_seoImageId_fk` FOREIGN KEY (`seoImageId`) REFERENCES `craft_assetfiles` (`id`) ON DELETE SET NULL
) ENGINE=InnoDB DEFAULT CHARSET=utf8 COLLATE=utf8_unicode_ci;
/*!40101 SET character_set_client = @saved_cs_client */;

--
-- Dumping data for table `craft_seomatic_meta`
--

LOCK TABLES `craft_seomatic_meta` WRITE;
/*!40000 ALTER TABLE `craft_seomatic_meta` DISABLE KEYS */;
SET autocommit=0;
/*!40000 ALTER TABLE `craft_seomatic_meta` ENABLE KEYS */;
UNLOCK TABLES;
COMMIT;

--
-- Table structure for table `craft_seomatic_settings`
--

/*!40101 SET @saved_cs_client     = @@character_set_client */;
/*!40101 SET character_set_client = utf8 */;
CREATE TABLE `craft_seomatic_settings` (
  `id` int(11) NOT NULL AUTO_INCREMENT,
  `siteSeoImageId` int(11) DEFAULT NULL,
  `siteSeoFacebookImageId` int(11) DEFAULT NULL,
  `siteSeoTwitterImageId` int(11) DEFAULT NULL,
  `genericOwnerImageId` int(11) DEFAULT NULL,
  `genericCreatorImageId` int(11) DEFAULT NULL,
  `locale` varchar(255) COLLATE utf8_unicode_ci DEFAULT '',
  `siteSeoName` varchar(255) COLLATE utf8_unicode_ci DEFAULT '',
  `siteSeoTitle` varchar(255) COLLATE utf8_unicode_ci DEFAULT '',
  `siteSeoTitleSeparator` varchar(10) COLLATE utf8_unicode_ci DEFAULT NULL,
  `siteSeoTitlePlacement` enum('before','after','none') COLLATE utf8_unicode_ci DEFAULT 'after',
  `siteSeoDescription` varchar(255) COLLATE utf8_unicode_ci DEFAULT '',
  `siteSeoKeywords` varchar(255) COLLATE utf8_unicode_ci DEFAULT '',
  `siteSeoTwitterImageTransform` varchar(255) COLLATE utf8_unicode_ci NOT NULL,
  `siteSeoFacebookImageTransform` varchar(255) COLLATE utf8_unicode_ci NOT NULL,
  `siteSeoImageTransform` varchar(255) COLLATE utf8_unicode_ci NOT NULL,
  `siteTwitterCardType` varchar(50) COLLATE utf8_unicode_ci DEFAULT NULL,
  `siteOpenGraphType` varchar(50) COLLATE utf8_unicode_ci DEFAULT NULL,
  `siteRobots` varchar(50) COLLATE utf8_unicode_ci DEFAULT NULL,
  `siteRobotsTxt` text COLLATE utf8_unicode_ci NOT NULL,
  `siteLinksQueryInput` varchar(50) COLLATE utf8_unicode_ci DEFAULT NULL,
  `siteLinksSearchTargets` text COLLATE utf8_unicode_ci NOT NULL,
  `googleSiteVerification` varchar(100) COLLATE utf8_unicode_ci DEFAULT NULL,
  `bingSiteVerification` varchar(100) COLLATE utf8_unicode_ci DEFAULT NULL,
  `googleAnalyticsAdvertising` tinyint(1) NOT NULL,
  `googleAnalyticsLinker` tinyint(1) NOT NULL,
  `googleAnalyticsLinkAttribution` tinyint(1) NOT NULL,
  `googleAnalyticsEEcommerce` tinyint(1) NOT NULL,
  `googleAnalyticsEcommerce` tinyint(1) NOT NULL,
  `googleAnalyticsUID` varchar(50) COLLATE utf8_unicode_ci DEFAULT NULL,
  `googleTagManagerID` varchar(50) COLLATE utf8_unicode_ci DEFAULT NULL,
  `googleAnalyticsSendPageview` tinyint(1) NOT NULL,
  `siteOwnerType` varchar(50) COLLATE utf8_unicode_ci DEFAULT NULL,
  `siteOwnerSpecificType` varchar(50) COLLATE utf8_unicode_ci DEFAULT NULL,
  `siteOwnerSubType` varchar(50) COLLATE utf8_unicode_ci DEFAULT NULL,
  `genericOwnerName` varchar(255) COLLATE utf8_unicode_ci DEFAULT '',
  `genericOwnerAlternateName` varchar(255) COLLATE utf8_unicode_ci DEFAULT '',
  `genericOwnerDescription` varchar(1024) COLLATE utf8_unicode_ci DEFAULT NULL,
  `genericOwnerUrl` varchar(255) COLLATE utf8_unicode_ci DEFAULT '',
  `genericOwnerTelephone` varchar(255) COLLATE utf8_unicode_ci DEFAULT '',
  `genericOwnerEmail` varchar(255) COLLATE utf8_unicode_ci DEFAULT '',
  `genericOwnerStreetAddress` varchar(255) COLLATE utf8_unicode_ci DEFAULT '',
  `genericOwnerAddressLocality` varchar(255) COLLATE utf8_unicode_ci DEFAULT '',
  `genericOwnerAddressRegion` varchar(255) COLLATE utf8_unicode_ci DEFAULT '',
  `genericOwnerPostalCode` varchar(255) COLLATE utf8_unicode_ci DEFAULT '',
  `genericOwnerAddressCountry` varchar(255) COLLATE utf8_unicode_ci DEFAULT '',
  `genericOwnerGeoLatitude` varchar(255) COLLATE utf8_unicode_ci DEFAULT '',
  `genericOwnerGeoLongitude` varchar(255) COLLATE utf8_unicode_ci DEFAULT '',
  `organizationOwnerDuns` varchar(255) COLLATE utf8_unicode_ci DEFAULT '',
  `organizationOwnerFounder` varchar(255) COLLATE utf8_unicode_ci DEFAULT '',
  `organizationOwnerFoundingDate` varchar(255) COLLATE utf8_unicode_ci DEFAULT '',
  `organizationOwnerFoundingLocation` varchar(255) COLLATE utf8_unicode_ci DEFAULT '',
  `organizationOwnerContactPoints` text COLLATE utf8_unicode_ci NOT NULL,
  `localBusinessPriceRange` varchar(10) COLLATE utf8_unicode_ci DEFAULT NULL,
  `localBusinessOwnerOpeningHours` text COLLATE utf8_unicode_ci NOT NULL,
  `corporationOwnerTickerSymbol` varchar(255) COLLATE utf8_unicode_ci DEFAULT '',
  `restaurantOwnerServesCuisine` varchar(255) COLLATE utf8_unicode_ci DEFAULT '',
  `restaurantOwnerReservationsUrl` varchar(255) COLLATE utf8_unicode_ci NOT NULL,
  `restaurantOwnerMenuUrl` varchar(255) COLLATE utf8_unicode_ci NOT NULL,
  `personOwnerGender` varchar(255) COLLATE utf8_unicode_ci DEFAULT '',
  `personOwnerBirthPlace` varchar(255) COLLATE utf8_unicode_ci DEFAULT '',
  `twitterHandle` varchar(50) COLLATE utf8_unicode_ci DEFAULT NULL,
  `facebookHandle` varchar(50) COLLATE utf8_unicode_ci DEFAULT NULL,
  `facebookProfileId` varchar(50) COLLATE utf8_unicode_ci DEFAULT NULL,
  `facebookAppId` varchar(50) COLLATE utf8_unicode_ci DEFAULT NULL,
  `linkedInHandle` varchar(50) COLLATE utf8_unicode_ci DEFAULT NULL,
  `googlePlusHandle` varchar(50) COLLATE utf8_unicode_ci DEFAULT NULL,
  `youtubeHandle` varchar(50) COLLATE utf8_unicode_ci DEFAULT NULL,
  `youtubeChannelHandle` varchar(50) COLLATE utf8_unicode_ci DEFAULT NULL,
  `instagramHandle` varchar(50) COLLATE utf8_unicode_ci DEFAULT NULL,
  `pinterestHandle` varchar(50) COLLATE utf8_unicode_ci DEFAULT NULL,
  `githubHandle` varchar(50) COLLATE utf8_unicode_ci DEFAULT NULL,
  `vimeoHandle` varchar(50) COLLATE utf8_unicode_ci DEFAULT NULL,
  `siteCreatorType` varchar(255) COLLATE utf8_unicode_ci DEFAULT '',
  `siteCreatorSpecificType` varchar(255) COLLATE utf8_unicode_ci NOT NULL,
  `siteCreatorSubType` varchar(255) COLLATE utf8_unicode_ci NOT NULL,
  `genericCreatorName` varchar(255) COLLATE utf8_unicode_ci DEFAULT '',
  `genericCreatorAlternateName` varchar(255) COLLATE utf8_unicode_ci DEFAULT '',
  `genericCreatorDescription` varchar(1024) COLLATE utf8_unicode_ci DEFAULT NULL,
  `genericCreatorUrl` varchar(255) COLLATE utf8_unicode_ci DEFAULT '',
  `genericCreatorTelephone` varchar(255) COLLATE utf8_unicode_ci DEFAULT '',
  `genericCreatorEmail` varchar(255) COLLATE utf8_unicode_ci DEFAULT '',
  `genericCreatorStreetAddress` varchar(255) COLLATE utf8_unicode_ci DEFAULT '',
  `genericCreatorAddressLocality` varchar(255) COLLATE utf8_unicode_ci DEFAULT '',
  `genericCreatorAddressRegion` varchar(255) COLLATE utf8_unicode_ci DEFAULT '',
  `genericCreatorPostalCode` varchar(255) COLLATE utf8_unicode_ci DEFAULT '',
  `genericCreatorAddressCountry` varchar(255) COLLATE utf8_unicode_ci DEFAULT '',
  `genericCreatorGeoLatitude` varchar(255) COLLATE utf8_unicode_ci DEFAULT '',
  `genericCreatorGeoLongitude` varchar(255) COLLATE utf8_unicode_ci DEFAULT '',
  `organizationCreatorDuns` varchar(255) COLLATE utf8_unicode_ci DEFAULT '',
  `organizationCreatorFounder` varchar(255) COLLATE utf8_unicode_ci DEFAULT '',
  `organizationCreatorFoundingDate` varchar(255) COLLATE utf8_unicode_ci DEFAULT '',
  `organizationCreatorFoundingLocation` varchar(255) COLLATE utf8_unicode_ci DEFAULT '',
  `organizationCreatorContactPoints` text COLLATE utf8_unicode_ci NOT NULL,
  `localBusinessCreatorOpeningHours` text COLLATE utf8_unicode_ci NOT NULL,
  `corporationCreatorTickerSymbol` varchar(255) COLLATE utf8_unicode_ci DEFAULT '',
  `restaurantCreatorServesCuisine` varchar(255) COLLATE utf8_unicode_ci NOT NULL,
  `restaurantCreatorReservationsUrl` varchar(255) COLLATE utf8_unicode_ci NOT NULL,
  `restaurantCreatorMenuUrl` varchar(255) COLLATE utf8_unicode_ci NOT NULL,
  `personCreatorGender` varchar(255) COLLATE utf8_unicode_ci DEFAULT '',
  `personCreatorBirthPlace` varchar(255) COLLATE utf8_unicode_ci DEFAULT '',
  `genericCreatorHumansTxt` text COLLATE utf8_unicode_ci,
  `dateCreated` datetime NOT NULL,
  `dateUpdated` datetime NOT NULL,
  `uid` char(36) COLLATE utf8_unicode_ci NOT NULL DEFAULT '0',
  PRIMARY KEY (`id`),
  KEY `craft_seomatic_settings_siteSeoImageId_fk` (`siteSeoImageId`),
  KEY `craft_seomatic_settings_genericOwnerImageId_fk` (`genericOwnerImageId`),
  KEY `craft_seomatic_settings_genericCreatorImageId_fk` (`genericCreatorImageId`),
  CONSTRAINT `craft_seomatic_settings_genericCreatorImageId_fk` FOREIGN KEY (`genericCreatorImageId`) REFERENCES `craft_assetfiles` (`id`) ON DELETE SET NULL,
  CONSTRAINT `craft_seomatic_settings_genericOwnerImageId_fk` FOREIGN KEY (`genericOwnerImageId`) REFERENCES `craft_assetfiles` (`id`) ON DELETE SET NULL,
  CONSTRAINT `craft_seomatic_settings_siteSeoImageId_fk` FOREIGN KEY (`siteSeoImageId`) REFERENCES `craft_assetfiles` (`id`) ON DELETE SET NULL
) ENGINE=InnoDB AUTO_INCREMENT=2 DEFAULT CHARSET=utf8 COLLATE=utf8_unicode_ci;
/*!40101 SET character_set_client = @saved_cs_client */;

--
-- Dumping data for table `craft_seomatic_settings`
--

LOCK TABLES `craft_seomatic_settings` WRITE;
/*!40000 ALTER TABLE `craft_seomatic_settings` DISABLE KEYS */;
SET autocommit=0;
INSERT INTO `craft_seomatic_settings` VALUES (1,NULL,NULL,NULL,NULL,NULL,'nb_no','Standardcraft','','|','after','This is the default global natural language description of the content on the site pages.','default,global,comma-separated,keywords','','','','summary','website','','# robots.txt for {{ siteUrl }}\r\n\r\nSitemap: {{ siteUrl }}sitemap.xml\r\n\r\n# Don\'t allow web crawlers to index Craft\r\n\r\nUser-agent: *\r\nDisallow: /craft/\r\n','','[]','','',0,0,0,0,0,'','',0,'Organization','','Corporation','Standardcraft','','','http://craft.dev/','','','','','','','','','','','','','','[]','','[{\"open\":\"\",\"close\":\"\"},{\"open\":\"\",\"close\":\"\"},{\"open\":\"\",\"close\":\"\"},{\"open\":\"\",\"close\":\"\"},{\"open\":\"\",\"close\":\"\"},{\"open\":\"\",\"close\":\"\"},{\"open\":\"\",\"close\":\"\"}]','','','','','Male','','','','','','','','','','','','','','LocalBusiness','','','Mustasj','','','http://mustasj.no','+4748313760','post@mustasj.no','Kjøpmannsgata 7','Trondheim','Sør Trøndelag','7014','Norge','63.42890269999999','10.4011382','','','','','[{\"telephone\":\"+4748313760\",\"contactType\":\"customer support\"}]','','','','','','Male','','/* TEAM */\r\n\r\n{% if seomaticCreator.name is defined and seomaticCreator.name %}\r\nCreator: {{ seomaticCreator.name }}\r\n{% endif %}\r\n{% if seomaticCreator.url is defined and seomaticCreator.url %}\r\nURL: {{ seomaticCreator.url }}\r\n{% endif %}\r\n{% if seomaticCreator.description is defined and seomaticCreator.description %}\r\nDescription: {{ seomaticCreator.description }}\r\n{% endif %}\r\n\r\n/* THANKS */\r\n\r\nPixel & Tonic - https://pixelandtonic.com\r\n\r\n/* SITE */\r\n\r\nStandards: HTML5, CSS3\r\nComponents: Craft CMS, Yii, PHP, Javascript, SEOmatic','2016-01-19 16:04:47','2016-06-08 12:37:30','17e178ee-774b-4217-97d0-4548dd640b67');
/*!40000 ALTER TABLE `craft_seomatic_settings` ENABLE KEYS */;
UNLOCK TABLES;
COMMIT;

--
-- Table structure for table `craft_sessions`
--

/*!40101 SET @saved_cs_client     = @@character_set_client */;
/*!40101 SET character_set_client = utf8 */;
CREATE TABLE `craft_sessions` (
  `id` int(11) NOT NULL AUTO_INCREMENT,
  `userId` int(11) NOT NULL,
  `token` char(100) COLLATE utf8_unicode_ci NOT NULL,
  `dateCreated` datetime NOT NULL,
  `dateUpdated` datetime NOT NULL,
  `uid` char(36) COLLATE utf8_unicode_ci NOT NULL DEFAULT '0',
  PRIMARY KEY (`id`),
  KEY `craft_sessions_uid_idx` (`uid`),
  KEY `craft_sessions_token_idx` (`token`),
  KEY `craft_sessions_dateUpdated_idx` (`dateUpdated`),
  KEY `craft_sessions_userId_fk` (`userId`),
  CONSTRAINT `craft_sessions_userId_fk` FOREIGN KEY (`userId`) REFERENCES `craft_users` (`id`) ON DELETE CASCADE
) ENGINE=InnoDB AUTO_INCREMENT=97 DEFAULT CHARSET=utf8 COLLATE=utf8_unicode_ci;
/*!40101 SET character_set_client = @saved_cs_client */;

--
-- Dumping data for table `craft_sessions`
--

LOCK TABLES `craft_sessions` WRITE;
/*!40000 ALTER TABLE `craft_sessions` DISABLE KEYS */;
SET autocommit=0;
INSERT INTO `craft_sessions` VALUES (53,1,'4893bef3c369df586e564b24061bf61b7cc38aa3czozMjoibldQaHBhdzVGMlFtYzdBWmVwVFRLUHhfaG5ZcmZ+MG4iOw==','2016-03-14 09:36:21','2016-03-14 09:36:21','5969dd47-805e-446c-a8f2-1b9864f85784'),(54,1,'36017137ebdc38be935a53fa9f3ede3bd3134846czozMjoiWkVkZWNGOUl4WXp3dG52RUdTbFNKd19vbk5ZRmZyanIiOw==','2016-03-15 14:27:23','2016-03-15 14:27:23','e975b2e2-d4c0-4248-a5df-440f68a0cde1'),(55,1,'82b5a4d5a78de76d120ef24a0121ade326160d14czozMjoiaWhjM05KZnpIX1B6S2NGSjRRbUtHSmw4aVNLVU1oQXEiOw==','2016-03-18 09:50:35','2016-03-18 09:50:35','56089d91-4731-4e3f-b205-eecacf2f0ba6'),(56,1,'35c2fa56be21797c9fdcf9ad36ab1112a0bfaf3bczozMjoiZUE3eFVGV2lfUmREV2NPdlFmUW1UYmNoSVBHemRUVlciOw==','2016-03-23 14:49:15','2016-03-23 14:49:15','d9125f70-1082-472e-98fd-e4be3c4b2be3'),(57,1,'4af3f2d2885e60b54cdcf06f2260fe9b9ed842f5czozMjoifmg1OWE0bjZvdDhoalJxNllWMjloUWdLTHNrcHZQV2wiOw==','2016-04-11 13:26:42','2016-04-11 13:26:42','bad8b6cb-52cb-4468-9980-a412255bd198'),(58,1,'2bebeae4bc62cc32e9438359bba2721227c42fcbczozMjoibmNWQjh1bkhVdUF6d3o3d185MkppNzJsbHBmbHVma1AiOw==','2016-04-12 14:45:38','2016-04-12 14:45:38','0028cafe-b363-4302-803b-96a1217579c2'),(59,1,'93982bf48378d278e89c5181578c1ef1b291b199czozMjoiOGVTRVBwSnJGTTRBWnZmdXpfSlRqRnFpOTJDYU5qUVUiOw==','2016-04-20 17:24:44','2016-04-20 17:24:44','cf15adf5-a2c8-4ed0-bda3-467ab4679182'),(60,1,'08e530b0f90255576b2cfa6dab822e7eeb722b18czozMjoiMUlid1NzVHVTdmtfMlA0SExZdklrQ3BHZGVsaHhrUE8iOw==','2016-04-26 11:07:10','2016-04-26 11:07:10','8953fec6-ce13-46ea-b188-29acf0daebb5'),(61,1,'c467fa26071f9348c29cab0fda4fb4d99e84dad3czozMjoiRjgxeE10SmVKc0IwSnoxajNSZHdzdGZ6QUVoMzZDT1oiOw==','2016-04-27 16:17:45','2016-04-27 16:17:45','f1aa051d-f85f-497e-9ab5-ad9ae6a1f9d3'),(62,1,'180823852cc582bfc4f803ab3e0cd7d796ba1be6czozMjoidXY4VlpWNDA1cXFIaFV3WTBFZmdDZn55VHVqbVJ2dXYiOw==','2016-04-29 15:12:50','2016-04-29 15:12:50','28ec656e-466c-4f19-b0e0-4af8493a2719'),(63,1,'475d52a0118759839fb87e90bbde9e8db443bdb0czozMjoiWkx3ZUo2TkJwTXVrck9hWU5iaXRiZVBRa2lIQ3gxcXkiOw==','2016-05-03 09:06:40','2016-05-03 09:06:40','80db662e-d0a0-41d3-80b4-3be2e629d90e'),(64,1,'02dd0c6652e90e0ea0b75778c3c28df0acd68c1cczozMjoiVFY3a09DXzNzMFFJUnFwRkRDbnEwa1lJckhDTFdnSngiOw==','2016-05-06 13:23:12','2016-05-06 13:23:12','fc38a153-0e41-476a-aa77-70f9c6855c7e'),(65,1,'6175a888ee253077c2d3e32afb232125088fe36dczozMjoiR0pkOEpsWkFNMXU2dlRqZVRUWGtCYWV0VDFzYjBnUzQiOw==','2016-05-09 10:56:50','2016-05-09 10:56:50','09a2e14d-6bd7-4c46-b45d-c52a9d6870d9'),(66,1,'81efffa26cf4259896a52d69b508bdee1d185042czozMjoiaVc0aXViM0NWWmtBN1pGdG5MbmRvVX5LbmlVTFNJUm8iOw==','2016-05-12 07:37:44','2016-05-12 07:37:44','f0471e5f-1389-4955-9056-ecb67a7d0de6'),(67,1,'495b9d0d119e5c1f8a4bb0f4e369cfd02b737939czozMjoiaXo0amZQR2VYQ34wUlFCfk12bTZYY3ltN1llekZrSDIiOw==','2016-05-13 14:52:00','2016-05-13 14:52:00','7a3b86d8-289a-4898-a33d-a066761ebc23'),(68,1,'ad8bbcc960a2a15e3f25b4adc85eb3fce43f0828czozMjoiZTdSeGdMWmdYVUhrVGFBWmo2aGVEU0ZWdGhBa2FnUGIiOw==','2016-05-20 08:58:11','2016-05-20 08:58:11','2cf41f3c-82d3-448c-889e-c5a40ee09f93'),(71,1,'d5a55979383a4f50847655aae1aa4e90e7a05213czozMjoia1NQfjFQT25qUzM2TzJrOTVNZW9Wa1dENU9GYXNmSHkiOw==','2016-05-25 09:56:09','2016-05-25 09:56:09','17a43c6b-fc7f-4e65-9cfd-1aa5d0823b63'),(72,1,'a29e5c409c332e141eaf74bf3dffcccf72b06764czozMjoiaTlkZGhhc3dEQU9rOHZPcGJzSTkwM0dMenFiX2ZVUlUiOw==','2016-06-03 08:20:18','2016-06-03 08:20:18','0345ad3b-b82f-4546-b01a-9df6621e0a3d'),(73,1,'44388df253fdec281d239483bd584da847fd6d5fczozMjoiRl92M1BmSUh4WWNHbHZLM0t+RUhhM3lySFJ5M1FkOEciOw==','2016-06-08 07:59:47','2016-06-08 12:34:48','75a63239-7e89-4af4-9205-3272e11b2499'),(74,1,'e09831dc4e4ac2c7ef0028b5c7c9d7234b0d9af6czozMjoiUHBHUHdZQnpoVGMwT0pMMGo0a1I4STdYeUR4RF83UF8iOw==','2016-06-10 07:36:42','2016-06-10 07:36:42','d0e01652-f6cd-4f1b-b441-cbaf73e8192d'),(75,1,'fa6c243428f428172a04a38fdaca340a188a29eeczozMjoib05wWUxKfmdaelFrT35uWXdzcEZiaTl6QjJuSkVod18iOw==','2016-06-14 07:14:28','2016-06-14 07:14:28','21259194-1de9-43c3-b722-52ef29a58fa3'),(76,1,'be201ca9d7234b1aac7d91ca449418b0b3899692czozMjoiaG42NVN+NUhFT1BjeWFXM2REUkZjUGdkQlRTVTZyZ3oiOw==','2016-08-01 10:07:11','2016-08-01 10:07:11','22bb5781-502a-4c7c-befc-685b653b5ddf'),(77,1,'cf642d761c968d67f6b3e37a695691796d321aa0czozMjoiVHpDQ3BEUk9ldjVqNExNaH50fmVxWVVYY3FYQkJuUm8iOw==','2016-08-01 10:41:26','2016-08-01 10:41:26','260f8739-4f1a-4f82-8fd1-9bb783074a98'),(78,1,'da8391b9922675b8a056bb11d464dc83ab7ae16cczozMjoiYTBNa0VLMk5OV0lzYUtiaFZNT25mRFZ2bkdFR0ExSFciOw==','2016-08-17 11:54:42','2016-08-17 11:54:42','467f3d6e-bc2e-439e-96f4-431f77b6bdca'),(79,1,'69812d4362ba7edb222763dcea11dad4bfe150bfczozMjoiYjh2S2ZqQkdKb3p1RjRFSmRZeFdzQWtIVlJWYjRkR34iOw==','2016-08-23 15:03:32','2016-08-23 15:03:32','03e0cad1-4ad9-478d-b1c5-bf294ec097ad'),(80,1,'c578675eaabe059ae56f4560caa1e1c49a719e62czozMjoiVTZtOHl4MU44cG1BUFlMaXF3dzkwWnd3TGNoVWNNQmMiOw==','2016-09-14 08:33:28','2016-09-14 08:33:28','3c99c03a-c802-41d1-9458-a7f3c07de6aa'),(81,1,'29058073eddc6773a511628f5a45289cd334d36bczozMjoiNnBlVEVMMTE5Z3VUTHNnR1FDalowVm5LTElsM1BDaWciOw==','2016-09-14 13:26:15','2016-09-14 13:26:15','ec72a6f0-e996-4fea-890e-960ee8f60601'),(82,1,'4bb2bbdc8992f03a9982d0b2a5f73bd402baee9dczozMjoiZG5JWmMwNjVffkFZblBqaGU1ZXZST21xUGNRcjdIV3AiOw==','2016-09-30 07:40:08','2016-09-30 07:40:08','77def9cd-6203-433c-aed4-ebcc15125c61'),(83,1,'e25cfc8a3dffc4303e8cc6b14754b9897116bc6aczozMjoiQjR3ZTN+SUxfZUt0czQ0ZjY2VlY0d35fNEpkYTVlODMiOw==','2016-10-13 07:58:15','2016-10-13 07:58:15','422953fa-3878-4d8f-a191-34024da92399'),(84,1,'3cb48e906f4fbfb4323a5d13b1c6b9a93fa36ad0czozMjoiNXExQV9BNGpjWTQxdnRWTFpoUzNIbVhBck5YZnBDRmoiOw==','2016-11-07 18:24:53','2016-11-07 18:24:53','c6cf1893-ad92-458d-8046-2fb33dcc176c'),(85,1,'90c1ca98d4224e3867335eadbbd0ecd978ab7ba1czozMjoieDhOcjZCamdaYkhWV3ZQbVJrN0toNXFfWDU2WmVkS1giOw==','2016-11-14 09:36:36','2016-11-14 09:36:36','cdde5745-f601-4d80-b84c-f2f3fd33f704'),(86,1,'4b1f749761ec6831b461da8955a2a1364f0b4aceczozMjoiaV9YRzhXbzBpamFpR1ZhZTFEVGptaHdsaFlDalYxOWMiOw==','2016-12-01 09:06:33','2016-12-01 09:06:33','5d58b5b8-3bbc-498a-ab29-b1ead1893ef1'),(87,1,'56d7eafd5420368bc2b7b04641f93e006e80b0ffczozMjoiYXpWNWhlTFlQckZnR1Z4bnZ2a1dUNG90NzI2TEw3RGsiOw==','2016-12-07 10:02:42','2016-12-07 10:02:42','e48a1463-4638-4f05-80ff-2c9ae02424f2'),(88,1,'342ef6751dcbebed174bd77219021326cf1f079aczozMjoiTXVRa0VNY2hhTlpnbTBTMTl3MExPM1lwQ3FDcjFISUEiOw==','2016-12-13 09:53:02','2016-12-13 09:53:02','8d800933-9ce7-4723-b6ee-4094a95d721b'),(89,1,'594abb7c2f95bb1f98d13980b38831cf242767b0czozMjoiOWlpcEZXblZmZmZ1OFpBelB2VnBHUzdxRF9neWwzR1QiOw==','2017-01-12 08:44:22','2017-01-12 08:44:22','75e95fc2-7f86-4e88-a8d1-cb8f7ddd02b7'),(90,1,'c1b9b62df6aa0c9b510459583a70c8af49c46108czozMjoieE1KeVJEaE9DOGU5Qk9pYjBLbFpKc21kTVV4MDZfRkIiOw==','2017-01-31 13:52:34','2017-01-31 13:52:34','db24202f-2405-4575-89aa-a0dd77b94599'),(91,1,'4c159c4cbf5bafa462e0eeca2304a6498f3cc8ebczozMjoiR2puZG5pQWhDQzRpU0pIMVNIdGxITTJVbGN5QVlNc1IiOw==','2017-02-08 16:23:07','2017-02-08 16:23:07','dc659a91-665b-419e-a07c-57a550b251b0'),(92,1,'56ca36cb1a5d16b6b20bbb64fd5355a6b322c6a8czozMjoia3EwRFVuZElGZHJKOUxHTm1QdWtNZnpWaVM4S3pLcE8iOw==','2017-02-09 14:20:47','2017-02-09 14:20:47','0c4a2483-ee00-4dda-a905-1604902960e1'),(93,1,'c32d780ed40bef942cdc07fd46c51e30a9ce7fd1czozMjoiRDFiM2tNTTMyckRzdE5wNGFVWERVQkRLWWxIUnFJZXQiOw==','2017-02-10 15:29:15','2017-02-10 15:29:15','567a7ecf-728f-4b99-820e-181190c407cb'),(94,1,'478f7190165a67eb384e1d104a0fba191b3a3b40czozMjoibkhLUEJjak1tX2NlY1E3ZGlWMn5XY29fTnhoTUJ3Z2MiOw==','2017-02-14 00:07:03','2017-02-14 00:07:03','a7234cc3-00a6-4a58-aee6-531e70df7170'),(95,1,'2dfde684c6cd741e871c6ff8ad90221ffaab3bb1czozMjoiXzFFR0VGdXZRUjUwTHQ1WDV3OU1NX2xDY2tWR21TZHgiOw==','2017-02-19 23:06:28','2017-02-19 23:06:28','51b9ad7a-b7cb-4e3b-bfd8-b8924108a7c8'),(96,1,'f1425e40ab8c5838b250293495b667344bbbe7eaczozMjoiYWtaQ2Q2dzRzVFpYWkdDZ0lDa0h5ZVBXMm9XX2tiZWIiOw==','2017-02-21 11:56:28','2017-02-21 11:56:28','6d76503d-049c-4d72-b043-d6945c9a8108');
/*!40000 ALTER TABLE `craft_sessions` ENABLE KEYS */;
UNLOCK TABLES;
COMMIT;

--
-- Table structure for table `craft_shunnedmessages`
--

/*!40101 SET @saved_cs_client     = @@character_set_client */;
/*!40101 SET character_set_client = utf8 */;
CREATE TABLE `craft_shunnedmessages` (
  `id` int(11) NOT NULL AUTO_INCREMENT,
  `userId` int(11) NOT NULL,
  `message` varchar(255) COLLATE utf8_unicode_ci NOT NULL,
  `expiryDate` datetime DEFAULT NULL,
  `dateCreated` datetime NOT NULL,
  `dateUpdated` datetime NOT NULL,
  `uid` char(36) COLLATE utf8_unicode_ci NOT NULL DEFAULT '0',
  PRIMARY KEY (`id`),
  UNIQUE KEY `craft_shunnedmessages_userId_message_unq_idx` (`userId`,`message`),
  CONSTRAINT `craft_shunnedmessages_userId_fk` FOREIGN KEY (`userId`) REFERENCES `craft_users` (`id`) ON DELETE CASCADE
) ENGINE=InnoDB DEFAULT CHARSET=utf8 COLLATE=utf8_unicode_ci;
/*!40101 SET character_set_client = @saved_cs_client */;

--
-- Dumping data for table `craft_shunnedmessages`
--

LOCK TABLES `craft_shunnedmessages` WRITE;
/*!40000 ALTER TABLE `craft_shunnedmessages` DISABLE KEYS */;
SET autocommit=0;
/*!40000 ALTER TABLE `craft_shunnedmessages` ENABLE KEYS */;
UNLOCK TABLES;
COMMIT;

--
-- Table structure for table `craft_simplemap_maps`
--

/*!40101 SET @saved_cs_client     = @@character_set_client */;
/*!40101 SET character_set_client = utf8 */;
CREATE TABLE `craft_simplemap_maps` (
  `id` int(11) NOT NULL AUTO_INCREMENT,
  `ownerId` int(11) NOT NULL,
  `fieldId` int(11) NOT NULL,
  `ownerLocale` char(12) COLLATE utf8_unicode_ci DEFAULT NULL,
  `lat` decimal(12,8) DEFAULT NULL,
  `lng` decimal(12,8) DEFAULT NULL,
  `zoom` int(11) DEFAULT NULL,
  `address` varchar(255) COLLATE utf8_unicode_ci DEFAULT NULL,
  `parts` text COLLATE utf8_unicode_ci,
  `dateCreated` datetime NOT NULL,
  `dateUpdated` datetime NOT NULL,
  `uid` char(36) COLLATE utf8_unicode_ci NOT NULL DEFAULT '0',
  PRIMARY KEY (`id`),
  KEY `craft_simplemap_maps_ownerId_idx` (`ownerId`),
  KEY `craft_simplemap_maps_fieldId_idx` (`fieldId`),
  KEY `craft_simplemap_maps_ownerLocale_fk` (`ownerLocale`),
  CONSTRAINT `craft_simplemap_maps_fieldId_fk` FOREIGN KEY (`fieldId`) REFERENCES `craft_fields` (`id`) ON DELETE CASCADE,
  CONSTRAINT `craft_simplemap_maps_ownerId_fk` FOREIGN KEY (`ownerId`) REFERENCES `craft_elements` (`id`) ON DELETE CASCADE,
  CONSTRAINT `craft_simplemap_maps_ownerLocale_fk` FOREIGN KEY (`ownerLocale`) REFERENCES `craft_locales` (`locale`) ON DELETE CASCADE ON UPDATE CASCADE
) ENGINE=InnoDB AUTO_INCREMENT=2 DEFAULT CHARSET=utf8 COLLATE=utf8_unicode_ci;
/*!40101 SET character_set_client = @saved_cs_client */;

--
-- Dumping data for table `craft_simplemap_maps`
--

LOCK TABLES `craft_simplemap_maps` WRITE;
/*!40000 ALTER TABLE `craft_simplemap_maps` DISABLE KEYS */;
SET autocommit=0;
INSERT INTO `craft_simplemap_maps` VALUES (1,51,108,'nb_no',63.42689290,10.41063890,15,'Kristiansten Festning, 7015 Trondheim, Norge','{\"establishment\":\"Kristiansten Festning\",\"establishment_short\":\"Kristiansten Festning\",\"locality\":\"Trondheim\",\"locality_short\":\"Trondheim\",\"postal_town\":\"Trondheim\",\"postal_town_short\":\"Trondheim\",\"administrative_area_level_2\":\"Trondheim\",\"administrative_area_level_2_short\":\"Trondheim\",\"administrative_area_level_1\":\"S\\u00f8r-Tr\\u00f8ndelag\",\"administrative_area_level_1_short\":\"S\\u00f8r-Tr\\u00f8ndelag\",\"country\":\"Norge\",\"country_short\":\"NO\",\"postal_code\":\"7015\",\"postal_code_short\":\"7015\"}','2017-02-14 18:42:00','2017-02-28 16:32:45','470efb0e-6d83-4103-8f00-32dc08d29215');
/*!40000 ALTER TABLE `craft_simplemap_maps` ENABLE KEYS */;
UNLOCK TABLES;
COMMIT;

--
-- Table structure for table `craft_sproutforms_entries`
--

/*!40101 SET @saved_cs_client     = @@character_set_client */;
/*!40101 SET character_set_client = utf8 */;
CREATE TABLE `craft_sproutforms_entries` (
  `id` int(11) NOT NULL,
  `formId` int(11) NOT NULL,
  `statusId` int(11) DEFAULT NULL,
  `ipAddress` varchar(255) COLLATE utf8_unicode_ci DEFAULT NULL,
  `userAgent` text COLLATE utf8_unicode_ci,
  `dateCreated` datetime NOT NULL,
  `dateUpdated` datetime NOT NULL,
  `uid` char(36) COLLATE utf8_unicode_ci NOT NULL DEFAULT '0',
  PRIMARY KEY (`id`),
  KEY `craft_sproutforms_entries_formId_fk` (`formId`),
  KEY `craft_sproutforms_entries_statusId_fk` (`statusId`),
  CONSTRAINT `craft_sproutforms_entries_formId_fk` FOREIGN KEY (`formId`) REFERENCES `craft_sproutforms_forms` (`id`) ON DELETE CASCADE,
  CONSTRAINT `craft_sproutforms_entries_id_fk` FOREIGN KEY (`id`) REFERENCES `craft_elements` (`id`) ON DELETE CASCADE,
  CONSTRAINT `craft_sproutforms_entries_statusId_fk` FOREIGN KEY (`statusId`) REFERENCES `craft_sproutforms_entrystatuses` (`id`) ON DELETE CASCADE
) ENGINE=InnoDB DEFAULT CHARSET=utf8 COLLATE=utf8_unicode_ci;
/*!40101 SET character_set_client = @saved_cs_client */;

--
-- Dumping data for table `craft_sproutforms_entries`
--

LOCK TABLES `craft_sproutforms_entries` WRITE;
/*!40000 ALTER TABLE `craft_sproutforms_entries` DISABLE KEYS */;
SET autocommit=0;
/*!40000 ALTER TABLE `craft_sproutforms_entries` ENABLE KEYS */;
UNLOCK TABLES;
COMMIT;

--
-- Table structure for table `craft_sproutforms_entrystatuses`
--

/*!40101 SET @saved_cs_client     = @@character_set_client */;
/*!40101 SET character_set_client = utf8 */;
CREATE TABLE `craft_sproutforms_entrystatuses` (
  `id` int(11) NOT NULL AUTO_INCREMENT,
  `name` varchar(255) COLLATE utf8_unicode_ci NOT NULL,
  `handle` varchar(255) COLLATE utf8_unicode_ci NOT NULL,
  `color` enum('green','orange','red','blue','yellow','pink','purple','turquoise','light','grey','black') COLLATE utf8_unicode_ci NOT NULL DEFAULT 'blue',
  `sortOrder` smallint(6) unsigned DEFAULT NULL,
  `isDefault` tinyint(1) unsigned NOT NULL DEFAULT '0',
  `dateCreated` datetime NOT NULL,
  `dateUpdated` datetime NOT NULL,
  `uid` char(36) COLLATE utf8_unicode_ci NOT NULL DEFAULT '0',
  PRIMARY KEY (`id`)
) ENGINE=InnoDB AUTO_INCREMENT=3 DEFAULT CHARSET=utf8 COLLATE=utf8_unicode_ci;
/*!40101 SET character_set_client = @saved_cs_client */;

--
-- Dumping data for table `craft_sproutforms_entrystatuses`
--

LOCK TABLES `craft_sproutforms_entrystatuses` WRITE;
/*!40000 ALTER TABLE `craft_sproutforms_entrystatuses` DISABLE KEYS */;
SET autocommit=0;
INSERT INTO `craft_sproutforms_entrystatuses` VALUES (1,'Unread','unread','blue',1,1,'2017-02-13 13:38:59','2017-02-13 13:38:59','5fa61b76-2762-417b-9c42-f07f2083f04f'),(2,'Read','read','grey',2,0,'2017-02-13 13:38:59','2017-02-13 13:38:59','47a73217-7893-478d-ab85-6338fc7e8a10');
/*!40000 ALTER TABLE `craft_sproutforms_entrystatuses` ENABLE KEYS */;
UNLOCK TABLES;
COMMIT;

--
-- Table structure for table `craft_sproutforms_formgroups`
--

/*!40101 SET @saved_cs_client     = @@character_set_client */;
/*!40101 SET character_set_client = utf8 */;
CREATE TABLE `craft_sproutforms_formgroups` (
  `id` int(11) NOT NULL AUTO_INCREMENT,
  `name` varchar(255) COLLATE utf8_unicode_ci NOT NULL,
  `dateCreated` datetime NOT NULL,
  `dateUpdated` datetime NOT NULL,
  `uid` char(36) COLLATE utf8_unicode_ci NOT NULL DEFAULT '0',
  PRIMARY KEY (`id`),
  UNIQUE KEY `craft_sproutforms_formgroups_name_unq_idx` (`name`)
) ENGINE=InnoDB DEFAULT CHARSET=utf8 COLLATE=utf8_unicode_ci;
/*!40101 SET character_set_client = @saved_cs_client */;

--
-- Dumping data for table `craft_sproutforms_formgroups`
--

LOCK TABLES `craft_sproutforms_formgroups` WRITE;
/*!40000 ALTER TABLE `craft_sproutforms_formgroups` DISABLE KEYS */;
SET autocommit=0;
/*!40000 ALTER TABLE `craft_sproutforms_formgroups` ENABLE KEYS */;
UNLOCK TABLES;
COMMIT;

--
-- Table structure for table `craft_sproutforms_forms`
--

/*!40101 SET @saved_cs_client     = @@character_set_client */;
/*!40101 SET character_set_client = utf8 */;
CREATE TABLE `craft_sproutforms_forms` (
  `id` int(11) NOT NULL,
  `fieldLayoutId` int(11) DEFAULT NULL,
  `groupId` int(11) DEFAULT NULL,
  `name` varchar(255) COLLATE utf8_unicode_ci NOT NULL,
  `handle` varchar(255) COLLATE utf8_unicode_ci NOT NULL,
  `titleFormat` varchar(255) COLLATE utf8_unicode_ci NOT NULL,
  `displaySectionTitles` tinyint(1) unsigned NOT NULL DEFAULT '0',
  `redirectUri` varchar(255) COLLATE utf8_unicode_ci DEFAULT NULL,
  `submitAction` varchar(255) COLLATE utf8_unicode_ci DEFAULT NULL,
  `submitButtonText` varchar(255) COLLATE utf8_unicode_ci DEFAULT NULL,
  `savePayload` tinyint(1) unsigned NOT NULL DEFAULT '0',
  `notificationEnabled` tinyint(1) unsigned NOT NULL DEFAULT '0',
  `notificationRecipients` varchar(255) COLLATE utf8_unicode_ci DEFAULT NULL,
  `notificationSubject` varchar(255) COLLATE utf8_unicode_ci DEFAULT NULL,
  `notificationSenderName` varchar(255) COLLATE utf8_unicode_ci DEFAULT NULL,
  `notificationSenderEmail` varchar(255) COLLATE utf8_unicode_ci DEFAULT NULL,
  `notificationReplyToEmail` varchar(255) COLLATE utf8_unicode_ci DEFAULT NULL,
  `enableTemplateOverrides` tinyint(1) unsigned NOT NULL DEFAULT '0',
  `templateOverridesFolder` varchar(255) COLLATE utf8_unicode_ci DEFAULT NULL,
  `enableFileAttachments` tinyint(1) unsigned NOT NULL DEFAULT '0',
  `dateCreated` datetime NOT NULL,
  `dateUpdated` datetime NOT NULL,
  `uid` char(36) COLLATE utf8_unicode_ci NOT NULL DEFAULT '0',
  PRIMARY KEY (`id`),
  KEY `craft_sproutforms_forms_fieldLayoutId_fk` (`fieldLayoutId`),
  CONSTRAINT `craft_sproutforms_forms_fieldLayoutId_fk` FOREIGN KEY (`fieldLayoutId`) REFERENCES `craft_fieldlayouts` (`id`) ON DELETE SET NULL,
  CONSTRAINT `craft_sproutforms_forms_id_fk` FOREIGN KEY (`id`) REFERENCES `craft_elements` (`id`) ON DELETE CASCADE
) ENGINE=InnoDB DEFAULT CHARSET=utf8 COLLATE=utf8_unicode_ci;
/*!40101 SET character_set_client = @saved_cs_client */;

--
-- Dumping data for table `craft_sproutforms_forms`
--

LOCK TABLES `craft_sproutforms_forms` WRITE;
/*!40000 ALTER TABLE `craft_sproutforms_forms` DISABLE KEYS */;
SET autocommit=0;
INSERT INTO `craft_sproutforms_forms` VALUES (20,258,NULL,'Contact Form','contact','{dateCreated|date(\'Y-m-d\')} – {fullName} – {message|slice(0,22)}...',0,'sproutforms/examples/contact-form?message=thank-you',NULL,'',0,0,'','','','','',0,NULL,0,'2017-02-13 00:00:00','2017-02-13 00:00:00','0'),(21,102,NULL,'Basic Fields Form','basic','{plainText} – {dropdown}{% if object.textarea %} – {{ object.textarea|slice(0,15) }}{% endif %}',1,'sproutforms/examples/basic-fields?message=thank-you',NULL,NULL,0,0,NULL,NULL,NULL,NULL,NULL,0,NULL,0,'2017-02-13 00:00:00','2017-02-13 00:00:00','0');
/*!40000 ALTER TABLE `craft_sproutforms_forms` ENABLE KEYS */;
UNLOCK TABLES;
COMMIT;

--
-- Table structure for table `craft_sproutformscontent_basic`
--

/*!40101 SET @saved_cs_client     = @@character_set_client */;
/*!40101 SET character_set_client = utf8 */;
CREATE TABLE `craft_sproutformscontent_basic` (
  `id` int(11) NOT NULL AUTO_INCREMENT,
  `elementId` int(11) NOT NULL,
  `locale` char(12) COLLATE utf8_unicode_ci NOT NULL,
  `title` varchar(255) COLLATE utf8_unicode_ci DEFAULT NULL,
  `field_plainText` text COLLATE utf8_unicode_ci,
  `field_dropdown` varchar(255) COLLATE utf8_unicode_ci DEFAULT NULL,
  `field_number` int(10) unsigned DEFAULT '0',
  `field_radioButtons` varchar(255) COLLATE utf8_unicode_ci DEFAULT NULL,
  `field_checkboxes` varchar(255) COLLATE utf8_unicode_ci DEFAULT NULL,
  `field_multiSelect` varchar(255) COLLATE utf8_unicode_ci DEFAULT NULL,
  `field_textarea` text COLLATE utf8_unicode_ci,
  `dateCreated` datetime NOT NULL,
  `dateUpdated` datetime NOT NULL,
  `uid` char(36) COLLATE utf8_unicode_ci NOT NULL DEFAULT '0',
  PRIMARY KEY (`id`),
  UNIQUE KEY `craft_sproutformscontent_basic_elementId_locale_unq_idx` (`elementId`,`locale`),
  KEY `craft_sproutformscontent_basic_locale_fk` (`locale`),
  CONSTRAINT `craft_sproutformscontent_basic_elementId_fk` FOREIGN KEY (`elementId`) REFERENCES `craft_elements` (`id`) ON DELETE CASCADE,
  CONSTRAINT `craft_sproutformscontent_basic_locale_fk` FOREIGN KEY (`locale`) REFERENCES `craft_locales` (`locale`) ON DELETE CASCADE ON UPDATE CASCADE
) ENGINE=InnoDB DEFAULT CHARSET=utf8 COLLATE=utf8_unicode_ci;
/*!40101 SET character_set_client = @saved_cs_client */;

--
-- Dumping data for table `craft_sproutformscontent_basic`
--

LOCK TABLES `craft_sproutformscontent_basic` WRITE;
/*!40000 ALTER TABLE `craft_sproutformscontent_basic` DISABLE KEYS */;
SET autocommit=0;
/*!40000 ALTER TABLE `craft_sproutformscontent_basic` ENABLE KEYS */;
UNLOCK TABLES;
COMMIT;

--
-- Table structure for table `craft_sproutformscontent_contact`
--

/*!40101 SET @saved_cs_client     = @@character_set_client */;
/*!40101 SET character_set_client = utf8 */;
CREATE TABLE `craft_sproutformscontent_contact` (
  `id` int(11) NOT NULL AUTO_INCREMENT,
  `elementId` int(11) NOT NULL,
  `locale` char(12) COLLATE utf8_unicode_ci NOT NULL,
  `title` varchar(255) COLLATE utf8_unicode_ci DEFAULT NULL,
  `field_navn` text COLLATE utf8_unicode_ci,
  `field_epost` text COLLATE utf8_unicode_ci,
  `field_melding` text COLLATE utf8_unicode_ci,
  `field_typeReservasjon` varchar(255) COLLATE utf8_unicode_ci DEFAULT NULL,
  `dateCreated` datetime NOT NULL,
  `dateUpdated` datetime NOT NULL,
  `uid` char(36) COLLATE utf8_unicode_ci NOT NULL DEFAULT '0',
  PRIMARY KEY (`id`),
  UNIQUE KEY `craft_sproutformscontent_contact_elementId_locale_unq_idx` (`elementId`,`locale`),
  KEY `craft_sproutformscontent_contact_locale_fk` (`locale`),
  CONSTRAINT `craft_sproutformscontent_contact_elementId_fk` FOREIGN KEY (`elementId`) REFERENCES `craft_elements` (`id`) ON DELETE CASCADE,
  CONSTRAINT `craft_sproutformscontent_contact_locale_fk` FOREIGN KEY (`locale`) REFERENCES `craft_locales` (`locale`) ON DELETE CASCADE ON UPDATE CASCADE
) ENGINE=InnoDB DEFAULT CHARSET=utf8 COLLATE=utf8_unicode_ci;
/*!40101 SET character_set_client = @saved_cs_client */;

--
-- Dumping data for table `craft_sproutformscontent_contact`
--

LOCK TABLES `craft_sproutformscontent_contact` WRITE;
/*!40000 ALTER TABLE `craft_sproutformscontent_contact` DISABLE KEYS */;
SET autocommit=0;
/*!40000 ALTER TABLE `craft_sproutformscontent_contact` ENABLE KEYS */;
UNLOCK TABLES;
COMMIT;

--
-- Table structure for table `craft_structureelements`
--

/*!40101 SET @saved_cs_client     = @@character_set_client */;
/*!40101 SET character_set_client = utf8 */;
CREATE TABLE `craft_structureelements` (
  `id` int(11) NOT NULL AUTO_INCREMENT,
  `structureId` int(11) NOT NULL,
  `elementId` int(11) DEFAULT NULL,
  `root` int(11) unsigned DEFAULT NULL,
  `lft` int(11) unsigned NOT NULL,
  `rgt` int(11) unsigned NOT NULL,
  `level` smallint(6) unsigned NOT NULL,
  `dateCreated` datetime NOT NULL,
  `dateUpdated` datetime NOT NULL,
  `uid` char(36) COLLATE utf8_unicode_ci NOT NULL DEFAULT '0',
  PRIMARY KEY (`id`),
  UNIQUE KEY `craft_structureelements_structureId_elementId_unq_idx` (`structureId`,`elementId`),
  KEY `craft_structureelements_root_idx` (`root`),
  KEY `craft_structureelements_lft_idx` (`lft`),
  KEY `craft_structureelements_rgt_idx` (`rgt`),
  KEY `craft_structureelements_level_idx` (`level`),
  KEY `craft_structureelements_elementId_fk` (`elementId`),
  CONSTRAINT `craft_structureelements_elementId_fk` FOREIGN KEY (`elementId`) REFERENCES `craft_elements` (`id`) ON DELETE CASCADE,
  CONSTRAINT `craft_structureelements_structureId_fk` FOREIGN KEY (`structureId`) REFERENCES `craft_structures` (`id`) ON DELETE CASCADE
) ENGINE=InnoDB AUTO_INCREMENT=460 DEFAULT CHARSET=utf8 COLLATE=utf8_unicode_ci;
/*!40101 SET character_set_client = @saved_cs_client */;

--
-- Dumping data for table `craft_structureelements`
--

LOCK TABLES `craft_structureelements` WRITE;
/*!40000 ALTER TABLE `craft_structureelements` DISABLE KEYS */;
SET autocommit=0;
INSERT INTO `craft_structureelements` VALUES (7,4,NULL,7,1,2,0,'2017-02-13 15:27:22','2017-02-13 15:27:22','587650db-0022-4fac-a289-bf4d7d8614fb'),(201,40,NULL,201,1,58,0,'2017-02-20 12:12:49','2017-02-20 12:12:49','97aed522-4a83-4aaa-844d-218cbac58008'),(202,40,98,201,13,14,2,'2017-02-20 12:12:49','2017-02-20 12:12:49','1a029124-2e72-4eac-b0eb-054d97cad21d'),(203,40,99,201,3,4,2,'2017-02-20 12:13:23','2017-02-20 12:13:23','5988bf7b-204c-4321-bfe9-6cf067144386'),(204,40,100,201,5,6,2,'2017-02-20 12:13:56','2017-02-20 12:13:56','74007901-11ac-4de7-a9b9-289364a2c78c'),(205,40,101,201,7,8,2,'2017-02-20 12:14:13','2017-02-20 12:14:13','ec97b7e2-e4e1-4f50-9d2f-517d55b9e6e1'),(206,40,102,201,9,10,2,'2017-02-20 12:14:33','2017-02-20 12:14:33','5847b16f-cbfa-4739-8d77-ddd85cfde4b2'),(207,40,103,201,11,12,2,'2017-02-20 12:14:57','2017-02-20 12:14:57','9baf9909-283b-44fa-99a0-c8c041a5e284'),(208,40,104,201,16,17,1,'2017-02-20 12:15:19','2017-02-20 12:15:19','99ab1341-02ae-4130-b26e-ed94b31e1882'),(209,40,105,201,18,19,1,'2017-02-20 12:15:33','2017-02-20 12:15:33','290cf6b5-9400-4e17-8926-db025b46f213'),(210,40,106,201,20,21,1,'2017-02-20 12:16:01','2017-02-20 12:16:01','560e0162-7b6d-4527-ba7e-97ef7c0be527'),(211,40,107,201,22,23,1,'2017-02-20 12:16:27','2017-02-20 12:16:27','cddf9b7d-29c9-4305-8063-9718cd18f970'),(212,40,108,201,24,25,1,'2017-02-20 12:16:56','2017-02-20 12:16:56','3ff667d7-3de9-421f-ae1d-73627d0a7254'),(213,40,109,201,26,27,1,'2017-02-20 12:17:19','2017-02-20 12:17:19','b297845c-e1e0-4a49-bfe0-1a2a94020c27'),(214,40,110,201,29,30,2,'2017-02-20 12:17:34','2017-02-20 12:17:34','be644a28-51e8-42f0-a89a-dd7ade24372a'),(215,40,111,201,39,40,2,'2017-02-20 12:17:57','2017-02-20 12:17:57','66b75f30-ed04-4799-b82c-c6f5ecd1e1f3'),(216,40,112,201,35,36,2,'2017-02-20 12:18:13','2017-02-20 12:18:13','8497cbaf-b3b5-4aa9-8f6a-bd687418e9bd'),(217,40,113,201,31,32,2,'2017-02-20 12:18:28','2017-02-20 12:18:28','cb64d7d9-da9c-495a-8ce1-e45f9fd3579d'),(218,40,114,201,33,34,2,'2017-02-20 12:18:45','2017-02-20 12:18:45','7226ee6c-75ee-42be-86a5-397b037a84de'),(219,40,115,201,37,38,2,'2017-02-20 12:18:59','2017-02-20 12:18:59','403ac274-2ecf-4681-be4c-90095870b6fc'),(220,40,116,201,41,42,2,'2017-02-20 12:19:16','2017-02-20 12:19:16','4c140776-e07c-4d6f-a26b-adbfedc33175'),(221,40,117,201,28,45,1,'2017-02-20 12:19:52','2017-02-20 12:19:52','fffb6493-df8b-4306-be4c-5e3caf929369'),(222,40,118,201,43,44,2,'2017-02-20 12:19:58','2017-02-20 12:19:58','f4fa500e-946b-4f1e-b10a-179ba5d8fed4'),(223,40,119,201,2,15,1,'2017-02-20 12:23:37','2017-02-20 12:23:37','6e3bccd7-6aae-47ac-9aa2-33825a7b0fc9'),(224,40,122,201,46,47,1,'2017-02-20 12:30:05','2017-02-20 12:30:05','94403c9f-bd31-4a0d-9a2a-92c93580d304'),(225,40,124,201,48,49,1,'2017-02-20 12:33:06','2017-02-20 12:33:06','fa9a2dcf-7240-4e7c-917a-55018ee876dd'),(226,40,126,201,50,51,1,'2017-02-20 12:38:04','2017-02-20 12:38:04','a5c3a2ba-4d38-43fd-96c0-5d9536043edb'),(227,40,128,201,52,53,1,'2017-02-20 12:39:49','2017-02-20 12:39:49','11caf765-4700-4391-a1ca-231629248ad1'),(228,40,130,201,54,55,1,'2017-02-20 12:41:54','2017-02-20 12:41:54','1ebb7949-ad70-4d07-954a-154900388579'),(229,40,132,201,56,57,1,'2017-02-20 12:43:36','2017-02-20 12:43:36','89a8c224-184c-49b8-a7bf-80027ecc1d26'),(449,83,NULL,449,1,12,0,'2017-02-28 16:32:45','2017-02-28 16:32:45','989cccce-718c-4011-a08b-ee786c2d77c1'),(450,83,37,449,2,3,1,'2017-02-28 16:32:45','2017-02-28 16:32:45','046ab3c5-b297-4ecd-8c83-3b69cab3888d'),(451,83,169,449,4,5,1,'2017-02-28 16:32:45','2017-02-28 16:32:45','fabb2502-4cad-4baf-9fce-cc3b1e1d9669'),(452,83,38,449,6,7,1,'2017-02-28 16:32:45','2017-02-28 16:32:45','7f616867-6125-44e7-b17c-d9ea9a3ad92b'),(453,83,45,449,8,9,1,'2017-02-28 16:32:45','2017-02-28 16:32:45','f8215f12-edbe-43ea-b7ea-e9cfcf8f0b66'),(454,83,46,449,10,11,1,'2017-02-28 16:32:45','2017-02-28 16:32:45','3f5f6bba-b37d-4a00-b076-5ebe2fb0d8ae'),(455,84,NULL,455,1,10,0,'2017-02-28 16:34:05','2017-02-28 16:34:05','1e62c766-8b3e-44de-b875-94249590dfe5'),(456,84,168,455,2,3,1,'2017-02-28 16:34:05','2017-02-28 16:34:05','3e50572a-61d6-42e9-b8f0-e024f8d247c6'),(457,84,159,455,4,5,1,'2017-02-28 16:34:05','2017-02-28 16:34:05','ed2662b2-5606-4964-ad13-a4e5ae2332f5'),(458,84,160,455,6,7,1,'2017-02-28 16:34:05','2017-02-28 16:34:05','7bad9d4c-e374-4099-b6a9-a79de46d5f48'),(459,84,161,455,8,9,1,'2017-02-28 16:34:05','2017-02-28 16:34:05','3d20b78f-e356-4dd4-aef6-8aaaa1d3751d');
/*!40000 ALTER TABLE `craft_structureelements` ENABLE KEYS */;
UNLOCK TABLES;
COMMIT;

--
-- Table structure for table `craft_structures`
--

/*!40101 SET @saved_cs_client     = @@character_set_client */;
/*!40101 SET character_set_client = utf8 */;
CREATE TABLE `craft_structures` (
  `id` int(11) NOT NULL AUTO_INCREMENT,
  `maxLevels` smallint(6) unsigned DEFAULT NULL,
  `dateCreated` datetime NOT NULL,
  `dateUpdated` datetime NOT NULL,
  `uid` char(36) COLLATE utf8_unicode_ci NOT NULL DEFAULT '0',
  PRIMARY KEY (`id`)
) ENGINE=InnoDB AUTO_INCREMENT=85 DEFAULT CHARSET=utf8 COLLATE=utf8_unicode_ci;
/*!40101 SET character_set_client = @saved_cs_client */;

--
-- Dumping data for table `craft_structures`
--

LOCK TABLES `craft_structures` WRITE;
/*!40000 ALTER TABLE `craft_structures` DISABLE KEYS */;
SET autocommit=0;
INSERT INTO `craft_structures` VALUES (4,NULL,'2017-02-13 15:27:22','2017-02-13 15:27:22','eb316dcd-8000-478f-a858-62484bf7f31a'),(5,NULL,'2017-02-13 22:57:24','2017-02-13 22:57:24','0bc74931-1186-4c6d-b678-c836a2d96f70'),(40,1,'2017-02-20 12:11:43','2017-02-20 12:53:12','e7e39205-8744-459f-813b-6cc7a9a1907e'),(83,NULL,'2017-02-28 16:32:45','2017-02-28 16:32:45','2d0b186a-cb93-4450-b160-c52e3a0ea9e9'),(84,NULL,'2017-02-28 16:34:05','2017-02-28 16:34:05','3b0549b9-e820-402a-818e-cf6226ea696f');
/*!40000 ALTER TABLE `craft_structures` ENABLE KEYS */;
UNLOCK TABLES;
COMMIT;

--
-- Table structure for table `craft_supertableblocks`
--

/*!40101 SET @saved_cs_client     = @@character_set_client */;
/*!40101 SET character_set_client = utf8 */;
CREATE TABLE `craft_supertableblocks` (
  `id` int(11) NOT NULL,
  `ownerId` int(11) NOT NULL,
  `fieldId` int(11) NOT NULL,
  `typeId` int(11) DEFAULT NULL,
  `sortOrder` tinyint(4) DEFAULT NULL,
  `ownerLocale` char(12) COLLATE utf8_unicode_ci DEFAULT NULL,
  `dateCreated` datetime NOT NULL,
  `dateUpdated` datetime NOT NULL,
  `uid` char(36) COLLATE utf8_unicode_ci NOT NULL DEFAULT '0',
  PRIMARY KEY (`id`),
  KEY `craft_supertableblocks_ownerId_idx` (`ownerId`),
  KEY `craft_supertableblocks_fieldId_idx` (`fieldId`),
  KEY `craft_supertableblocks_typeId_idx` (`typeId`),
  KEY `craft_supertableblocks_sortOrder_idx` (`sortOrder`),
  KEY `craft_supertableblocks_ownerLocale_fk` (`ownerLocale`),
  CONSTRAINT `craft_supertableblocks_fieldId_fk` FOREIGN KEY (`fieldId`) REFERENCES `craft_fields` (`id`) ON DELETE CASCADE,
  CONSTRAINT `craft_supertableblocks_id_fk` FOREIGN KEY (`id`) REFERENCES `craft_elements` (`id`) ON DELETE CASCADE,
  CONSTRAINT `craft_supertableblocks_ownerId_fk` FOREIGN KEY (`ownerId`) REFERENCES `craft_elements` (`id`) ON DELETE CASCADE,
  CONSTRAINT `craft_supertableblocks_ownerLocale_fk` FOREIGN KEY (`ownerLocale`) REFERENCES `craft_locales` (`locale`) ON DELETE CASCADE ON UPDATE CASCADE,
  CONSTRAINT `craft_supertableblocks_typeId_fk` FOREIGN KEY (`typeId`) REFERENCES `craft_supertableblocktypes` (`id`) ON DELETE CASCADE
) ENGINE=InnoDB DEFAULT CHARSET=utf8 COLLATE=utf8_unicode_ci;
/*!40101 SET character_set_client = @saved_cs_client */;

--
-- Dumping data for table `craft_supertableblocks`
--

LOCK TABLES `craft_supertableblocks` WRITE;
/*!40000 ALTER TABLE `craft_supertableblocks` DISABLE KEYS */;
SET autocommit=0;
INSERT INTO `craft_supertableblocks` VALUES (39,2,26,5,1,NULL,'2017-02-14 13:22:52','2017-02-28 16:32:45','3a390b42-1f6a-4a9b-96c5-69ad18eb97d2'),(40,2,26,5,2,NULL,'2017-02-14 13:22:52','2017-02-28 16:32:45','347be87d-28a7-4e93-81e6-52d4925eb72b'),(51,2,104,6,1,NULL,'2017-02-14 17:40:52','2017-02-28 16:32:45','565fe1e6-1cf9-45c7-b547-dea225018988'),(133,88,127,9,1,NULL,'2017-02-20 12:53:49','2017-02-20 14:31:09','6bf78689-4b95-4e5a-8020-7f2c4ff8a28e'),(135,134,127,9,1,NULL,'2017-02-20 12:55:20','2017-02-20 14:31:00','b1a4a1ab-1570-4636-b1b0-397f6ca47d94'),(137,136,127,9,1,NULL,'2017-02-20 12:56:14','2017-02-20 14:30:53','eac241b2-05ba-40d3-bb7d-a7709a5436e1'),(139,138,127,9,1,NULL,'2017-02-20 12:59:47','2017-02-20 14:30:41','117ee751-b593-4b83-a6ab-5b50c1af75ac'),(141,140,127,9,1,NULL,'2017-02-20 13:00:23','2017-02-20 14:30:33','27373580-3a66-4ef6-a62e-7808693e89ff'),(143,142,127,9,1,NULL,'2017-02-20 13:01:03','2017-02-20 14:30:26','fabc0857-0681-40c2-864f-7e0064d536ae'),(145,144,127,9,1,NULL,'2017-02-20 13:03:05','2017-02-20 13:03:05','6270779b-aeba-47f6-84e1-3abd2ef364e1'),(147,146,127,9,1,NULL,'2017-02-20 13:03:42','2017-02-20 14:29:34','47170854-ef87-4df1-8a1c-e74efac1a7af'),(149,148,127,9,1,NULL,'2017-02-20 13:04:06','2017-02-20 13:04:06','bc74fe1a-7dc2-4622-a6cb-c66e1cc4e376'),(151,150,127,9,1,NULL,'2017-02-20 13:04:39','2017-02-20 13:04:39','56023a2b-43e1-45e2-aada-4fdad072e32f'),(153,152,127,9,1,NULL,'2017-02-20 13:05:15','2017-02-20 13:05:15','6fa48e0c-c95f-44e2-90c4-ad2789513123'),(155,154,127,9,1,NULL,'2017-02-20 13:06:03','2017-02-20 13:06:03','6f773c83-e881-4a0e-af40-7c2b7c3c4898'),(170,169,80,2,1,NULL,'2017-02-28 15:55:09','2017-02-28 15:59:23','03333a3a-9f2d-4f6b-8abf-80e1fab126a0'),(171,169,80,2,2,NULL,'2017-02-28 15:58:54','2017-02-28 15:59:23','a0aad200-0611-4564-8d66-a1f67b81ee94');
/*!40000 ALTER TABLE `craft_supertableblocks` ENABLE KEYS */;
UNLOCK TABLES;
COMMIT;

--
-- Table structure for table `craft_supertableblocktypes`
--

/*!40101 SET @saved_cs_client     = @@character_set_client */;
/*!40101 SET character_set_client = utf8 */;
CREATE TABLE `craft_supertableblocktypes` (
  `id` int(11) NOT NULL AUTO_INCREMENT,
  `fieldId` int(11) NOT NULL,
  `fieldLayoutId` int(11) DEFAULT NULL,
  `dateCreated` datetime NOT NULL,
  `dateUpdated` datetime NOT NULL,
  `uid` char(36) COLLATE utf8_unicode_ci NOT NULL DEFAULT '0',
  PRIMARY KEY (`id`),
  KEY `craft_supertableblocktypes_fieldId_fk` (`fieldId`),
  KEY `craft_supertableblocktypes_fieldLayoutId_fk` (`fieldLayoutId`),
  CONSTRAINT `craft_supertableblocktypes_fieldId_fk` FOREIGN KEY (`fieldId`) REFERENCES `craft_fields` (`id`) ON DELETE CASCADE,
  CONSTRAINT `craft_supertableblocktypes_fieldLayoutId_fk` FOREIGN KEY (`fieldLayoutId`) REFERENCES `craft_fieldlayouts` (`id`) ON DELETE SET NULL
) ENGINE=InnoDB AUTO_INCREMENT=10 DEFAULT CHARSET=utf8 COLLATE=utf8_unicode_ci;
/*!40101 SET character_set_client = @saved_cs_client */;

--
-- Dumping data for table `craft_supertableblocktypes`
--

LOCK TABLES `craft_supertableblocktypes` WRITE;
/*!40000 ALTER TABLE `craft_supertableblocktypes` DISABLE KEYS */;
SET autocommit=0;
INSERT INTO `craft_supertableblocktypes` VALUES (1,52,110,'2017-02-13 15:15:41','2017-02-13 15:23:13','5f29118b-4cec-4309-b736-216163ee70be'),(2,80,248,'2017-02-13 23:03:31','2017-02-14 18:45:10','166c953b-6f2e-4d83-907e-8d3b55a701bb'),(3,56,165,'2017-02-14 00:17:19','2017-02-14 00:17:20','cc2a36fe-cfa9-468d-be26-7db450a32337'),(5,26,255,'2017-02-14 13:18:25','2017-02-14 18:55:22','e1290197-ab1e-4b48-a5f1-2f1c3a70e521'),(6,104,247,'2017-02-14 17:40:05','2017-02-14 18:44:24','2dc531ac-3474-46e2-b812-07b596451c74'),(9,127,303,'2017-02-20 12:49:07','2017-02-26 19:34:32','8ec991d2-7e7f-42a6-8f13-6a19a82b750e');
/*!40000 ALTER TABLE `craft_supertableblocktypes` ENABLE KEYS */;
UNLOCK TABLES;
COMMIT;

--
-- Table structure for table `craft_supertablecontent_6_menyer`
--

/*!40101 SET @saved_cs_client     = @@character_set_client */;
/*!40101 SET character_set_client = utf8 */;
CREATE TABLE `craft_supertablecontent_6_menyer` (
  `id` int(11) NOT NULL AUTO_INCREMENT,
  `elementId` int(11) NOT NULL,
  `locale` char(12) COLLATE utf8_unicode_ci NOT NULL,
  `field_tekst` text COLLATE utf8_unicode_ci,
  `dateCreated` datetime NOT NULL,
  `dateUpdated` datetime NOT NULL,
  `uid` char(36) COLLATE utf8_unicode_ci NOT NULL DEFAULT '0',
  PRIMARY KEY (`id`),
  UNIQUE KEY `craft_supertablecontent_6_menyer_elementId_locale_unq_idx` (`elementId`,`locale`),
  KEY `craft_supertablecontent_6_menyer_locale_fk` (`locale`),
  CONSTRAINT `craft_supertablecontent_6_menyer_elementId_fk` FOREIGN KEY (`elementId`) REFERENCES `craft_elements` (`id`) ON DELETE CASCADE,
  CONSTRAINT `craft_supertablecontent_6_menyer_locale_fk` FOREIGN KEY (`locale`) REFERENCES `craft_locales` (`locale`) ON DELETE CASCADE ON UPDATE CASCADE
) ENGINE=InnoDB AUTO_INCREMENT=2 DEFAULT CHARSET=utf8 COLLATE=utf8_unicode_ci;
/*!40101 SET character_set_client = @saved_cs_client */;

--
-- Dumping data for table `craft_supertablecontent_6_menyer`
--

LOCK TABLES `craft_supertablecontent_6_menyer` WRITE;
/*!40000 ALTER TABLE `craft_supertablecontent_6_menyer` DISABLE KEYS */;
SET autocommit=0;
INSERT INTO `craft_supertablecontent_6_menyer` VALUES (1,30,'nb_no','<table><tbody><tr><td>Lunsj</td><td>11:00 - 16:00\r\n</td></tr><tr><td>Klassisk</td><td>16:00 - 23:00\r\n</td></tr><tr><td>Ukens 3-retter</td><td>16:00 - 23:00\r\n</td></tr></tbody></table><p><strong><a href=\"{entry:3:url}\">Les mer</a></strong></p>','2017-02-13 15:18:39','2017-02-13 15:27:22','41590b55-0b0a-4cee-95d7-7d4d98c09c3a');
/*!40000 ALTER TABLE `craft_supertablecontent_6_menyer` ENABLE KEYS */;
UNLOCK TABLES;
COMMIT;

--
-- Table structure for table `craft_supertablecontent_7_blokk`
--

/*!40101 SET @saved_cs_client     = @@character_set_client */;
/*!40101 SET character_set_client = utf8 */;
CREATE TABLE `craft_supertablecontent_7_blokk` (
  `id` int(11) NOT NULL AUTO_INCREMENT,
  `elementId` int(11) NOT NULL,
  `locale` char(12) COLLATE utf8_unicode_ci NOT NULL,
  `field_type` varchar(255) COLLATE utf8_unicode_ci DEFAULT NULL,
  `field_tittel` text COLLATE utf8_unicode_ci,
  `field_tekst` text COLLATE utf8_unicode_ci,
  `dateCreated` datetime NOT NULL,
  `dateUpdated` datetime NOT NULL,
  `uid` char(36) COLLATE utf8_unicode_ci NOT NULL DEFAULT '0',
  PRIMARY KEY (`id`),
  UNIQUE KEY `craft_supertablecontent_7_blokk_elementId_locale_unq_idx` (`elementId`,`locale`),
  KEY `craft_supertablecontent_7_blokk_locale_fk` (`locale`),
  CONSTRAINT `craft_supertablecontent_7_blokk_elementId_fk` FOREIGN KEY (`elementId`) REFERENCES `craft_elements` (`id`) ON DELETE CASCADE,
  CONSTRAINT `craft_supertablecontent_7_blokk_locale_fk` FOREIGN KEY (`locale`) REFERENCES `craft_locales` (`locale`) ON DELETE CASCADE ON UPDATE CASCADE
) ENGINE=InnoDB DEFAULT CHARSET=utf8 COLLATE=utf8_unicode_ci;
/*!40101 SET character_set_client = @saved_cs_client */;

--
-- Dumping data for table `craft_supertablecontent_7_blokk`
--

LOCK TABLES `craft_supertablecontent_7_blokk` WRITE;
/*!40000 ALTER TABLE `craft_supertablecontent_7_blokk` DISABLE KEYS */;
SET autocommit=0;
/*!40000 ALTER TABLE `craft_supertablecontent_7_blokk` ENABLE KEYS */;
UNLOCK TABLES;
COMMIT;

--
-- Table structure for table `craft_supertablecontent_apningstiderogbooking`
--

/*!40101 SET @saved_cs_client     = @@character_set_client */;
/*!40101 SET character_set_client = utf8 */;
CREATE TABLE `craft_supertablecontent_apningstiderogbooking` (
  `id` int(11) NOT NULL AUTO_INCREMENT,
  `elementId` int(11) NOT NULL,
  `locale` char(12) COLLATE utf8_unicode_ci NOT NULL,
  `field_tittel` text COLLATE utf8_unicode_ci,
  `field_rikTekst` text COLLATE utf8_unicode_ci,
  `field_knapp` text COLLATE utf8_unicode_ci,
  `dateCreated` datetime NOT NULL,
  `dateUpdated` datetime NOT NULL,
  `uid` char(36) COLLATE utf8_unicode_ci NOT NULL DEFAULT '0',
  PRIMARY KEY (`id`),
  UNIQUE KEY `craft_supertableconte_apningstiderogbooki_elementI_local_unq_idx` (`elementId`,`locale`),
  KEY `craft_supertablecontent_apningstiderogbooking_locale_fk` (`locale`),
  CONSTRAINT `craft_supertablecontent_apningstiderogbooking_elementId_fk` FOREIGN KEY (`elementId`) REFERENCES `craft_elements` (`id`) ON DELETE CASCADE,
  CONSTRAINT `craft_supertablecontent_apningstiderogbooking_locale_fk` FOREIGN KEY (`locale`) REFERENCES `craft_locales` (`locale`) ON DELETE CASCADE ON UPDATE CASCADE
) ENGINE=InnoDB AUTO_INCREMENT=3 DEFAULT CHARSET=utf8 COLLATE=utf8_unicode_ci;
/*!40101 SET character_set_client = @saved_cs_client */;

--
-- Dumping data for table `craft_supertablecontent_apningstiderogbooking`
--

LOCK TABLES `craft_supertablecontent_apningstiderogbooking` WRITE;
/*!40000 ALTER TABLE `craft_supertablecontent_apningstiderogbooking` DISABLE KEYS */;
SET autocommit=0;
INSERT INTO `craft_supertablecontent_apningstiderogbooking` VALUES (1,39,'nb_no','Åpningstider','<table><tbody><tr><td>Tirsdag - Fredag</td><td>11:00 - 23:00</td></tr><tr><td>Lørdag - Søndag</td><td>11:00 - 23:00</td></tr></tbody></table><p>Møter og lukkede selskap etter avtale</p>','<p><a href=\"tel:2045052666\">TLF: 450 52 666</a></p>','2017-02-14 13:22:52','2017-02-28 16:32:45','60968b8f-c0da-4c6f-a4fc-893c8dc75b10'),(2,40,'nb_no','Booking','<p>Reserver bord eller book <strong>egne dedikerte selskapslokaler</strong> med eget vertskap og underholdning</p>','<p><a href=\"mailto:kommandanten@festningenservering.no\">Send epost</a></p>','2017-02-14 13:22:52','2017-02-28 16:32:45','23ad74c9-f11f-4e8f-8438-e211eca01306');
/*!40000 ALTER TABLE `craft_supertablecontent_apningstiderogbooking` ENABLE KEYS */;
UNLOCK TABLES;
COMMIT;

--
-- Table structure for table `craft_supertablecontent_booking`
--

/*!40101 SET @saved_cs_client     = @@character_set_client */;
/*!40101 SET character_set_client = utf8 */;
CREATE TABLE `craft_supertablecontent_booking` (
  `id` int(11) NOT NULL AUTO_INCREMENT,
  `elementId` int(11) NOT NULL,
  `locale` char(12) COLLATE utf8_unicode_ci NOT NULL,
  `field_tittel` text COLLATE utf8_unicode_ci,
  `field_tekst` text COLLATE utf8_unicode_ci,
  `dateCreated` datetime NOT NULL,
  `dateUpdated` datetime NOT NULL,
  `uid` char(36) COLLATE utf8_unicode_ci NOT NULL DEFAULT '0',
  PRIMARY KEY (`id`),
  UNIQUE KEY `craft_supertablecontent_booking_elementId_locale_unq_idx` (`elementId`,`locale`),
  KEY `craft_supertablecontent_booking_locale_fk` (`locale`),
  CONSTRAINT `craft_supertablecontent_booking_elementId_fk` FOREIGN KEY (`elementId`) REFERENCES `craft_elements` (`id`) ON DELETE CASCADE,
  CONSTRAINT `craft_supertablecontent_booking_locale_fk` FOREIGN KEY (`locale`) REFERENCES `craft_locales` (`locale`) ON DELETE CASCADE ON UPDATE CASCADE
) ENGINE=InnoDB AUTO_INCREMENT=2 DEFAULT CHARSET=utf8 COLLATE=utf8_unicode_ci;
/*!40101 SET character_set_client = @saved_cs_client */;

--
-- Dumping data for table `craft_supertablecontent_booking`
--

LOCK TABLES `craft_supertablecontent_booking` WRITE;
/*!40000 ALTER TABLE `craft_supertablecontent_booking` DISABLE KEYS */;
SET autocommit=0;
INSERT INTO `craft_supertablecontent_booking` VALUES (1,51,'nb_no','Booking','Reserver selskalslokaler eller bord i restauranten','2017-02-14 17:40:52','2017-02-28 16:32:45','e2d3d31c-c203-465f-a9fc-1201a5c5d505');
/*!40000 ALTER TABLE `craft_supertablecontent_booking` ENABLE KEYS */;
UNLOCK TABLES;
COMMIT;

--
-- Table structure for table `craft_supertablecontent_ingredienser`
--

/*!40101 SET @saved_cs_client     = @@character_set_client */;
/*!40101 SET character_set_client = utf8 */;
CREATE TABLE `craft_supertablecontent_ingredienser` (
  `id` int(11) NOT NULL AUTO_INCREMENT,
  `elementId` int(11) NOT NULL,
  `locale` char(12) COLLATE utf8_unicode_ci NOT NULL,
  `dateCreated` datetime NOT NULL,
  `dateUpdated` datetime NOT NULL,
  `uid` char(36) COLLATE utf8_unicode_ci NOT NULL DEFAULT '0',
  PRIMARY KEY (`id`),
  UNIQUE KEY `craft_supertablecontent_ingredienser_elementId_locale_unq_idx` (`elementId`,`locale`),
  KEY `craft_supertablecontent_ingredienser_locale_fk` (`locale`),
  CONSTRAINT `craft_supertablecontent_ingredienser_elementId_fk` FOREIGN KEY (`elementId`) REFERENCES `craft_elements` (`id`) ON DELETE CASCADE,
  CONSTRAINT `craft_supertablecontent_ingredienser_locale_fk` FOREIGN KEY (`locale`) REFERENCES `craft_locales` (`locale`) ON DELETE CASCADE ON UPDATE CASCADE
) ENGINE=InnoDB DEFAULT CHARSET=utf8 COLLATE=utf8_unicode_ci;
/*!40101 SET character_set_client = @saved_cs_client */;

--
-- Dumping data for table `craft_supertablecontent_ingredienser`
--

LOCK TABLES `craft_supertablecontent_ingredienser` WRITE;
/*!40000 ALTER TABLE `craft_supertablecontent_ingredienser` DISABLE KEYS */;
SET autocommit=0;
/*!40000 ALTER TABLE `craft_supertablecontent_ingredienser` ENABLE KEYS */;
UNLOCK TABLES;
COMMIT;

--
-- Table structure for table `craft_supertablecontent_oppskrift`
--

/*!40101 SET @saved_cs_client     = @@character_set_client */;
/*!40101 SET character_set_client = utf8 */;
CREATE TABLE `craft_supertablecontent_oppskrift` (
  `id` int(11) NOT NULL AUTO_INCREMENT,
  `elementId` int(11) NOT NULL,
  `locale` char(12) COLLATE utf8_unicode_ci NOT NULL,
  `field_tekst` text COLLATE utf8_unicode_ci,
  `field_pris` text COLLATE utf8_unicode_ci,
  `dateCreated` datetime NOT NULL,
  `dateUpdated` datetime NOT NULL,
  `uid` char(36) COLLATE utf8_unicode_ci NOT NULL DEFAULT '0',
  PRIMARY KEY (`id`),
  UNIQUE KEY `craft_supertablecontent_oppskrift_elementId_locale_unq_idx` (`elementId`,`locale`),
  KEY `craft_supertablecontent_oppskrift_locale_fk` (`locale`),
  CONSTRAINT `craft_supertablecontent_oppskrift_elementId_fk` FOREIGN KEY (`elementId`) REFERENCES `craft_elements` (`id`) ON DELETE CASCADE,
  CONSTRAINT `craft_supertablecontent_oppskrift_locale_fk` FOREIGN KEY (`locale`) REFERENCES `craft_locales` (`locale`) ON DELETE CASCADE ON UPDATE CASCADE
) ENGINE=InnoDB AUTO_INCREMENT=13 DEFAULT CHARSET=utf8 COLLATE=utf8_unicode_ci;
/*!40101 SET character_set_client = @saved_cs_client */;

--
-- Dumping data for table `craft_supertablecontent_oppskrift`
--

LOCK TABLES `craft_supertablecontent_oppskrift` WRITE;
/*!40000 ALTER TABLE `craft_supertablecontent_oppskrift` DISABLE KEYS */;
SET autocommit=0;
INSERT INTO `craft_supertablecontent_oppskrift` VALUES (1,133,'nb_no','<p>Smørbrød av hjemmebakt brød med tomat, dijon-dressing, løk, serranoskinke med blåmugg eller hvit geitost. Gratineres i ovnen, serveres med stekte poteter og aioli.</p>','139,-','2017-02-20 12:53:49','2017-02-20 14:31:09','7bd136ce-a62b-4997-8f6d-6bde1e00ece1'),(2,135,'nb_no','<p>Smørbrød med ørret fra festningens røykeri. Serveres på hjemmebakt brød med tomat, agurk, rødløk, salat og dressing. Toppes med friterte aspargesbønner.</p>','139,-','2017-02-20 12:55:20','2017-02-20 14:31:00','e9050b19-9cd5-45a9-9bc2-99130e46b83b'),(3,137,'nb_no','<p>Tynne skiver av reinsdyrkjøtt, rot-grønnsaker, viltsaus og tyttebær. Serveres med trøffelpotetmos.</p>','149,-','2017-02-20 12:56:14','2017-02-20 14:30:53','f7fd0ee8-4a02-4fa3-815a-c2385a6b8e5d'),(4,139,'nb_no','<p>Kremet soppsuppe. Serveres med ferskt brød og ulike dressinger. Toppes med hjemmelaget bacon og krutonger.</p>','139,-','2017-02-20 12:59:47','2017-02-20 14:30:41','df430ad3-0f3e-432d-a37b-db4323586080'),(5,141,'nb_no','<p>Hjemmelaget hamburger med bacon fra eget røykeri. Salat, tomat, sylteagurk, løk, bbq-saus og cheddarost. Serveres med aioli og stekte poteter. Serveres hele dagen.<br /></p>','185,-','2017-02-20 13:00:23','2017-02-20 14:30:33','ec08802a-1a6c-4f97-b357-aeb1fc30489b'),(6,143,'nb_no','<p>Velg mellom våre hjemmelagde kaker. Spør din servitør om utvalg. Serveres med vaniljeis, karamellisert hvit sjokolade, rørte skogsbær og crumble<br /></p>','79,-','2017-02-20 13:01:03','2017-02-20 14:30:26','c8990749-5758-4ab5-8dae-52bd21fa81f7'),(7,145,'nb_no','<p>Våre spesialiteter fra kjøkken og urtehage samlet på en spekefjøl. Fritert brandad og oksehalekule, sukkersaltet ørret, røkt ørret, gravet rein, flatbrød, chips og ulike dressinger.</p>','150,- pr.pers','2017-02-20 13:03:05','2017-02-20 13:03:05','3f51f776-1e12-41c8-a09b-1efed5157c97'),(8,147,'nb_no','<p>Pannestekt torsk med løkkrem, brent småløk og blåskjell. Fondantpotet og skalldyrskum.</p>','295,-','2017-02-20 13:03:42','2017-02-20 14:29:34','979c4983-124a-4fff-9ae7-20b4322c5c5a'),(9,149,'nb_no','<p>Rein med ristet jordskokkpuré, beter, løk, syltet kantarell, grov potetmos og rødvinssaus\r\n</p>','325,-','2017-02-20 13:04:06','2017-02-20 13:04:06','bed6e09c-cceb-435a-93e2-3d172853be17'),(10,151,'nb_no','<p>3 norske oster med fikenmarmelade, syrlig eple og nøttebrød.</p>','149,-','2017-02-20 13:04:39','2017-02-20 13:04:39','80990c92-4407-4606-a7c8-7cc6c77f59e1'),(11,153,'nb_no','<p>Frukt og fløteis med brunet smør og touille-kjeks</p>','149,-','2017-02-20 13:05:15','2017-02-20 13:05:15','4b36fb79-2e5c-43a3-8c6a-11671a2b55ad'),(12,155,'nb_no','<p>Hvit sjokolade og kaffeganache med tinnved og eplekakestrø.</p>','149,-','2017-02-20 13:06:03','2017-02-20 13:06:03','419781eb-7a20-4650-b78d-1c7faac6dbf1');
/*!40000 ALTER TABLE `craft_supertablecontent_oppskrift` ENABLE KEYS */;
UNLOCK TABLES;
COMMIT;

--
-- Table structure for table `craft_supertablecontent_seodiv`
--

/*!40101 SET @saved_cs_client     = @@character_set_client */;
/*!40101 SET character_set_client = utf8 */;
CREATE TABLE `craft_supertablecontent_seodiv` (
  `id` int(11) NOT NULL AUTO_INCREMENT,
  `elementId` int(11) NOT NULL,
  `locale` char(12) COLLATE utf8_unicode_ci NOT NULL,
  `field_googleProfile` text COLLATE utf8_unicode_ci,
  `field_googlePage` text COLLATE utf8_unicode_ci,
  `field_twitterSite` text COLLATE utf8_unicode_ci,
  `dateCreated` datetime NOT NULL,
  `dateUpdated` datetime NOT NULL,
  `uid` char(36) COLLATE utf8_unicode_ci NOT NULL DEFAULT '0',
  PRIMARY KEY (`id`),
  UNIQUE KEY `craft_supertablecontent_seodiv_elementId_locale_unq_idx` (`elementId`,`locale`),
  KEY `craft_supertablecontent_seodiv_locale_fk` (`locale`),
  CONSTRAINT `craft_supertablecontent_seodiv_elementId_fk` FOREIGN KEY (`elementId`) REFERENCES `craft_elements` (`id`) ON DELETE CASCADE,
  CONSTRAINT `craft_supertablecontent_seodiv_locale_fk` FOREIGN KEY (`locale`) REFERENCES `craft_locales` (`locale`) ON DELETE CASCADE ON UPDATE CASCADE
) ENGINE=InnoDB DEFAULT CHARSET=utf8 COLLATE=utf8_unicode_ci;
/*!40101 SET character_set_client = @saved_cs_client */;

--
-- Dumping data for table `craft_supertablecontent_seodiv`
--

LOCK TABLES `craft_supertablecontent_seodiv` WRITE;
/*!40000 ALTER TABLE `craft_supertablecontent_seodiv` DISABLE KEYS */;
SET autocommit=0;
/*!40000 ALTER TABLE `craft_supertablecontent_seodiv` ENABLE KEYS */;
UNLOCK TABLES;
COMMIT;

--
-- Table structure for table `craft_supertablecontent_varemenyer`
--

/*!40101 SET @saved_cs_client     = @@character_set_client */;
/*!40101 SET character_set_client = utf8 */;
CREATE TABLE `craft_supertablecontent_varemenyer` (
  `id` int(11) NOT NULL AUTO_INCREMENT,
  `elementId` int(11) NOT NULL,
  `locale` char(12) COLLATE utf8_unicode_ci NOT NULL,
  `field_tekst` text COLLATE utf8_unicode_ci,
  `dateCreated` datetime NOT NULL,
  `dateUpdated` datetime NOT NULL,
  `uid` char(36) COLLATE utf8_unicode_ci NOT NULL DEFAULT '0',
  PRIMARY KEY (`id`),
  UNIQUE KEY `craft_supertablecontent_varemenyer_elementId_locale_unq_idx` (`elementId`,`locale`),
  KEY `craft_supertablecontent_varemenyer_locale_fk` (`locale`),
  CONSTRAINT `craft_supertablecontent_varemenyer_elementId_fk` FOREIGN KEY (`elementId`) REFERENCES `craft_elements` (`id`) ON DELETE CASCADE,
  CONSTRAINT `craft_supertablecontent_varemenyer_locale_fk` FOREIGN KEY (`locale`) REFERENCES `craft_locales` (`locale`) ON DELETE CASCADE ON UPDATE CASCADE
) ENGINE=InnoDB AUTO_INCREMENT=5 DEFAULT CHARSET=utf8 COLLATE=utf8_unicode_ci;
/*!40101 SET character_set_client = @saved_cs_client */;

--
-- Dumping data for table `craft_supertablecontent_varemenyer`
--

LOCK TABLES `craft_supertablecontent_varemenyer` WRITE;
/*!40000 ALTER TABLE `craft_supertablecontent_varemenyer` DISABLE KEYS */;
SET autocommit=0;
INSERT INTO `craft_supertablecontent_varemenyer` VALUES (1,35,'nb_no','<h3>Våre menyer</h3>\r\n<table><tbody><tr><td>Lunsj</td><td>11:00 - 16:00</td></tr><tr><td>Klassisk</td><td>16:00 - 23:00</td></tr><tr><td>Ukens 3-retter</td><td>16:00 - 23:00</td></tr></tbody></table><p><br /></p>\r\n<p><a href=\"{entry:3:url}\"><strong>Les mer</strong></a></p>','2017-02-13 23:12:10','2017-02-14 19:12:31','6ed4fefa-a37c-4cd1-8cf3-34ff0fef2d2e'),(2,41,'nb_no','<h3>Ukens 3-retter</h3>\r\n<p>Lorem ipsum dolor sit amet, consectetur adipiscing elit, sed do eiusmod tempor incididunt ut l abore et dolore magna aliqua. Ut enim ad minim veniam, quis nostrud exercitation ullamco laboris nisi. sed do eiusmod tempor incididunt ut l abore et dolore magna aliqua. Ut enim ad minim veniam, quis nostrud exercitation ullamco laboris nisi. sed do eiusmod tempor incididunt ut l abore et dolore magna aliqua. Ut enim ad minim veniam, quis nostrud exercitation ullamco laboris nisi.sed do eiusmod tempor incididunt ut l abore et dolore magna aliqua. Ut enim ad minim veniam, quis nostrud exercitation ullamco laboris nisi.</p>\r\n<p><br /></p>\r\n<p><strong><a href=\"{entry:3:url}\">Les mer</a>   </strong><br /></p>','2017-02-14 14:35:09','2017-02-14 19:12:31','952a8276-de70-4a52-b060-095945a91ac9'),(3,170,'nb_no','<h3>Ukens 3-retter, klassisk meny og god gammeldags lunsj</h3>\r\n<p>Lorem ipsum dolor sit amet, consectetur adipiscing elit, sed do eiusmod tempor incididunt ut l abore et dolore magna aliqua. Ut enim ad minim veniam, quis nostrud exercitation ullamco laboris nisi. sed do eiusmod tempor incididunt ut l abore et dolore magna aliqua. Ut enim ad minim veniam, quis nostrud exercitation ullamco laboris nisi. sed do eiusmod tempor incididunt ut l abore et dolore magna aliqua. Ut enim ad minim veniam, quis nostrud exercitation ullamco laboris nisi.sed do eiusmod tempor incididunt ut l abore et dolore magna aliqua. Ut enim ad minim veniam, quis nostrud exercitation ullamco laboris nisi.</p>\r\n<p><strong><a href=\"{entry:3:url}\">Les mer </a> </strong></p>','2017-02-28 15:55:09','2017-02-28 15:59:23','d45c3368-651e-4e84-8211-f4e1de49d5b5'),(4,171,'nb_no','<h3>Våre menyer</h3>\r\n<table><tbody><tr><td>Ukens 3-retter</td><td>11:00 - 16:00</td></tr><tr><td>Klassisk meny</td><td>16:00 - 23:00</td></tr><tr><td>Lunsjmeny</td><td>16:00 - 23:00</td></tr></tbody></table><p><a href=\"{entry:3:url}\"><strong>Les mer</strong></a></p>','2017-02-28 15:58:54','2017-02-28 15:59:23','e8ddce2c-17f2-4171-a445-71cf1720dc5e');
/*!40000 ALTER TABLE `craft_supertablecontent_varemenyer` ENABLE KEYS */;
UNLOCK TABLES;
COMMIT;

--
-- Table structure for table `craft_systemsettings`
--

/*!40101 SET @saved_cs_client     = @@character_set_client */;
/*!40101 SET character_set_client = utf8 */;
CREATE TABLE `craft_systemsettings` (
  `id` int(11) NOT NULL AUTO_INCREMENT,
  `category` varchar(15) COLLATE utf8_unicode_ci NOT NULL,
  `settings` text COLLATE utf8_unicode_ci,
  `dateCreated` datetime NOT NULL,
  `dateUpdated` datetime NOT NULL,
  `uid` char(36) COLLATE utf8_unicode_ci NOT NULL DEFAULT '0',
  PRIMARY KEY (`id`),
  UNIQUE KEY `craft_systemsettings_category_unq_idx` (`category`)
) ENGINE=InnoDB AUTO_INCREMENT=2 DEFAULT CHARSET=utf8 COLLATE=utf8_unicode_ci;
/*!40101 SET character_set_client = @saved_cs_client */;

--
-- Dumping data for table `craft_systemsettings`
--

LOCK TABLES `craft_systemsettings` WRITE;
/*!40000 ALTER TABLE `craft_systemsettings` DISABLE KEYS */;
SET autocommit=0;
INSERT INTO `craft_systemsettings` VALUES (1,'email','{\"protocol\":\"php\",\"emailAddress\":\"dev@mustasj.no\",\"senderName\":\"Standardcraft\"}','2014-10-08 10:49:50','2014-10-08 10:49:50','13f059b8-2b49-44e6-bb6e-28bad17289af');
/*!40000 ALTER TABLE `craft_systemsettings` ENABLE KEYS */;
UNLOCK TABLES;
COMMIT;

--
-- Table structure for table `craft_taggroups`
--

/*!40101 SET @saved_cs_client     = @@character_set_client */;
/*!40101 SET character_set_client = utf8 */;
CREATE TABLE `craft_taggroups` (
  `id` int(11) NOT NULL AUTO_INCREMENT,
  `name` varchar(255) COLLATE utf8_unicode_ci NOT NULL,
  `handle` varchar(255) COLLATE utf8_unicode_ci NOT NULL,
  `fieldLayoutId` int(10) DEFAULT NULL,
  `dateCreated` datetime NOT NULL,
  `dateUpdated` datetime NOT NULL,
  `uid` char(36) COLLATE utf8_unicode_ci NOT NULL DEFAULT '0',
  PRIMARY KEY (`id`),
  UNIQUE KEY `craft_taggroups_name_unq_idx` (`name`),
  UNIQUE KEY `craft_taggroups_handle_unq_idx` (`handle`),
  KEY `craft_taggroups_fieldLayoutId_fk` (`fieldLayoutId`),
  CONSTRAINT `craft_taggroups_fieldLayoutId_fk` FOREIGN KEY (`fieldLayoutId`) REFERENCES `craft_fieldlayouts` (`id`) ON DELETE SET NULL
) ENGINE=InnoDB AUTO_INCREMENT=2 DEFAULT CHARSET=utf8 COLLATE=utf8_unicode_ci;
/*!40101 SET character_set_client = @saved_cs_client */;

--
-- Dumping data for table `craft_taggroups`
--

LOCK TABLES `craft_taggroups` WRITE;
/*!40000 ALTER TABLE `craft_taggroups` DISABLE KEYS */;
SET autocommit=0;
INSERT INTO `craft_taggroups` VALUES (1,'Standard','default',1,'2014-10-08 10:49:50','2014-10-08 10:49:50','b798f6f4-4b51-4b2a-a1e8-fe03d7e54640');
/*!40000 ALTER TABLE `craft_taggroups` ENABLE KEYS */;
UNLOCK TABLES;
COMMIT;

--
-- Table structure for table `craft_tags`
--

/*!40101 SET @saved_cs_client     = @@character_set_client */;
/*!40101 SET character_set_client = utf8 */;
CREATE TABLE `craft_tags` (
  `id` int(11) NOT NULL,
  `groupId` int(11) NOT NULL,
  `dateCreated` datetime NOT NULL,
  `dateUpdated` datetime NOT NULL,
  `uid` char(36) COLLATE utf8_unicode_ci NOT NULL DEFAULT '0',
  PRIMARY KEY (`id`),
  KEY `craft_tags_groupId_fk` (`groupId`),
  KEY `craft_tags_groupId_idx` (`groupId`),
  CONSTRAINT `craft_tags_groupId_fk` FOREIGN KEY (`groupId`) REFERENCES `craft_taggroups` (`id`) ON DELETE CASCADE,
  CONSTRAINT `craft_tags_id_fk` FOREIGN KEY (`id`) REFERENCES `craft_elements` (`id`) ON DELETE CASCADE
) ENGINE=InnoDB DEFAULT CHARSET=utf8 COLLATE=utf8_unicode_ci;
/*!40101 SET character_set_client = @saved_cs_client */;

--
-- Dumping data for table `craft_tags`
--

LOCK TABLES `craft_tags` WRITE;
/*!40000 ALTER TABLE `craft_tags` DISABLE KEYS */;
SET autocommit=0;
/*!40000 ALTER TABLE `craft_tags` ENABLE KEYS */;
UNLOCK TABLES;
COMMIT;

--
-- Table structure for table `craft_tasks`
--

/*!40101 SET @saved_cs_client     = @@character_set_client */;
/*!40101 SET character_set_client = utf8 */;
CREATE TABLE `craft_tasks` (
  `id` int(11) NOT NULL AUTO_INCREMENT,
  `root` int(11) unsigned DEFAULT NULL,
  `lft` int(11) unsigned NOT NULL,
  `rgt` int(11) unsigned NOT NULL,
  `level` smallint(6) unsigned NOT NULL,
  `currentStep` int(11) unsigned DEFAULT NULL,
  `totalSteps` int(11) unsigned DEFAULT NULL,
  `status` enum('pending','error','running') COLLATE utf8_unicode_ci DEFAULT NULL,
  `type` varchar(150) COLLATE utf8_unicode_ci NOT NULL,
  `description` varchar(255) COLLATE utf8_unicode_ci DEFAULT NULL,
  `settings` mediumtext COLLATE utf8_unicode_ci,
  `dateCreated` datetime NOT NULL,
  `dateUpdated` datetime NOT NULL,
  `uid` char(36) COLLATE utf8_unicode_ci NOT NULL DEFAULT '0',
  PRIMARY KEY (`id`),
  KEY `craft_tasks_root_idx` (`root`),
  KEY `craft_tasks_lft_idx` (`lft`),
  KEY `craft_tasks_rgt_idx` (`rgt`),
  KEY `craft_tasks_level_idx` (`level`)
) ENGINE=InnoDB AUTO_INCREMENT=54 DEFAULT CHARSET=utf8 COLLATE=utf8_unicode_ci;
/*!40101 SET character_set_client = @saved_cs_client */;

--
-- Dumping data for table `craft_tasks`
--

LOCK TABLES `craft_tasks` WRITE;
/*!40000 ALTER TABLE `craft_tasks` DISABLE KEYS */;
SET autocommit=0;
/*!40000 ALTER TABLE `craft_tasks` ENABLE KEYS */;
UNLOCK TABLES;
COMMIT;

--
-- Table structure for table `craft_templatecachecriteria`
--

/*!40101 SET @saved_cs_client     = @@character_set_client */;
/*!40101 SET character_set_client = utf8 */;
CREATE TABLE `craft_templatecachecriteria` (
  `id` int(11) NOT NULL AUTO_INCREMENT,
  `cacheId` int(11) NOT NULL,
  `type` varchar(150) COLLATE utf8_unicode_ci NOT NULL,
  `criteria` text COLLATE utf8_unicode_ci NOT NULL,
  PRIMARY KEY (`id`),
  KEY `craft_templatecachecriteria_cacheId_fk` (`cacheId`),
  KEY `craft_templatecachecriteria_type_idx` (`type`),
  CONSTRAINT `craft_templatecachecriteria_cacheId_fk` FOREIGN KEY (`cacheId`) REFERENCES `craft_templatecaches` (`id`) ON DELETE CASCADE
) ENGINE=InnoDB DEFAULT CHARSET=utf8 COLLATE=utf8_unicode_ci;
/*!40101 SET character_set_client = @saved_cs_client */;

--
-- Dumping data for table `craft_templatecachecriteria`
--

LOCK TABLES `craft_templatecachecriteria` WRITE;
/*!40000 ALTER TABLE `craft_templatecachecriteria` DISABLE KEYS */;
SET autocommit=0;
/*!40000 ALTER TABLE `craft_templatecachecriteria` ENABLE KEYS */;
UNLOCK TABLES;
COMMIT;

--
-- Table structure for table `craft_templatecacheelements`
--

/*!40101 SET @saved_cs_client     = @@character_set_client */;
/*!40101 SET character_set_client = utf8 */;
CREATE TABLE `craft_templatecacheelements` (
  `cacheId` int(11) NOT NULL,
  `elementId` int(11) NOT NULL,
  KEY `craft_templatecacheelements_cacheId_fk` (`cacheId`),
  KEY `craft_templatecacheelements_elementId_fk` (`elementId`),
  CONSTRAINT `craft_templatecacheelements_cacheId_fk` FOREIGN KEY (`cacheId`) REFERENCES `craft_templatecaches` (`id`) ON DELETE CASCADE,
  CONSTRAINT `craft_templatecacheelements_elementId_fk` FOREIGN KEY (`elementId`) REFERENCES `craft_elements` (`id`) ON DELETE CASCADE
) ENGINE=InnoDB DEFAULT CHARSET=utf8 COLLATE=utf8_unicode_ci;
/*!40101 SET character_set_client = @saved_cs_client */;

--
-- Dumping data for table `craft_templatecacheelements`
--

LOCK TABLES `craft_templatecacheelements` WRITE;
/*!40000 ALTER TABLE `craft_templatecacheelements` DISABLE KEYS */;
SET autocommit=0;
/*!40000 ALTER TABLE `craft_templatecacheelements` ENABLE KEYS */;
UNLOCK TABLES;
COMMIT;

--
-- Table structure for table `craft_templatecaches`
--

/*!40101 SET @saved_cs_client     = @@character_set_client */;
/*!40101 SET character_set_client = utf8 */;
CREATE TABLE `craft_templatecaches` (
  `id` int(11) NOT NULL AUTO_INCREMENT,
  `cacheKey` varchar(255) COLLATE utf8_unicode_ci NOT NULL,
  `locale` char(12) COLLATE utf8_unicode_ci NOT NULL,
  `path` varchar(255) COLLATE utf8_unicode_ci DEFAULT NULL,
  `expiryDate` datetime NOT NULL,
  `body` mediumtext COLLATE utf8_unicode_ci NOT NULL,
  PRIMARY KEY (`id`),
  KEY `craft_templatecaches_locale_fk` (`locale`),
  KEY `craft_templatecaches_locale_cacheKey_path_expiryDate_idx` (`locale`,`cacheKey`,`path`,`expiryDate`),
  CONSTRAINT `craft_templatecaches_locale_fk` FOREIGN KEY (`locale`) REFERENCES `craft_locales` (`locale`) ON DELETE CASCADE ON UPDATE CASCADE
) ENGINE=InnoDB DEFAULT CHARSET=utf8 COLLATE=utf8_unicode_ci;
/*!40101 SET character_set_client = @saved_cs_client */;

--
-- Dumping data for table `craft_templatecaches`
--

LOCK TABLES `craft_templatecaches` WRITE;
/*!40000 ALTER TABLE `craft_templatecaches` DISABLE KEYS */;
SET autocommit=0;
/*!40000 ALTER TABLE `craft_templatecaches` ENABLE KEYS */;
UNLOCK TABLES;
COMMIT;

--
-- Table structure for table `craft_tokens`
--

/*!40101 SET @saved_cs_client     = @@character_set_client */;
/*!40101 SET character_set_client = utf8 */;
CREATE TABLE `craft_tokens` (
  `id` int(11) NOT NULL AUTO_INCREMENT,
  `token` char(32) COLLATE utf8_unicode_ci NOT NULL,
  `route` text COLLATE utf8_unicode_ci,
  `usageLimit` tinyint(3) unsigned DEFAULT NULL,
  `usageCount` tinyint(3) unsigned DEFAULT NULL,
  `expiryDate` datetime NOT NULL,
  `dateCreated` datetime NOT NULL,
  `dateUpdated` datetime NOT NULL,
  `uid` char(36) COLLATE utf8_unicode_ci NOT NULL DEFAULT '0',
  PRIMARY KEY (`id`),
  UNIQUE KEY `craft_tokens_token_unq_idx` (`token`),
  KEY `craft_tokens_expiryDate_idx` (`expiryDate`)
) ENGINE=InnoDB DEFAULT CHARSET=utf8 COLLATE=utf8_unicode_ci;
/*!40101 SET character_set_client = @saved_cs_client */;

--
-- Dumping data for table `craft_tokens`
--

LOCK TABLES `craft_tokens` WRITE;
/*!40000 ALTER TABLE `craft_tokens` DISABLE KEYS */;
SET autocommit=0;
/*!40000 ALTER TABLE `craft_tokens` ENABLE KEYS */;
UNLOCK TABLES;
COMMIT;

--
-- Table structure for table `craft_usergroups`
--

/*!40101 SET @saved_cs_client     = @@character_set_client */;
/*!40101 SET character_set_client = utf8 */;
CREATE TABLE `craft_usergroups` (
  `id` int(11) NOT NULL AUTO_INCREMENT,
  `name` varchar(255) COLLATE utf8_unicode_ci NOT NULL,
  `handle` varchar(255) COLLATE utf8_unicode_ci NOT NULL,
  `dateCreated` datetime NOT NULL,
  `dateUpdated` datetime NOT NULL,
  `uid` char(36) COLLATE utf8_unicode_ci NOT NULL DEFAULT '0',
  PRIMARY KEY (`id`),
  UNIQUE KEY `craft_usergroups_handle_unq_idx` (`handle`),
  UNIQUE KEY `craft_usergroups_name_unq_idx` (`name`)
) ENGINE=InnoDB DEFAULT CHARSET=utf8 COLLATE=utf8_unicode_ci;
/*!40101 SET character_set_client = @saved_cs_client */;

--
-- Dumping data for table `craft_usergroups`
--

LOCK TABLES `craft_usergroups` WRITE;
/*!40000 ALTER TABLE `craft_usergroups` DISABLE KEYS */;
SET autocommit=0;
/*!40000 ALTER TABLE `craft_usergroups` ENABLE KEYS */;
UNLOCK TABLES;
COMMIT;

--
-- Table structure for table `craft_usergroups_users`
--

/*!40101 SET @saved_cs_client     = @@character_set_client */;
/*!40101 SET character_set_client = utf8 */;
CREATE TABLE `craft_usergroups_users` (
  `id` int(11) NOT NULL AUTO_INCREMENT,
  `groupId` int(11) NOT NULL,
  `userId` int(11) NOT NULL,
  `dateCreated` datetime NOT NULL,
  `dateUpdated` datetime NOT NULL,
  `uid` char(36) COLLATE utf8_unicode_ci NOT NULL DEFAULT '0',
  PRIMARY KEY (`id`),
  UNIQUE KEY `craft_usergroups_users_groupId_userId_unq_idx` (`groupId`,`userId`),
  KEY `craft_usergroups_users_userId_fk` (`userId`),
  CONSTRAINT `craft_usergroups_users_groupId_fk` FOREIGN KEY (`groupId`) REFERENCES `craft_usergroups` (`id`) ON DELETE CASCADE,
  CONSTRAINT `craft_usergroups_users_userId_fk` FOREIGN KEY (`userId`) REFERENCES `craft_users` (`id`) ON DELETE CASCADE
) ENGINE=InnoDB DEFAULT CHARSET=utf8 COLLATE=utf8_unicode_ci;
/*!40101 SET character_set_client = @saved_cs_client */;

--
-- Dumping data for table `craft_usergroups_users`
--

LOCK TABLES `craft_usergroups_users` WRITE;
/*!40000 ALTER TABLE `craft_usergroups_users` DISABLE KEYS */;
SET autocommit=0;
/*!40000 ALTER TABLE `craft_usergroups_users` ENABLE KEYS */;
UNLOCK TABLES;
COMMIT;

--
-- Table structure for table `craft_userpermissions`
--

/*!40101 SET @saved_cs_client     = @@character_set_client */;
/*!40101 SET character_set_client = utf8 */;
CREATE TABLE `craft_userpermissions` (
  `id` int(11) NOT NULL AUTO_INCREMENT,
  `name` varchar(255) COLLATE utf8_unicode_ci NOT NULL,
  `dateCreated` datetime NOT NULL,
  `dateUpdated` datetime NOT NULL,
  `uid` char(36) COLLATE utf8_unicode_ci NOT NULL DEFAULT '0',
  PRIMARY KEY (`id`),
  UNIQUE KEY `craft_userpermissions_name_unq_idx` (`name`)
) ENGINE=InnoDB DEFAULT CHARSET=utf8 COLLATE=utf8_unicode_ci;
/*!40101 SET character_set_client = @saved_cs_client */;

--
-- Dumping data for table `craft_userpermissions`
--

LOCK TABLES `craft_userpermissions` WRITE;
/*!40000 ALTER TABLE `craft_userpermissions` DISABLE KEYS */;
SET autocommit=0;
/*!40000 ALTER TABLE `craft_userpermissions` ENABLE KEYS */;
UNLOCK TABLES;
COMMIT;

--
-- Table structure for table `craft_userpermissions_usergroups`
--

/*!40101 SET @saved_cs_client     = @@character_set_client */;
/*!40101 SET character_set_client = utf8 */;
CREATE TABLE `craft_userpermissions_usergroups` (
  `id` int(11) NOT NULL AUTO_INCREMENT,
  `permissionId` int(11) NOT NULL,
  `groupId` int(11) NOT NULL,
  `dateCreated` datetime NOT NULL,
  `dateUpdated` datetime NOT NULL,
  `uid` char(36) COLLATE utf8_unicode_ci NOT NULL DEFAULT '0',
  PRIMARY KEY (`id`),
  UNIQUE KEY `craft_userpermissions_usergroups_permissionId_groupId_unq_idx` (`permissionId`,`groupId`),
  KEY `craft_userpermissions_usergroups_groupId_fk` (`groupId`),
  CONSTRAINT `craft_userpermissions_usergroups_groupId_fk` FOREIGN KEY (`groupId`) REFERENCES `craft_usergroups` (`id`) ON DELETE CASCADE,
  CONSTRAINT `craft_userpermissions_usergroups_permissionId_fk` FOREIGN KEY (`permissionId`) REFERENCES `craft_userpermissions` (`id`) ON DELETE CASCADE
) ENGINE=InnoDB DEFAULT CHARSET=utf8 COLLATE=utf8_unicode_ci;
/*!40101 SET character_set_client = @saved_cs_client */;

--
-- Dumping data for table `craft_userpermissions_usergroups`
--

LOCK TABLES `craft_userpermissions_usergroups` WRITE;
/*!40000 ALTER TABLE `craft_userpermissions_usergroups` DISABLE KEYS */;
SET autocommit=0;
/*!40000 ALTER TABLE `craft_userpermissions_usergroups` ENABLE KEYS */;
UNLOCK TABLES;
COMMIT;

--
-- Table structure for table `craft_userpermissions_users`
--

/*!40101 SET @saved_cs_client     = @@character_set_client */;
/*!40101 SET character_set_client = utf8 */;
CREATE TABLE `craft_userpermissions_users` (
  `id` int(11) NOT NULL AUTO_INCREMENT,
  `permissionId` int(11) NOT NULL,
  `userId` int(11) NOT NULL,
  `dateCreated` datetime NOT NULL,
  `dateUpdated` datetime NOT NULL,
  `uid` char(36) COLLATE utf8_unicode_ci NOT NULL DEFAULT '0',
  PRIMARY KEY (`id`),
  UNIQUE KEY `craft_userpermissions_users_permissionId_userId_unq_idx` (`permissionId`,`userId`),
  KEY `craft_userpermissions_users_userId_fk` (`userId`),
  CONSTRAINT `craft_userpermissions_users_permissionId_fk` FOREIGN KEY (`permissionId`) REFERENCES `craft_userpermissions` (`id`) ON DELETE CASCADE,
  CONSTRAINT `craft_userpermissions_users_userId_fk` FOREIGN KEY (`userId`) REFERENCES `craft_users` (`id`) ON DELETE CASCADE
) ENGINE=InnoDB DEFAULT CHARSET=utf8 COLLATE=utf8_unicode_ci;
/*!40101 SET character_set_client = @saved_cs_client */;

--
-- Dumping data for table `craft_userpermissions_users`
--

LOCK TABLES `craft_userpermissions_users` WRITE;
/*!40000 ALTER TABLE `craft_userpermissions_users` DISABLE KEYS */;
SET autocommit=0;
/*!40000 ALTER TABLE `craft_userpermissions_users` ENABLE KEYS */;
UNLOCK TABLES;
COMMIT;

--
-- Table structure for table `craft_users`
--

/*!40101 SET @saved_cs_client     = @@character_set_client */;
/*!40101 SET character_set_client = utf8 */;
CREATE TABLE `craft_users` (
  `id` int(11) NOT NULL,
  `username` varchar(100) COLLATE utf8_unicode_ci NOT NULL,
  `photo` varchar(100) COLLATE utf8_unicode_ci DEFAULT NULL,
  `firstName` varchar(100) COLLATE utf8_unicode_ci DEFAULT NULL,
  `lastName` varchar(100) COLLATE utf8_unicode_ci DEFAULT NULL,
  `email` varchar(255) COLLATE utf8_unicode_ci NOT NULL,
  `password` char(255) COLLATE utf8_unicode_ci DEFAULT NULL,
  `preferredLocale` char(12) COLLATE utf8_unicode_ci DEFAULT NULL,
  `weekStartDay` tinyint(4) NOT NULL DEFAULT '0',
  `admin` tinyint(1) unsigned NOT NULL DEFAULT '0',
  `client` tinyint(1) unsigned NOT NULL DEFAULT '0',
  `locked` tinyint(1) NOT NULL,
  `suspended` tinyint(1) NOT NULL,
  `pending` tinyint(1) NOT NULL,
  `archived` tinyint(1) NOT NULL,
  `lastLoginDate` datetime DEFAULT NULL,
  `lastLoginAttemptIPAddress` varchar(45) COLLATE utf8_unicode_ci DEFAULT NULL,
  `invalidLoginWindowStart` datetime DEFAULT NULL,
  `invalidLoginCount` tinyint(4) unsigned DEFAULT NULL,
  `lastInvalidLoginDate` datetime DEFAULT NULL,
  `lockoutDate` datetime DEFAULT NULL,
  `verificationCode` char(100) COLLATE utf8_unicode_ci DEFAULT NULL,
  `verificationCodeIssuedDate` datetime DEFAULT NULL,
  `unverifiedEmail` varchar(255) COLLATE utf8_unicode_ci DEFAULT NULL,
  `passwordResetRequired` tinyint(1) unsigned NOT NULL DEFAULT '0',
  `lastPasswordChangeDate` datetime DEFAULT NULL,
  `dateCreated` datetime NOT NULL,
  `dateUpdated` datetime NOT NULL,
  `uid` char(36) COLLATE utf8_unicode_ci NOT NULL DEFAULT '0',
  PRIMARY KEY (`id`),
  UNIQUE KEY `craft_users_username_unq_idx` (`username`),
  UNIQUE KEY `craft_users_email_unq_idx` (`email`),
  KEY `craft_users_verificationCode_idx` (`verificationCode`),
  KEY `craft_users_uid_idx` (`uid`),
  KEY `craft_users_preferredLocale_fk` (`preferredLocale`),
  CONSTRAINT `craft_users_id_fk` FOREIGN KEY (`id`) REFERENCES `craft_elements` (`id`) ON DELETE CASCADE,
  CONSTRAINT `craft_users_preferredLocale_fk` FOREIGN KEY (`preferredLocale`) REFERENCES `craft_locales` (`locale`) ON DELETE SET NULL ON UPDATE CASCADE
) ENGINE=InnoDB DEFAULT CHARSET=utf8 COLLATE=utf8_unicode_ci;
/*!40101 SET character_set_client = @saved_cs_client */;

--
-- Dumping data for table `craft_users`
--

LOCK TABLES `craft_users` WRITE;
/*!40000 ALTER TABLE `craft_users` DISABLE KEYS */;
SET autocommit=0;
INSERT INTO `craft_users` VALUES (1,'mustasj',NULL,'','','dev@mustasj.no','$2a$13$ueUykLaKp5jkSmJiy2E8D.kZ11QHma2O3O4mUODIkLt1e5w5OVG4W',NULL,1,1,0,0,0,0,0,'2017-02-21 11:56:28','127.0.0.1',NULL,NULL,'2017-02-09 14:20:37',NULL,NULL,NULL,NULL,0,'2014-10-08 10:49:48','2014-10-08 10:49:48','2017-02-21 11:56:28','1381d236-993f-4cd9-81bf-e97ced9e7789');
/*!40000 ALTER TABLE `craft_users` ENABLE KEYS */;
UNLOCK TABLES;
COMMIT;

--
-- Table structure for table `craft_widgets`
--

/*!40101 SET @saved_cs_client     = @@character_set_client */;
/*!40101 SET character_set_client = utf8 */;
CREATE TABLE `craft_widgets` (
  `id` int(11) NOT NULL AUTO_INCREMENT,
  `userId` int(11) NOT NULL,
  `type` varchar(150) COLLATE utf8_unicode_ci NOT NULL,
  `sortOrder` smallint(6) unsigned DEFAULT NULL,
  `colspan` tinyint(4) unsigned DEFAULT NULL,
  `settings` text COLLATE utf8_unicode_ci,
  `enabled` tinyint(1) unsigned NOT NULL DEFAULT '1',
  `dateCreated` datetime NOT NULL,
  `dateUpdated` datetime NOT NULL,
  `uid` char(36) COLLATE utf8_unicode_ci NOT NULL DEFAULT '0',
  PRIMARY KEY (`id`),
  KEY `craft_widgets_userId_fk` (`userId`),
  CONSTRAINT `craft_widgets_userId_fk` FOREIGN KEY (`userId`) REFERENCES `craft_users` (`id`) ON DELETE CASCADE
) ENGINE=InnoDB AUTO_INCREMENT=9 DEFAULT CHARSET=utf8 COLLATE=utf8_unicode_ci;
/*!40101 SET character_set_client = @saved_cs_client */;

--
-- Dumping data for table `craft_widgets`
--

LOCK TABLES `craft_widgets` WRITE;
/*!40000 ALTER TABLE `craft_widgets` DISABLE KEYS */;
SET autocommit=0;
INSERT INTO `craft_widgets` VALUES (1,1,'QuickPost',1,NULL,'{\"section\":\"2\"}',0,'2014-10-08 10:52:10','2016-01-19 15:34:32','262b9070-0bab-4f6d-b428-4eae106b5cd8'),(2,1,'RecentEntries',2,NULL,NULL,1,'2014-10-08 10:52:10','2014-10-08 10:52:10','a60fa7d3-9e67-413e-87ed-e32498493920'),(3,1,'GetHelp',3,NULL,NULL,0,'2014-10-08 10:52:10','2017-02-21 11:57:39','95bf3c4f-3127-4561-ac45-a6c63fb67036'),(4,1,'Updates',4,NULL,NULL,1,'2014-10-08 10:52:10','2014-10-08 10:52:10','e2d736fe-350e-4db5-b1fc-f8abde34e266'),(5,1,'Feed',5,NULL,'{\"url\":\"https:\\/\\/craftcms.com\\/news.rss\",\"title\":\"Craft News\"}',0,'2014-10-08 10:52:10','2017-02-21 11:57:44','f9d6ff3f-5305-48c7-9f64-734b67436d7b'),(6,1,'Maintenance',6,NULL,'{\"title\":\"Announcements\",\"limit\":\"5\"}',0,'2016-02-24 13:36:15','2016-02-24 13:36:47','a239f863-e7eb-4ccd-95fe-993ac358ae3c'),(7,1,'Maintenance',7,NULL,'{\"title\":\"Announcements\",\"limit\":\"\"}',0,'2016-02-26 13:54:07','2016-02-26 13:54:14','42e2fb09-1170-407a-b733-443fcfdcd7e1'),(8,1,'QuickPost',8,NULL,'{\"section\":\"5\",\"entryType\":\"\",\"fields\":[\"127\"]}',0,'2017-02-21 11:58:01','2017-02-21 11:58:24','9bffbcbd-0a83-4e20-b603-ae13b7f73141');
/*!40000 ALTER TABLE `craft_widgets` ENABLE KEYS */;
UNLOCK TABLES;
COMMIT;

/*!40103 SET TIME_ZONE=@OLD_TIME_ZONE */;
/*!40101 SET SQL_MODE=@OLD_SQL_MODE */;
/*!40014 SET FOREIGN_KEY_CHECKS=@OLD_FOREIGN_KEY_CHECKS */;
/*!40014 SET UNIQUE_CHECKS=@OLD_UNIQUE_CHECKS */;
/*!40101 SET CHARACTER_SET_CLIENT=@OLD_CHARACTER_SET_CLIENT */;
/*!40101 SET CHARACTER_SET_RESULTS=@OLD_CHARACTER_SET_RESULTS */;
/*!40101 SET COLLATION_CONNECTION=@OLD_COLLATION_CONNECTION */;
/*!40111 SET SQL_NOTES=@OLD_SQL_NOTES */;

-- Dump completed on: Tue, 28 Feb 2017 17:19:58 +0000
