-- Generated by Craft v2.6.2959 on 02:03:02 14. feb. 2017.

--
-- Disable foreign key checks and autocommit.
--

SET FOREIGN_KEY_CHECKS = 0;
SET SQL_MODE = "NO_AUTO_VALUE_ON_ZERO";
SET AUTOCOMMIT = 0;
SET NAMES utf8;


DROP TABLE IF EXISTS `craft_amnav_navs`;


--
-- Schema for table `craft_amnav_navs`
--
CREATE TABLE `craft_amnav_navs` (
  `id` int(11) NOT NULL AUTO_INCREMENT,
  `name` varchar(255) COLLATE utf8_unicode_ci NOT NULL,
  `handle` varchar(255) COLLATE utf8_unicode_ci NOT NULL,
  `settings` text COLLATE utf8_unicode_ci,
  `dateCreated` datetime NOT NULL,
  `dateUpdated` datetime NOT NULL,
  `uid` char(36) COLLATE utf8_unicode_ci NOT NULL DEFAULT '0',
  PRIMARY KEY (`id`),
  UNIQUE KEY `craft_amnav_navs_handle_unq_idx` (`handle`)
) ENGINE=InnoDB DEFAULT CHARSET=utf8 COLLATE=utf8_unicode_ci;

DROP TABLE IF EXISTS `craft_amnav_nodes`;


--
-- Schema for table `craft_amnav_nodes`
--
CREATE TABLE `craft_amnav_nodes` (
  `id` int(11) NOT NULL AUTO_INCREMENT,
  `navId` int(11) NOT NULL,
  `parentId` int(11) DEFAULT NULL,
  `order` int(11) DEFAULT '0',
  `name` varchar(255) COLLATE utf8_unicode_ci NOT NULL,
  `url` varchar(255) COLLATE utf8_unicode_ci DEFAULT NULL,
  `listClass` varchar(255) COLLATE utf8_unicode_ci DEFAULT NULL,
  `blank` tinyint(1) unsigned NOT NULL DEFAULT '0',
  `enabled` tinyint(1) unsigned NOT NULL DEFAULT '1',
  `elementId` int(11) DEFAULT NULL,
  `elementType` varchar(255) COLLATE utf8_unicode_ci DEFAULT NULL,
  `locale` char(12) COLLATE utf8_unicode_ci DEFAULT NULL,
  `dateCreated` datetime NOT NULL,
  `dateUpdated` datetime NOT NULL,
  `uid` char(36) COLLATE utf8_unicode_ci NOT NULL DEFAULT '0',
  PRIMARY KEY (`id`),
  KEY `craft_amnav_nodes_elementId_elementType_locale_idx` (`elementId`,`elementType`,`locale`)
) ENGINE=InnoDB DEFAULT CHARSET=utf8 COLLATE=utf8_unicode_ci;

DROP TABLE IF EXISTS `craft_assetfiles`;


--
-- Schema for table `craft_assetfiles`
--
CREATE TABLE `craft_assetfiles` (
  `id` int(11) NOT NULL,
  `sourceId` int(11) DEFAULT NULL,
  `folderId` int(11) NOT NULL,
  `filename` varchar(255) COLLATE utf8_unicode_ci NOT NULL,
  `kind` varchar(50) COLLATE utf8_unicode_ci NOT NULL DEFAULT 'unknown',
  `width` int(11) unsigned DEFAULT NULL,
  `height` int(11) unsigned DEFAULT NULL,
  `size` bigint(20) unsigned DEFAULT NULL,
  `dateModified` datetime DEFAULT NULL,
  `dateCreated` datetime NOT NULL,
  `dateUpdated` datetime NOT NULL,
  `uid` char(36) COLLATE utf8_unicode_ci NOT NULL DEFAULT '0',
  PRIMARY KEY (`id`),
  UNIQUE KEY `craft_assetfiles_filename_folderId_unq_idx` (`filename`,`folderId`),
  KEY `craft_assetfiles_sourceId_fk` (`sourceId`),
  KEY `craft_assetfiles_folderId_fk` (`folderId`)
) ENGINE=InnoDB DEFAULT CHARSET=utf8 COLLATE=utf8_unicode_ci;

--
-- Data for table `craft_assetfiles`
--

INSERT INTO `craft_assetfiles` (`id`, `sourceId`, `folderId`, `filename`, `kind`, `width`, `height`, `size`, `dateModified`, `dateCreated`, `dateUpdated`, `uid`) VALUES
 ('6', '1', '1', 'DSC8592.jpg', 'image', '4256', '2832', '751542', '2017-02-10 15:59:56', '2017-02-10 15:59:56', '2017-02-10 15:59:56', '23aff8d3-2ea2-4cae-926f-fba950f10758'),
 ('7', '1', '1', 'DSC8599.jpg', 'image', '4097', '2726', '623860', '2017-02-10 15:59:58', '2017-02-10 15:59:58', '2017-02-10 15:59:58', '677c2450-a68c-4aa8-8d83-f21570a409d9'),
 ('8', '2', '2', 'DSC8592.jpg', 'image', '4256', '2832', '751542', '2017-02-10 16:06:02', '2017-02-10 16:06:03', '2017-02-10 16:06:03', '9a3f6459-b247-4238-8c7a-44e87828f614'),
 ('9', '2', '2', 'DSC8599.jpg', 'image', '4097', '2726', '623860', '2017-02-10 16:06:04', '2017-02-10 16:06:04', '2017-02-10 16:06:04', '86f2397e-a11f-4a63-9d6e-4f568d9a8b1a'),
 ('15', '7', '7', 'clock.svg', 'image', '59', '59', '2660', '2017-02-11 01:29:53', '2017-02-11 01:29:54', '2017-02-11 01:29:54', '62400019-ffd2-4e06-9aef-355369762727'),
 ('16', '7', '7', 'icon-booking.svg', 'image', '88', '50', '1977', '2017-02-11 23:41:30', '2017-02-11 23:41:31', '2017-02-11 23:41:31', 'cd57c7ef-53a0-4144-aa93-58b5be7c894d'),
 ('27', '7', '7', 'icon-search.svg', 'image', '63', '63', '628', '2017-02-13 15:17:01', '2017-02-13 15:17:03', '2017-02-13 15:17:03', 'fd15b0cb-1550-4f81-a7fe-72cf92d78ca8'),
 ('28', '7', '7', 'icon-silhouette.svg', 'image', '122', '320', '1470', '2017-02-13 15:17:04', '2017-02-13 15:17:05', '2017-02-13 15:17:05', '80cd4ac2-0acf-4742-aa25-5166783796a5'),
 ('29', '7', '7', 'icon-soup.svg', 'image', '79', '89', '3514', '2017-02-13 15:17:05', '2017-02-13 15:17:07', '2017-02-13 15:17:07', '659bd6b7-ad91-4895-b12a-643cab912fbc');



DROP TABLE IF EXISTS `craft_assetfolders`;


--
-- Schema for table `craft_assetfolders`
--
CREATE TABLE `craft_assetfolders` (
  `id` int(11) NOT NULL AUTO_INCREMENT,
  `parentId` int(11) DEFAULT NULL,
  `sourceId` int(11) DEFAULT NULL,
  `name` varchar(255) COLLATE utf8_unicode_ci NOT NULL,
  `path` varchar(255) COLLATE utf8_unicode_ci DEFAULT NULL,
  `dateCreated` datetime NOT NULL,
  `dateUpdated` datetime NOT NULL,
  `uid` char(36) COLLATE utf8_unicode_ci NOT NULL DEFAULT '0',
  PRIMARY KEY (`id`),
  UNIQUE KEY `craft_assetfolders_name_parentId_sourceId_unq_idx` (`name`,`parentId`,`sourceId`),
  KEY `craft_assetfolders_parentId_fk` (`parentId`),
  KEY `craft_assetfolders_sourceId_fk` (`sourceId`)
) ENGINE=InnoDB AUTO_INCREMENT=8 DEFAULT CHARSET=utf8 COLLATE=utf8_unicode_ci;

--
-- Data for table `craft_assetfolders`
--

INSERT INTO `craft_assetfolders` (`id`, `parentId`, `sourceId`, `name`, `path`, `dateCreated`, `dateUpdated`, `uid`) VALUES
 ('1', NULL, '1', 'Bilder', '', '2015-10-23 11:09:33', '2015-10-23 11:09:33', 'f3142658-3fb9-4b94-92e5-763bed9dc7d7'),
 ('2', NULL, '2', 'Restauranten', '', '2017-02-10 16:02:27', '2017-02-10 16:02:27', 'fd3cd70a-13fb-41ef-a9a7-7c10e69bd9ce'),
 ('3', NULL, '3', 'Kongen', '', '2017-02-10 16:03:48', '2017-02-10 16:03:48', '67558ae5-2ba4-4d87-8cc4-c8120b8c1994'),
 ('4', NULL, '4', 'Dronningen', '', '2017-02-10 16:04:31', '2017-02-10 16:04:31', 'e5efab7f-bc39-4240-a939-4bcc8afd0e61'),
 ('5', NULL, '5', 'Krompen', '', '2017-02-10 16:05:03', '2017-02-10 16:05:03', '05a7d9ae-e56d-47d0-bcff-5f85ce4a20cd'),
 ('6', NULL, '6', 'Haubitz', '', '2017-02-10 16:05:27', '2017-02-10 16:05:27', '8b03feb8-e9ef-4cd5-bedf-b22f90533cb4'),
 ('7', NULL, '7', 'Ikoner', '', '2017-02-11 01:16:20', '2017-02-11 01:16:20', 'eec0175a-5ae9-4acc-9e15-2e164bd9a026');



DROP TABLE IF EXISTS `craft_assetindexdata`;


--
-- Schema for table `craft_assetindexdata`
--
CREATE TABLE `craft_assetindexdata` (
  `id` int(11) NOT NULL AUTO_INCREMENT,
  `sessionId` varchar(36) COLLATE utf8_unicode_ci NOT NULL DEFAULT '',
  `sourceId` int(10) NOT NULL,
  `offset` int(10) NOT NULL,
  `uri` text COLLATE utf8_unicode_ci,
  `size` bigint(20) unsigned DEFAULT NULL,
  `recordId` int(10) DEFAULT NULL,
  `dateCreated` datetime NOT NULL,
  `dateUpdated` datetime NOT NULL,
  `uid` char(36) COLLATE utf8_unicode_ci NOT NULL DEFAULT '0',
  PRIMARY KEY (`id`),
  UNIQUE KEY `craft_assetindexdata_sessionId_sourceId_offset_unq_idx` (`sessionId`,`sourceId`,`offset`),
  KEY `craft_assetindexdata_sourceId_fk` (`sourceId`)
) ENGINE=InnoDB DEFAULT CHARSET=utf8 COLLATE=utf8_unicode_ci;

DROP TABLE IF EXISTS `craft_assetsources`;


--
-- Schema for table `craft_assetsources`
--
CREATE TABLE `craft_assetsources` (
  `id` int(11) NOT NULL AUTO_INCREMENT,
  `name` varchar(255) COLLATE utf8_unicode_ci NOT NULL,
  `handle` varchar(255) COLLATE utf8_unicode_ci NOT NULL,
  `type` varchar(150) COLLATE utf8_unicode_ci NOT NULL,
  `settings` text COLLATE utf8_unicode_ci,
  `sortOrder` smallint(6) unsigned DEFAULT NULL,
  `fieldLayoutId` int(10) DEFAULT NULL,
  `dateCreated` datetime NOT NULL,
  `dateUpdated` datetime NOT NULL,
  `uid` char(36) COLLATE utf8_unicode_ci NOT NULL DEFAULT '0',
  PRIMARY KEY (`id`),
  UNIQUE KEY `craft_assetsources_name_unq_idx` (`name`),
  UNIQUE KEY `craft_assetsources_handle_unq_idx` (`handle`),
  KEY `craft_assetsources_fieldLayoutId_fk` (`fieldLayoutId`)
) ENGINE=InnoDB AUTO_INCREMENT=8 DEFAULT CHARSET=utf8 COLLATE=utf8_unicode_ci;

--
-- Data for table `craft_assetsources`
--

INSERT INTO `craft_assetsources` (`id`, `name`, `handle`, `type`, `settings`, `sortOrder`, `fieldLayoutId`, `dateCreated`, `dateUpdated`, `uid`) VALUES
 ('1', 'Bilder', 'bilder', 'Local', '{\"path\":\"dynamic\\/upload\\/bilder\\/\",\"publicURLs\":\"1\",\"url\":\"{cdnUrl}dynamic\\/upload\\/bilder\\/\"}', '1', '35', '2015-10-23 11:09:33', '2016-06-08 08:27:39', '5d69cfc0-d339-4cdc-a766-5021734e479a'),
 ('2', 'Restauranten', 'restauranten', 'Local', '{\"path\":\"dynamic\\/upload\\/bilder\\/restauranten\\/\",\"publicURLs\":\"1\",\"url\":\"{cdnUrl}dynamic\\/upload\\/bilder\\/restauranten\\/\"}', '2', '65', '2017-02-10 16:02:27', '2017-02-11 17:10:41', '2bbebdf9-4d2d-4fb5-b808-20f5c4807dd7'),
 ('3', 'Kongen', 'kongen', 'Local', '{\"path\":\"dynamic\\/upload\\/bilder\\/kongen\\/\",\"publicURLs\":\"1\",\"url\":\"{cdnUrl}dynamic\\/upload\\/bilder\\/kongen\\/\"}', '3', '46', '2017-02-10 16:03:48', '2017-02-10 16:03:48', '4cf3f1a9-35b2-489d-a29e-9754a20f616c'),
 ('4', 'Dronningen', 'dronningen', 'Local', '{\"path\":\"dynamic\\/upload\\/bilder\\/dronningen\\/\",\"publicURLs\":\"1\",\"url\":\"{cdnUrl}dynamic\\/upload\\/bilder\\/dronningen\\/\"}', '4', '47', '2017-02-10 16:04:31', '2017-02-10 16:04:31', '19c5390b-90e3-4122-a173-f9e30fc96f75'),
 ('5', 'Krompen', 'krompen', 'Local', '{\"path\":\"dynamic\\/upload\\/bilder\\/krompen\\/\",\"publicURLs\":\"1\",\"url\":\"{cdnUrl}dynamic\\/upload\\/bilder\\/krompen\\/\"}', '5', '48', '2017-02-10 16:05:03', '2017-02-10 16:05:03', 'ce545dc1-98c9-4bf1-a0df-8fe69cb8f399'),
 ('6', 'Haubitz', 'haubitz', 'Local', '{\"path\":\"dynamic\\/upload\\/bilder\\/haubitz\\/\",\"publicURLs\":\"1\",\"url\":\"{cdnUrl}dynamic\\/upload\\/bilder\\/haubitz\\/\"}', '6', '49', '2017-02-10 16:05:27', '2017-02-10 16:05:27', '246db442-8f7f-4966-92aa-7769c7bfe82d'),
 ('7', 'Ikoner', 'ikoner', 'Local', '{\"path\":\"dynamic\\/upload\\/bilder\\/ikoner\\/\",\"publicURLs\":\"1\",\"url\":\"{cdnUrl}dynamic\\/upload\\/bilder\\/ikoner\\/\"}', '7', '63', '2017-02-11 01:16:20', '2017-02-11 01:16:20', 'aea54c85-ca53-415c-80e4-76b8578cd6c0');



DROP TABLE IF EXISTS `craft_assettransformindex`;


--
-- Schema for table `craft_assettransformindex`
--
CREATE TABLE `craft_assettransformindex` (
  `id` int(11) NOT NULL AUTO_INCREMENT,
  `fileId` int(11) NOT NULL,
  `filename` varchar(255) COLLATE utf8_unicode_ci DEFAULT NULL,
  `format` varchar(255) COLLATE utf8_unicode_ci DEFAULT NULL,
  `location` varchar(255) COLLATE utf8_unicode_ci NOT NULL,
  `sourceId` int(11) DEFAULT NULL,
  `fileExists` tinyint(1) DEFAULT NULL,
  `inProgress` tinyint(1) DEFAULT NULL,
  `dateIndexed` datetime DEFAULT NULL,
  `dateCreated` datetime NOT NULL,
  `dateUpdated` datetime NOT NULL,
  `uid` char(36) COLLATE utf8_unicode_ci NOT NULL DEFAULT '0',
  PRIMARY KEY (`id`),
  KEY `craft_assettransformindex_sourceId_fileId_location_idx` (`sourceId`,`fileId`,`location`)
) ENGINE=InnoDB AUTO_INCREMENT=2 DEFAULT CHARSET=utf8 COLLATE=utf8_unicode_ci;

DROP TABLE IF EXISTS `craft_assettransforms`;


--
-- Schema for table `craft_assettransforms`
--
CREATE TABLE `craft_assettransforms` (
  `id` int(11) NOT NULL AUTO_INCREMENT,
  `name` varchar(255) COLLATE utf8_unicode_ci NOT NULL,
  `handle` varchar(255) COLLATE utf8_unicode_ci NOT NULL,
  `mode` enum('stretch','fit','crop') COLLATE utf8_unicode_ci NOT NULL DEFAULT 'crop',
  `position` enum('top-left','top-center','top-right','center-left','center-center','center-right','bottom-left','bottom-center','bottom-right') COLLATE utf8_unicode_ci NOT NULL DEFAULT 'center-center',
  `height` int(10) DEFAULT NULL,
  `width` int(10) DEFAULT NULL,
  `format` varchar(255) COLLATE utf8_unicode_ci DEFAULT NULL,
  `quality` int(10) DEFAULT NULL,
  `dimensionChangeTime` datetime DEFAULT NULL,
  `dateCreated` datetime NOT NULL,
  `dateUpdated` datetime NOT NULL,
  `uid` char(36) COLLATE utf8_unicode_ci NOT NULL DEFAULT '0',
  PRIMARY KEY (`id`),
  UNIQUE KEY `craft_assettransforms_name_unq_idx` (`name`),
  UNIQUE KEY `craft_assettransforms_handle_unq_idx` (`handle`)
) ENGINE=InnoDB DEFAULT CHARSET=utf8 COLLATE=utf8_unicode_ci;

DROP TABLE IF EXISTS `craft_categories`;


--
-- Schema for table `craft_categories`
--
CREATE TABLE `craft_categories` (
  `id` int(11) NOT NULL,
  `groupId` int(11) NOT NULL,
  `dateCreated` datetime NOT NULL,
  `dateUpdated` datetime NOT NULL,
  `uid` char(36) COLLATE utf8_unicode_ci NOT NULL DEFAULT '0',
  PRIMARY KEY (`id`),
  KEY `craft_categories_groupId_fk` (`groupId`)
) ENGINE=InnoDB DEFAULT CHARSET=utf8 COLLATE=utf8_unicode_ci;

DROP TABLE IF EXISTS `craft_categorygroups`;


--
-- Schema for table `craft_categorygroups`
--
CREATE TABLE `craft_categorygroups` (
  `id` int(11) NOT NULL AUTO_INCREMENT,
  `structureId` int(11) NOT NULL,
  `fieldLayoutId` int(11) DEFAULT NULL,
  `name` varchar(255) COLLATE utf8_unicode_ci NOT NULL,
  `handle` varchar(255) COLLATE utf8_unicode_ci NOT NULL,
  `hasUrls` tinyint(1) unsigned NOT NULL DEFAULT '1',
  `template` varchar(500) COLLATE utf8_unicode_ci DEFAULT NULL,
  `dateCreated` datetime NOT NULL,
  `dateUpdated` datetime NOT NULL,
  `uid` char(36) COLLATE utf8_unicode_ci NOT NULL DEFAULT '0',
  PRIMARY KEY (`id`),
  UNIQUE KEY `craft_categorygroups_name_unq_idx` (`name`),
  UNIQUE KEY `craft_categorygroups_handle_unq_idx` (`handle`),
  KEY `craft_categorygroups_structureId_fk` (`structureId`),
  KEY `craft_categorygroups_fieldLayoutId_fk` (`fieldLayoutId`)
) ENGINE=InnoDB DEFAULT CHARSET=utf8 COLLATE=utf8_unicode_ci;

DROP TABLE IF EXISTS `craft_categorygroups_i18n`;


--
-- Schema for table `craft_categorygroups_i18n`
--
CREATE TABLE `craft_categorygroups_i18n` (
  `id` int(11) NOT NULL AUTO_INCREMENT,
  `groupId` int(11) NOT NULL,
  `locale` char(12) COLLATE utf8_unicode_ci NOT NULL,
  `urlFormat` text COLLATE utf8_unicode_ci,
  `nestedUrlFormat` text COLLATE utf8_unicode_ci,
  `dateCreated` datetime NOT NULL,
  `dateUpdated` datetime NOT NULL,
  `uid` char(36) COLLATE utf8_unicode_ci NOT NULL DEFAULT '0',
  PRIMARY KEY (`id`),
  UNIQUE KEY `craft_categorygroups_i18n_groupId_locale_unq_idx` (`groupId`,`locale`),
  KEY `craft_categorygroups_i18n_locale_fk` (`locale`)
) ENGINE=InnoDB DEFAULT CHARSET=utf8 COLLATE=utf8_unicode_ci;

DROP TABLE IF EXISTS `craft_content`;


--
-- Schema for table `craft_content`
--
CREATE TABLE `craft_content` (
  `id` int(11) NOT NULL AUTO_INCREMENT,
  `elementId` int(11) NOT NULL,
  `locale` char(12) COLLATE utf8_unicode_ci NOT NULL,
  `title` varchar(255) COLLATE utf8_unicode_ci DEFAULT NULL,
  `field_fokuspunkt` varchar(255) COLLATE utf8_unicode_ci DEFAULT NULL,
  `field_alt` text COLLATE utf8_unicode_ci,
  `field_rikTekst` text COLLATE utf8_unicode_ci,
  `field_renTekst` text COLLATE utf8_unicode_ci,
  `field_tittel` text COLLATE utf8_unicode_ci,
  `field_defaultField1` text COLLATE utf8_unicode_ci,
  `field_bildeposisjon` varchar(255) COLLATE utf8_unicode_ci DEFAULT NULL,
  `field_tekstposisjon` varchar(255) COLLATE utf8_unicode_ci DEFAULT NULL,
  `field_bildetekst` text COLLATE utf8_unicode_ci,
  `field_mellomrom` varchar(255) COLLATE utf8_unicode_ci DEFAULT 'begge',
  `field_bildetekstChkbox` tinyint(1) unsigned NOT NULL DEFAULT '0',
  `field_bildeChkbox` tinyint(1) unsigned NOT NULL DEFAULT '0',
  `field_tekstChkbox` tinyint(1) unsigned NOT NULL DEFAULT '0',
  `dateCreated` datetime NOT NULL,
  `dateUpdated` datetime NOT NULL,
  `uid` char(36) COLLATE utf8_unicode_ci NOT NULL DEFAULT '0',
  PRIMARY KEY (`id`),
  UNIQUE KEY `craft_content_elementId_locale_unq_idx` (`elementId`,`locale`),
  KEY `craft_content_title_idx` (`title`),
  KEY `craft_content_locale_fk` (`locale`)
) ENGINE=InnoDB AUTO_INCREMENT=21 DEFAULT CHARSET=utf8 COLLATE=utf8_unicode_ci;

--
-- Data for table `craft_content`
--

INSERT INTO `craft_content` (`id`, `elementId`, `locale`, `title`, `field_fokuspunkt`, `field_alt`, `field_rikTekst`, `field_renTekst`, `field_tittel`, `field_defaultField1`, `field_bildeposisjon`, `field_tekstposisjon`, `field_bildetekst`, `field_mellomrom`, `field_bildetekstChkbox`, `field_bildeChkbox`, `field_tekstChkbox`, `dateCreated`, `dateUpdated`, `uid`) VALUES
 ('1', '1', 'nb_no', NULL, NULL, NULL, NULL, NULL, NULL, NULL, NULL, NULL, NULL, NULL, '0', '0', '0', '2014-10-08 10:49:48', '2016-03-23 14:49:38', '22bdfcbe-634e-4e2b-aa58-5153c4ae4ef9'),
 ('2', '2', 'nb_no', 'Forside', NULL, NULL, '<p>På historiske Kristiansten festning i Trondheim ligger <strong>Restaurant Kommandanten</strong> i den gamle kommandant-boligen.</p>', NULL, 'Festningen servering og kulturarena', NULL, NULL, NULL, NULL, NULL, '0', '0', '0', '2017-02-10 15:29:45', '2017-02-14 02:02:47', 'd6ca2150-f1fe-43cb-8385-067cc8c01b13'),
 ('3', '3', 'nb_no', 'Restaurant', NULL, NULL, NULL, NULL, NULL, NULL, NULL, NULL, NULL, NULL, '0', '0', '0', '2017-02-10 15:30:01', '2017-02-10 15:30:01', '2de41c30-d3e4-4900-b8ac-c0b825607f0a'),
 ('4', '4', 'nb_no', 'Selskap', NULL, NULL, NULL, NULL, NULL, NULL, NULL, NULL, NULL, NULL, '0', '0', '0', '2017-02-10 15:30:11', '2017-02-10 15:30:11', 'b64aba46-1ddf-4115-9465-311d19ab8ff9'),
 ('5', '5', 'nb_no', 'Kristiansten festning', NULL, NULL, NULL, NULL, NULL, NULL, NULL, NULL, NULL, NULL, '0', '0', '0', '2017-02-10 15:30:28', '2017-02-10 15:30:28', '119ff3d7-090c-4631-b2dd-a9d5f861c0c5'),
 ('6', '6', 'nb_no', 'Dsc8592', NULL, NULL, NULL, NULL, NULL, NULL, NULL, NULL, NULL, NULL, '0', '0', '0', '2017-02-10 15:59:56', '2017-02-10 15:59:56', 'e65593a4-01e6-46cc-9df2-c92888790c93'),
 ('7', '7', 'nb_no', 'Dsc8599', NULL, NULL, NULL, NULL, NULL, NULL, NULL, NULL, NULL, NULL, '0', '0', '0', '2017-02-10 15:59:58', '2017-02-10 15:59:58', '0027f69d-070a-4e86-ae96-e27597e123d6'),
 ('8', '8', 'nb_no', 'Dsc8592', '50.35% 67.35%', '', NULL, NULL, NULL, NULL, NULL, NULL, NULL, NULL, '0', '0', '0', '2017-02-10 16:06:03', '2017-02-11 17:11:21', '3af0565a-ad46-43d5-948a-0de65cb425e8'),
 ('9', '9', 'nb_no', 'Dsc8599', NULL, NULL, NULL, NULL, NULL, NULL, NULL, NULL, NULL, NULL, '0', '0', '0', '2017-02-10 16:06:04', '2017-02-10 16:06:04', '6d15ca0f-b6c7-450e-b539-f19b62e1b120'),
 ('11', '15', 'nb_no', 'Clock', NULL, NULL, NULL, NULL, NULL, NULL, NULL, NULL, NULL, NULL, '0', '0', '0', '2017-02-11 01:29:54', '2017-02-11 01:29:54', 'd9b01d02-ff0a-4cc4-9448-793edc41931a'),
 ('12', '16', 'nb_no', 'Icon Booking', NULL, NULL, NULL, NULL, NULL, NULL, NULL, NULL, NULL, NULL, '0', '0', '0', '2017-02-11 23:41:31', '2017-02-11 23:41:31', '741e6559-74cd-4bc5-b026-3201172b1bea'),
 ('14', '27', 'nb_no', 'Icon Search', NULL, NULL, NULL, NULL, NULL, NULL, NULL, NULL, NULL, NULL, '0', '0', '0', '2017-02-13 15:17:03', '2017-02-13 15:17:03', '46be460f-43d4-4847-863c-bb90842dd40c'),
 ('15', '28', 'nb_no', 'Icon Silhouette', NULL, NULL, NULL, NULL, NULL, NULL, NULL, NULL, NULL, NULL, '0', '0', '0', '2017-02-13 15:17:05', '2017-02-13 15:17:05', 'a0fe43d0-0d9f-4953-8989-9b377f0df88d'),
 ('16', '29', 'nb_no', 'Icon Soup', NULL, NULL, NULL, NULL, NULL, NULL, NULL, NULL, NULL, NULL, '0', '0', '0', '2017-02-13 15:17:07', '2017-02-13 15:17:07', 'cb6f838e-8a68-4c0d-8026-d8392cd9ddbe'),
 ('18', '34', 'nb_no', NULL, NULL, NULL, NULL, NULL, NULL, NULL, NULL, NULL, NULL, NULL, '0', '0', '0', '2017-02-13 23:12:10', '2017-02-13 23:12:10', '58ba91bd-2117-47cf-9b56-9d9e02812a39'),
 ('19', '37', 'nb_no', NULL, NULL, NULL, '<h2>Restauranten</h2><p>Lorem ipsum dolor sit amet</p>', NULL, NULL, NULL, 'right', 'left', '', 'begge', '0', '1', '1', '2017-02-14 02:00:52', '2017-02-14 02:02:25', 'a50da08a-3030-46a2-a6d7-9780d2d15cb3'),
 ('20', '38', 'nb_no', NULL, NULL, NULL, '<h2>Restauranten</h2><p><br />Lorem ipsum dolor sit amet</p>', NULL, NULL, NULL, 'left', 'left', '', 'begge', '0', '1', '0', '2017-02-14 02:00:52', '2017-02-14 02:02:25', 'b4c6f468-c81b-4af8-bb4a-a6c5e42aafa8');



DROP TABLE IF EXISTS `craft_cpnav_layouts`;


--
-- Schema for table `craft_cpnav_layouts`
--
CREATE TABLE `craft_cpnav_layouts` (
  `id` int(11) NOT NULL AUTO_INCREMENT,
  `name` varchar(255) COLLATE utf8_unicode_ci DEFAULT NULL,
  `isDefault` tinyint(1) unsigned NOT NULL DEFAULT '0',
  `permissions` text COLLATE utf8_unicode_ci,
  `dateCreated` datetime NOT NULL,
  `dateUpdated` datetime NOT NULL,
  `uid` char(36) COLLATE utf8_unicode_ci NOT NULL DEFAULT '0',
  PRIMARY KEY (`id`)
) ENGINE=InnoDB AUTO_INCREMENT=2 DEFAULT CHARSET=utf8 COLLATE=utf8_unicode_ci;

--
-- Data for table `craft_cpnav_layouts`
--

INSERT INTO `craft_cpnav_layouts` (`id`, `name`, `isDefault`, `permissions`, `dateCreated`, `dateUpdated`, `uid`) VALUES
 ('1', 'Default', '1', NULL, '2015-10-25 12:33:16', '2015-10-25 12:33:16', '33b57956-f2e1-4083-8cab-fe3c86d701c2');



DROP TABLE IF EXISTS `craft_cpnav_navs`;


--
-- Schema for table `craft_cpnav_navs`
--
CREATE TABLE `craft_cpnav_navs` (
  `id` int(11) NOT NULL AUTO_INCREMENT,
  `layoutId` int(11) DEFAULT NULL,
  `handle` varchar(255) COLLATE utf8_unicode_ci DEFAULT NULL,
  `prevLabel` varchar(255) COLLATE utf8_unicode_ci DEFAULT NULL,
  `currLabel` varchar(255) COLLATE utf8_unicode_ci DEFAULT NULL,
  `enabled` tinyint(1) unsigned NOT NULL DEFAULT '1',
  `order` int(10) DEFAULT '0',
  `prevUrl` varchar(255) COLLATE utf8_unicode_ci DEFAULT NULL,
  `url` varchar(255) COLLATE utf8_unicode_ci DEFAULT NULL,
  `icon` varchar(255) COLLATE utf8_unicode_ci DEFAULT NULL,
  `customIcon` text COLLATE utf8_unicode_ci,
  `manualNav` tinyint(1) unsigned NOT NULL DEFAULT '0',
  `newWindow` tinyint(1) unsigned NOT NULL DEFAULT '0',
  `dateCreated` datetime NOT NULL,
  `dateUpdated` datetime NOT NULL,
  `uid` char(36) COLLATE utf8_unicode_ci NOT NULL DEFAULT '0',
  PRIMARY KEY (`id`),
  KEY `craft_cpnav_navs_layoutId_fk` (`layoutId`)
) ENGINE=InnoDB AUTO_INCREMENT=19 DEFAULT CHARSET=utf8 COLLATE=utf8_unicode_ci;

--
-- Data for table `craft_cpnav_navs`
--

INSERT INTO `craft_cpnav_navs` (`id`, `layoutId`, `handle`, `prevLabel`, `currLabel`, `enabled`, `order`, `prevUrl`, `url`, `icon`, `customIcon`, `manualNav`, `newWindow`, `dateCreated`, `dateUpdated`, `uid`) VALUES
 ('1', '1', 'dashboard', 'Kontrollpanel', 'Kontrollpanel', '1', '0', 'dashboard', 'dashboard', 'gauge', NULL, '0', '0', '2015-10-25 12:33:16', '2016-12-13 10:27:59', '8389e86d-0c7f-4ab2-ae0e-dbfc180a967b'),
 ('3', '1', 'assets', 'Filer', 'Filer', '1', '2', 'assets', 'assets', 'assets', NULL, '0', '0', '2015-10-25 12:33:16', '2016-12-13 10:28:01', 'e81b6a91-78f4-4302-9c73-99f416a526a0'),
 ('5', '1', 'settings', 'Innstillinger', 'Innstillinger', '1', '4', 'settings', 'settings', 'settings', NULL, '0', '0', '2016-01-19 15:33:51', '2016-12-13 10:28:08', '6fd29f8c-59cd-4003-835d-14a411012823'),
 ('15', '1', 'seomatic', 'SEOmatic', 'SEOmatic', '1', '4', 'seomatic', 'seomatic', 'iconSvg-seomatic', NULL, '0', '0', '2016-06-14 12:18:20', '2016-12-13 10:28:10', 'f22a3452-e1b2-4c14-86b5-7de93e35175f'),
 ('16', '1', 'entries', 'Artikler', 'Artikler', '1', '1', 'entries', 'entries', 'section', NULL, '0', '0', '2017-02-10 15:29:46', '2017-02-10 15:29:46', '97e0d61c-bf0d-43fe-b61d-dbbaf87d92a5'),
 ('17', '1', 'amnav', 'a&m nav', 'a&m nav', '1', '3', 'amnav', 'amnav', 'iconSvg-amnav', NULL, '0', '0', '2017-02-10 16:45:55', '2017-02-10 16:45:55', 'f7c41d95-77ad-46fd-a0a2-9281d8c053ef'),
 ('18', '1', 'sproutforms', 'Sprout Forms', 'Sprout Forms', '1', '5', 'sproutforms', 'sproutforms', 'iconSvg-sproutforms', NULL, '0', '0', '2017-02-13 13:39:02', '2017-02-13 13:39:02', 'c3b803f9-972e-4323-b597-4ccb349f6c93');



DROP TABLE IF EXISTS `craft_deprecationerrors`;


--
-- Schema for table `craft_deprecationerrors`
--
CREATE TABLE `craft_deprecationerrors` (
  `id` int(11) NOT NULL AUTO_INCREMENT,
  `key` varchar(255) COLLATE utf8_unicode_ci NOT NULL,
  `fingerprint` varchar(255) COLLATE utf8_unicode_ci NOT NULL,
  `lastOccurrence` datetime NOT NULL,
  `file` varchar(255) COLLATE utf8_unicode_ci NOT NULL,
  `line` smallint(6) unsigned NOT NULL,
  `class` varchar(255) COLLATE utf8_unicode_ci DEFAULT NULL,
  `method` varchar(255) COLLATE utf8_unicode_ci DEFAULT NULL,
  `template` varchar(255) COLLATE utf8_unicode_ci DEFAULT NULL,
  `templateLine` smallint(6) unsigned DEFAULT NULL,
  `message` varchar(255) COLLATE utf8_unicode_ci DEFAULT NULL,
  `traces` text COLLATE utf8_unicode_ci,
  `dateCreated` datetime NOT NULL,
  `dateUpdated` datetime NOT NULL,
  `uid` char(36) COLLATE utf8_unicode_ci NOT NULL DEFAULT '0',
  PRIMARY KEY (`id`),
  UNIQUE KEY `craft_deprecationerrors_key_fingerprint_unq_idx` (`key`,`fingerprint`)
) ENGINE=InnoDB DEFAULT CHARSET=utf8 COLLATE=utf8_unicode_ci;

DROP TABLE IF EXISTS `craft_elementindexsettings`;


--
-- Schema for table `craft_elementindexsettings`
--
CREATE TABLE `craft_elementindexsettings` (
  `id` int(11) NOT NULL AUTO_INCREMENT,
  `type` varchar(150) COLLATE utf8_unicode_ci NOT NULL,
  `settings` text COLLATE utf8_unicode_ci,
  `dateCreated` datetime NOT NULL,
  `dateUpdated` datetime NOT NULL,
  `uid` char(36) COLLATE utf8_unicode_ci NOT NULL DEFAULT '0',
  PRIMARY KEY (`id`),
  UNIQUE KEY `craft_elementindexsettings_type_unq_idx` (`type`)
) ENGINE=InnoDB DEFAULT CHARSET=utf8 COLLATE=utf8_unicode_ci;

DROP TABLE IF EXISTS `craft_elements`;


--
-- Schema for table `craft_elements`
--
CREATE TABLE `craft_elements` (
  `id` int(11) NOT NULL AUTO_INCREMENT,
  `type` varchar(150) COLLATE utf8_unicode_ci NOT NULL,
  `enabled` tinyint(1) unsigned NOT NULL DEFAULT '1',
  `archived` tinyint(1) unsigned NOT NULL DEFAULT '0',
  `dateCreated` datetime NOT NULL,
  `dateUpdated` datetime NOT NULL,
  `uid` char(36) COLLATE utf8_unicode_ci NOT NULL DEFAULT '0',
  PRIMARY KEY (`id`),
  KEY `craft_elements_type_idx` (`type`),
  KEY `craft_elements_enabled_idx` (`enabled`),
  KEY `craft_elements_archived_dateCreated_idx` (`archived`,`dateCreated`)
) ENGINE=InnoDB AUTO_INCREMENT=39 DEFAULT CHARSET=utf8 COLLATE=utf8_unicode_ci;

--
-- Data for table `craft_elements`
--

INSERT INTO `craft_elements` (`id`, `type`, `enabled`, `archived`, `dateCreated`, `dateUpdated`, `uid`) VALUES
 ('1', 'User', '1', '0', '2014-10-08 10:49:48', '2016-03-23 14:49:38', 'ffb29a05-dcce-4b95-85c8-cba0b3353fca'),
 ('2', 'Entry', '1', '0', '2017-02-10 15:29:45', '2017-02-14 02:02:47', '6a016481-1e9d-456f-812b-255cc187ff46'),
 ('3', 'Entry', '1', '0', '2017-02-10 15:30:01', '2017-02-10 15:30:01', 'eb7eecf6-95e4-4de9-82fb-b049b1b60f53'),
 ('4', 'Entry', '1', '0', '2017-02-10 15:30:11', '2017-02-10 15:30:11', '2227b0ce-63f8-4802-b0ea-666e2bcd005c'),
 ('5', 'Entry', '1', '0', '2017-02-10 15:30:28', '2017-02-10 15:30:28', '9890e5f7-00e3-4efd-96e4-809cc8b9851f'),
 ('6', 'Asset', '1', '0', '2017-02-10 15:59:56', '2017-02-10 15:59:56', 'bcaaffb2-9153-483b-89bf-a2f46405e3d9'),
 ('7', 'Asset', '1', '0', '2017-02-10 15:59:58', '2017-02-10 15:59:58', 'ea9da6c8-4d5e-4fb2-842c-81b304e92d01'),
 ('8', 'Asset', '1', '0', '2017-02-10 16:06:03', '2017-02-11 17:11:21', 'c84a3dc7-c37a-4e38-8104-2383ad1da2fc'),
 ('9', 'Asset', '1', '0', '2017-02-10 16:06:04', '2017-02-10 16:06:04', 'e2fb57dd-5977-4449-8b4d-84a60a441b1c'),
 ('10', 'MatrixBlock', '1', '0', '2017-02-10 16:12:46', '2017-02-14 02:02:47', 'c195184a-7fd0-4af3-a26b-de59359b212f'),
 ('11', 'MatrixBlock', '1', '0', '2017-02-10 16:12:46', '2017-02-14 02:02:47', '6711fdf2-2aaa-4fc7-8d0f-cfc20c546412'),
 ('15', 'Asset', '1', '0', '2017-02-11 01:29:54', '2017-02-11 01:29:54', 'e1df8374-166e-4c4f-8ca5-d467ab334536'),
 ('16', 'Asset', '1', '0', '2017-02-11 23:41:31', '2017-02-11 23:41:31', '745bc06a-6755-49e8-8f45-5921540279bd'),
 ('18', 'MatrixBlock', '1', '0', '2017-02-12 16:23:11', '2017-02-13 22:57:24', '97e727e6-d31b-4ff6-bfb4-aa4483e35677'),
 ('20', 'SproutForms_Form', '1', '0', '2017-02-13 13:39:12', '2017-02-13 13:39:14', '4887373a-2976-479f-a3ee-c2053a57be3e'),
 ('21', 'SproutForms_Form', '1', '0', '2017-02-13 13:39:16', '2017-02-13 13:39:20', '8de0790f-9c84-4d2f-8b5e-d823f7b17f9e'),
 ('27', 'Asset', '1', '0', '2017-02-13 15:17:03', '2017-02-13 15:17:03', '61277cbc-8a7d-4495-bef6-019e5c70bbdc'),
 ('28', 'Asset', '1', '0', '2017-02-13 15:17:05', '2017-02-13 15:17:05', '9db976cd-6c74-4a3f-87a8-9b4a929db414'),
 ('29', 'Asset', '1', '0', '2017-02-13 15:17:07', '2017-02-13 15:17:07', '430d6928-4a13-443e-920c-03069b229c74'),
 ('30', 'SuperTable_Block', '1', '0', '2017-02-13 15:18:39', '2017-02-13 15:27:22', '296d0afe-7fc4-41e2-9873-759572cc5659'),
 ('34', 'Neo_Block', '1', '0', '2017-02-13 23:12:10', '2017-02-13 23:12:10', 'ae422e03-65b5-486c-a1d7-d7b83bf04ec8'),
 ('35', 'SuperTable_Block', '1', '0', '2017-02-13 23:12:10', '2017-02-13 23:12:10', '5d49ea6e-509a-43f8-846c-7e176905c5ac'),
 ('37', 'Neo_Block', '1', '0', '2017-02-14 02:00:52', '2017-02-14 02:02:25', 'f6da1dee-8186-4245-a839-2af3622aaf68'),
 ('38', 'Neo_Block', '1', '0', '2017-02-14 02:00:52', '2017-02-14 02:02:25', 'abb3d85b-0da1-4723-8217-c116f5b3bcab');



DROP TABLE IF EXISTS `craft_elements_i18n`;


--
-- Schema for table `craft_elements_i18n`
--
CREATE TABLE `craft_elements_i18n` (
  `id` int(11) NOT NULL AUTO_INCREMENT,
  `elementId` int(11) NOT NULL,
  `locale` char(12) COLLATE utf8_unicode_ci NOT NULL,
  `slug` varchar(255) COLLATE utf8_unicode_ci DEFAULT NULL,
  `uri` varchar(255) COLLATE utf8_unicode_ci DEFAULT NULL,
  `enabled` tinyint(1) unsigned NOT NULL DEFAULT '1',
  `dateCreated` datetime NOT NULL,
  `dateUpdated` datetime NOT NULL,
  `uid` char(36) COLLATE utf8_unicode_ci NOT NULL DEFAULT '0',
  PRIMARY KEY (`id`),
  UNIQUE KEY `craft_elements_i18n_elementId_locale_unq_idx` (`elementId`,`locale`),
  UNIQUE KEY `craft_elements_i18n_uri_locale_unq_idx` (`uri`,`locale`),
  KEY `craft_elements_i18n_slug_locale_idx` (`slug`,`locale`),
  KEY `craft_elements_i18n_enabled_idx` (`enabled`),
  KEY `craft_elements_i18n_locale_fk` (`locale`)
) ENGINE=InnoDB AUTO_INCREMENT=39 DEFAULT CHARSET=utf8 COLLATE=utf8_unicode_ci;

--
-- Data for table `craft_elements_i18n`
--

INSERT INTO `craft_elements_i18n` (`id`, `elementId`, `locale`, `slug`, `uri`, `enabled`, `dateCreated`, `dateUpdated`, `uid`) VALUES
 ('1', '1', 'nb_no', '', NULL, '1', '2014-10-08 10:49:48', '2016-03-23 14:49:39', '43ed65e2-12cd-4f2c-bf52-00955b97ea18'),
 ('2', '2', 'nb_no', 'forside', '__home__', '1', '2017-02-10 15:29:45', '2017-02-14 02:02:47', 'dffac779-91e9-47d9-b1fb-2b8f226c6b2d'),
 ('3', '3', 'nb_no', 'restaurant', 'restaurant', '1', '2017-02-10 15:30:01', '2017-02-10 15:30:01', '00095e77-2a86-428b-8eef-716d47acf019'),
 ('4', '4', 'nb_no', 'selskap', 'selskap', '1', '2017-02-10 15:30:11', '2017-02-10 15:30:11', '787f19d1-448b-44ef-a779-afe73061d76e'),
 ('5', '5', 'nb_no', 'kristiansten-festning', 'kristiansten-festning', '1', '2017-02-10 15:30:28', '2017-02-10 15:30:28', 'd49fca60-1972-460a-86a3-9293c546e456'),
 ('6', '6', 'nb_no', 'dsc8592', NULL, '1', '2017-02-10 15:59:56', '2017-02-10 15:59:56', '54c1b339-f9f1-4b88-b801-af60eda9da75'),
 ('7', '7', 'nb_no', 'dsc8599', NULL, '1', '2017-02-10 15:59:58', '2017-02-10 15:59:58', '7f2371bc-b4c9-4308-b935-3988ca41310d'),
 ('8', '8', 'nb_no', 'dsc8592', NULL, '1', '2017-02-10 16:06:03', '2017-02-11 17:11:21', 'badd5f67-a4a9-4c2f-bd20-a5aae5d2865c'),
 ('9', '9', 'nb_no', 'dsc8599', NULL, '1', '2017-02-10 16:06:04', '2017-02-10 16:06:04', 'd944e5f9-c4ae-47b3-90ce-0f23228b1ba5'),
 ('10', '10', 'nb_no', '', NULL, '1', '2017-02-10 16:12:46', '2017-02-14 02:02:47', '90b89686-91d9-4dc9-8c12-e578e31ca573'),
 ('11', '11', 'nb_no', '', NULL, '1', '2017-02-10 16:12:46', '2017-02-14 02:02:47', 'a2bf4817-41e1-40b4-9fdc-82b3ea8bddd3'),
 ('15', '15', 'nb_no', 'clock', NULL, '1', '2017-02-11 01:29:54', '2017-02-11 01:29:54', '77f544b4-39cf-4d87-86cc-c2e6fc098c78'),
 ('16', '16', 'nb_no', 'icon-booking', NULL, '1', '2017-02-11 23:41:31', '2017-02-11 23:41:31', '783dd338-2119-4877-8511-316fc4c30373'),
 ('18', '18', 'nb_no', '', NULL, '1', '2017-02-12 16:23:11', '2017-02-13 22:57:24', 'b3cca169-9e11-4b83-80f3-02836517c7f6'),
 ('20', '20', 'nb_no', '', NULL, '1', '2017-02-13 13:39:12', '2017-02-13 13:39:14', '7055bf66-e24d-4899-8367-c1c36b959061'),
 ('21', '21', 'nb_no', '', NULL, '1', '2017-02-13 13:39:16', '2017-02-13 13:39:20', '11dd2ed7-a98e-41d8-937e-703432cd796e'),
 ('27', '27', 'nb_no', 'icon-search', NULL, '1', '2017-02-13 15:17:03', '2017-02-13 15:17:03', '34a68757-9a5c-48de-8f6f-5b3d2c0c5414'),
 ('28', '28', 'nb_no', 'icon-silhouette', NULL, '1', '2017-02-13 15:17:05', '2017-02-13 15:17:05', '2e44014b-c46f-4382-8729-703357307ceb'),
 ('29', '29', 'nb_no', 'icon-soup', NULL, '1', '2017-02-13 15:17:07', '2017-02-13 15:17:07', '7395cd02-7379-44f0-b4ed-77cc345c8738'),
 ('30', '30', 'nb_no', '', NULL, '1', '2017-02-13 15:18:39', '2017-02-13 15:27:22', '9f0d0613-d53c-431e-b80a-7f04c35e24fb'),
 ('34', '34', 'nb_no', '', NULL, '1', '2017-02-13 23:12:10', '2017-02-13 23:12:10', 'ee783634-fd06-40f0-ab8e-c749802a2ed0'),
 ('35', '35', 'nb_no', '', NULL, '1', '2017-02-13 23:12:10', '2017-02-13 23:12:10', '86cf276e-4de4-455c-9851-72a5d51516f7'),
 ('37', '37', 'nb_no', '', NULL, '1', '2017-02-14 02:00:52', '2017-02-14 02:02:25', 'b3f66cf2-1624-4ed2-9970-893be8ef949b'),
 ('38', '38', 'nb_no', '', NULL, '1', '2017-02-14 02:00:52', '2017-02-14 02:02:25', 'feb7ff66-bf08-4245-b0ab-c19201d75f4d');



DROP TABLE IF EXISTS `craft_emailmessages`;


--
-- Schema for table `craft_emailmessages`
--
CREATE TABLE `craft_emailmessages` (
  `id` int(11) NOT NULL AUTO_INCREMENT,
  `key` char(150) COLLATE utf8_unicode_ci NOT NULL,
  `locale` char(12) COLLATE utf8_unicode_ci NOT NULL,
  `subject` varchar(1000) COLLATE utf8_unicode_ci NOT NULL,
  `body` text COLLATE utf8_unicode_ci NOT NULL,
  `dateCreated` datetime NOT NULL,
  `dateUpdated` datetime NOT NULL,
  `uid` char(36) COLLATE utf8_unicode_ci NOT NULL DEFAULT '0',
  PRIMARY KEY (`id`),
  UNIQUE KEY `craft_emailmessages_key_locale_unq_idx` (`key`,`locale`),
  KEY `craft_emailmessages_locale_fk` (`locale`)
) ENGINE=InnoDB DEFAULT CHARSET=utf8 COLLATE=utf8_unicode_ci;

DROP TABLE IF EXISTS `craft_entries`;


--
-- Schema for table `craft_entries`
--
CREATE TABLE `craft_entries` (
  `id` int(11) NOT NULL,
  `sectionId` int(11) NOT NULL,
  `typeId` int(11) DEFAULT NULL,
  `authorId` int(11) DEFAULT NULL,
  `postDate` datetime DEFAULT NULL,
  `expiryDate` datetime DEFAULT NULL,
  `dateCreated` datetime NOT NULL,
  `dateUpdated` datetime NOT NULL,
  `uid` char(36) COLLATE utf8_unicode_ci NOT NULL DEFAULT '0',
  PRIMARY KEY (`id`),
  KEY `craft_entries_sectionId_idx` (`sectionId`),
  KEY `craft_entries_typeId_idx` (`typeId`),
  KEY `craft_entries_postDate_idx` (`postDate`),
  KEY `craft_entries_expiryDate_idx` (`expiryDate`),
  KEY `craft_entries_authorId_fk` (`authorId`)
) ENGINE=InnoDB DEFAULT CHARSET=utf8 COLLATE=utf8_unicode_ci;

--
-- Data for table `craft_entries`
--

INSERT INTO `craft_entries` (`id`, `sectionId`, `typeId`, `authorId`, `postDate`, `expiryDate`, `dateCreated`, `dateUpdated`, `uid`) VALUES
 ('2', '1', NULL, NULL, '2017-02-10 15:29:45', NULL, '2017-02-10 15:29:45', '2017-02-14 02:02:47', '6e42adaa-98b2-47f9-b996-b40c83ff78e0'),
 ('3', '2', NULL, NULL, '2017-02-10 15:30:01', NULL, '2017-02-10 15:30:01', '2017-02-10 15:30:01', 'f593a1ff-55df-46c5-bddd-c767fb20131d'),
 ('4', '3', NULL, NULL, '2017-02-10 15:30:11', NULL, '2017-02-10 15:30:11', '2017-02-10 15:30:11', '1bb02571-d859-433a-9bfc-8433822f9381'),
 ('5', '4', NULL, NULL, '2017-02-10 15:30:28', NULL, '2017-02-10 15:30:28', '2017-02-10 15:30:28', '5a1825c0-6840-44ed-a5ee-96c80a73d90b');



DROP TABLE IF EXISTS `craft_entrydrafts`;


--
-- Schema for table `craft_entrydrafts`
--
CREATE TABLE `craft_entrydrafts` (
  `id` int(11) NOT NULL AUTO_INCREMENT,
  `entryId` int(11) NOT NULL,
  `sectionId` int(11) NOT NULL,
  `creatorId` int(11) NOT NULL,
  `locale` char(12) COLLATE utf8_unicode_ci NOT NULL,
  `name` varchar(255) COLLATE utf8_unicode_ci NOT NULL,
  `notes` tinytext COLLATE utf8_unicode_ci,
  `data` mediumtext COLLATE utf8_unicode_ci NOT NULL,
  `dateCreated` datetime NOT NULL,
  `dateUpdated` datetime NOT NULL,
  `uid` char(36) COLLATE utf8_unicode_ci NOT NULL DEFAULT '0',
  PRIMARY KEY (`id`),
  KEY `craft_entrydrafts_entryId_locale_idx` (`entryId`,`locale`),
  KEY `craft_entrydrafts_sectionId_fk` (`sectionId`),
  KEY `craft_entrydrafts_creatorId_fk` (`creatorId`),
  KEY `craft_entrydrafts_locale_fk` (`locale`)
) ENGINE=InnoDB DEFAULT CHARSET=utf8 COLLATE=utf8_unicode_ci;

DROP TABLE IF EXISTS `craft_entrytypes`;


--
-- Schema for table `craft_entrytypes`
--
CREATE TABLE `craft_entrytypes` (
  `id` int(11) NOT NULL AUTO_INCREMENT,
  `sectionId` int(11) NOT NULL,
  `fieldLayoutId` int(11) DEFAULT NULL,
  `name` varchar(255) COLLATE utf8_unicode_ci NOT NULL,
  `handle` varchar(255) COLLATE utf8_unicode_ci NOT NULL,
  `hasTitleField` tinyint(1) unsigned NOT NULL DEFAULT '1',
  `titleLabel` varchar(255) COLLATE utf8_unicode_ci DEFAULT 'Title',
  `titleFormat` varchar(255) COLLATE utf8_unicode_ci DEFAULT NULL,
  `sortOrder` smallint(6) unsigned DEFAULT NULL,
  `dateCreated` datetime NOT NULL,
  `dateUpdated` datetime NOT NULL,
  `uid` char(36) COLLATE utf8_unicode_ci NOT NULL DEFAULT '0',
  PRIMARY KEY (`id`),
  UNIQUE KEY `craft_entrytypes_name_sectionId_unq_idx` (`name`,`sectionId`),
  UNIQUE KEY `craft_entrytypes_handle_sectionId_unq_idx` (`handle`,`sectionId`),
  KEY `craft_entrytypes_sectionId_fk` (`sectionId`),
  KEY `craft_entrytypes_fieldLayoutId_fk` (`fieldLayoutId`)
) ENGINE=InnoDB AUTO_INCREMENT=7 DEFAULT CHARSET=utf8 COLLATE=utf8_unicode_ci;

--
-- Data for table `craft_entrytypes`
--

INSERT INTO `craft_entrytypes` (`id`, `sectionId`, `fieldLayoutId`, `name`, `handle`, `hasTitleField`, `titleLabel`, `titleFormat`, `sortOrder`, `dateCreated`, `dateUpdated`, `uid`) VALUES
 ('1', '1', '123', 'Forside', 'forside', '0', NULL, '{section.name|raw}', '1', '2017-02-10 15:29:45', '2017-02-13 23:00:40', '79338ffb-ed9f-42a6-bb97-9f6ef6310ebc'),
 ('2', '2', '38', 'Restaurant', 'restaurant', '0', NULL, '{section.name|raw}', '1', '2017-02-10 15:30:01', '2017-02-10 15:30:01', 'bc770edb-99aa-4ad1-87c8-72fc2d6bd42f'),
 ('3', '3', '39', 'Selskap', 'selskap', '0', NULL, '{section.name|raw}', '1', '2017-02-10 15:30:11', '2017-02-10 15:30:11', '6ef480d0-7020-4a8f-9df9-e1cbfad9ead0'),
 ('4', '4', '40', 'Kristiansten festning', 'kristianstenFestning', '0', NULL, '{section.name|raw}', '1', '2017-02-10 15:30:28', '2017-02-10 15:30:28', 'b0cd8f11-ed6e-455f-8736-14a4ad61088b'),
 ('5', '5', '41', 'Oppskrifter', 'oppskrifter', '1', 'Tittel', NULL, '1', '2017-02-10 15:44:00', '2017-02-10 15:44:00', 'f7f04814-05b8-4a38-8602-2e65739df67a'),
 ('6', '6', '42', 'Ingredienser', 'ingredienser', '1', 'Tittel', NULL, '1', '2017-02-10 15:44:13', '2017-02-10 15:44:13', 'd85ff7ce-3bb4-43c7-bcaf-60c8ab67db51');



DROP TABLE IF EXISTS `craft_entryversions`;


--
-- Schema for table `craft_entryversions`
--
CREATE TABLE `craft_entryversions` (
  `id` int(11) NOT NULL AUTO_INCREMENT,
  `entryId` int(11) NOT NULL,
  `sectionId` int(11) NOT NULL,
  `creatorId` int(11) DEFAULT NULL,
  `locale` char(12) COLLATE utf8_unicode_ci NOT NULL,
  `num` smallint(6) unsigned NOT NULL,
  `notes` tinytext COLLATE utf8_unicode_ci,
  `data` mediumtext COLLATE utf8_unicode_ci NOT NULL,
  `dateCreated` datetime NOT NULL,
  `dateUpdated` datetime NOT NULL,
  `uid` char(36) COLLATE utf8_unicode_ci NOT NULL DEFAULT '0',
  PRIMARY KEY (`id`),
  KEY `craft_entryversions_entryId_locale_idx` (`entryId`,`locale`),
  KEY `craft_entryversions_sectionId_fk` (`sectionId`),
  KEY `craft_entryversions_creatorId_fk` (`creatorId`),
  KEY `craft_entryversions_locale_fk` (`locale`)
) ENGINE=InnoDB AUTO_INCREMENT=41 DEFAULT CHARSET=utf8 COLLATE=utf8_unicode_ci;

--
-- Data for table `craft_entryversions`
--

INSERT INTO `craft_entryversions` (`id`, `entryId`, `sectionId`, `creatorId`, `locale`, `num`, `notes`, `data`, `dateCreated`, `dateUpdated`, `uid`) VALUES
 ('1', '2', '1', '1', 'nb_no', '1', NULL, '{\"typeId\":\"1\",\"authorId\":null,\"title\":\"Forside\",\"slug\":\"forside\",\"postDate\":1486740585,\"expiryDate\":null,\"enabled\":1,\"parentId\":null,\"fields\":[]}', '2017-02-10 15:29:45', '2017-02-10 15:29:45', '6f725eda-010b-40c6-a8f8-70da4045b2f9'),
 ('2', '3', '2', '1', 'nb_no', '1', NULL, '{\"typeId\":\"2\",\"authorId\":null,\"title\":\"Restaurant\",\"slug\":\"restaurant\",\"postDate\":1486740601,\"expiryDate\":null,\"enabled\":1,\"parentId\":null,\"fields\":[]}', '2017-02-10 15:30:01', '2017-02-10 15:30:01', '171011d4-64b8-4100-8d74-9914f8fd59d7'),
 ('3', '4', '3', '1', 'nb_no', '1', NULL, '{\"typeId\":\"3\",\"authorId\":null,\"title\":\"Selskap\",\"slug\":\"selskap\",\"postDate\":1486740611,\"expiryDate\":null,\"enabled\":1,\"parentId\":null,\"fields\":[]}', '2017-02-10 15:30:11', '2017-02-10 15:30:11', 'a6724344-dd40-4374-832e-9f128d0217d3'),
 ('4', '5', '4', '1', 'nb_no', '1', NULL, '{\"typeId\":\"4\",\"authorId\":null,\"title\":\"Kristiansten festning\",\"slug\":\"kristiansten-festning\",\"postDate\":1486740628,\"expiryDate\":null,\"enabled\":1,\"parentId\":null,\"fields\":[]}', '2017-02-10 15:30:28', '2017-02-10 15:30:28', 'c707435e-c18f-4c1e-a883-353fc7ea71af'),
 ('5', '2', '1', '1', 'nb_no', '2', '', '{\"typeId\":null,\"authorId\":null,\"title\":\"Forside\",\"slug\":\"forside\",\"postDate\":1486740585,\"expiryDate\":null,\"enabled\":1,\"parentId\":null,\"fields\":{\"23\":\"<p>P\\u00e5 historiske Kristiansten festning i Trondheim ligger <strong>Restaurant Kommandanten<\\/strong> i den gamle kommandant-boligen.<\\/p>\",\"22\":[\"6\"]}}', '2017-02-10 16:00:39', '2017-02-10 16:00:39', '293a5f00-57a5-4092-8e12-a28cb43b059e'),
 ('6', '2', '1', '1', 'nb_no', '3', '', '{\"typeId\":null,\"authorId\":null,\"title\":\"Forside\",\"slug\":\"forside\",\"postDate\":1486740585,\"expiryDate\":null,\"enabled\":1,\"parentId\":null,\"fields\":{\"23\":\"<p>P\\u00e5 historiske Kristiansten festning i Trondheim ligger <strong>Restaurant Kommandanten<\\/strong> i den gamle kommandant-boligen.<\\/p>\",\"22\":[\"8\"]}}', '2017-02-10 16:06:12', '2017-02-10 16:06:12', '70ec1d5b-cc5d-4580-bf20-40064cd9c993'),
 ('7', '2', '1', '1', 'nb_no', '4', '', '{\"typeId\":null,\"authorId\":null,\"title\":\"Forside\",\"slug\":\"forside\",\"postDate\":1486740585,\"expiryDate\":null,\"enabled\":1,\"parentId\":null,\"fields\":{\"23\":\"<p>P\\u00e5 historiske Kristiansten festning i Trondheim ligger <strong>Restaurant Kommandanten<\\/strong> i den gamle kommandant-boligen.<\\/p>\",\"25\":\"Festningen servering og kulturarena\",\"22\":[\"8\"]}}', '2017-02-10 16:07:57', '2017-02-10 16:07:57', 'bd5a985e-fbe3-48ac-a1d6-61d5fc47c3bf'),
 ('8', '2', '1', '1', 'nb_no', '5', '', '{\"typeId\":null,\"authorId\":null,\"title\":\"Forside\",\"slug\":\"forside\",\"postDate\":1486740585,\"expiryDate\":null,\"enabled\":1,\"parentId\":null,\"fields\":{\"26\":{\"new1\":{\"type\":\"blokk\",\"enabled\":\"1\",\"fields\":{\"tittel\":\"\\u00c5pningstider\",\"ikon\":\"\",\"rikTekst\":\"<p>Tirsdag - Fredag<\\/p>\",\"knapp\":[{\"col1\":\"TLF: 450 52 666\",\"col2\":\"tel:+4745052666\"}]}},\"new2\":{\"type\":\"blokk\",\"enabled\":\"1\",\"fields\":{\"tittel\":\"Booking\",\"ikon\":\"\",\"rikTekst\":\"<p>Reserver bord eller book <strong>egne dedikerte selskapslokaler med eget vertskap<\\/strong> og underholdning.&nbsp;<\\/p>\",\"knapp\":[{\"col1\":\"Send epost\",\"col2\":\"mail:kommandanten@festningenservering.no\"}]}}},\"23\":\"<p>P\\u00e5 historiske Kristiansten festning i Trondheim ligger <strong>Restaurant Kommandanten<\\/strong> i den gamle kommandant-boligen.<\\/p>\",\"25\":\"Festningen servering og kulturarena\",\"22\":[\"8\"]}}', '2017-02-10 16:12:46', '2017-02-10 16:12:46', '596975fc-72f6-4527-9fb5-5f828b0c2ec9'),
 ('9', '2', '1', '1', 'nb_no', '6', '', '{\"typeId\":null,\"authorId\":null,\"title\":\"Forside\",\"slug\":\"forside\",\"postDate\":1486740585,\"expiryDate\":null,\"enabled\":1,\"parentId\":null,\"fields\":{\"26\":{\"10\":{\"type\":\"blokk\",\"enabled\":\"1\",\"fields\":{\"tittel\":\"\\u00c5pningstider\",\"ikon\":\"\",\"rikTekst\":\"<table>\\r\\n  <tr>\\r\\n    <th>Tirsdag - Fredag<\\/th>\\r\\n    <th class=\\\"tg-yw4l\\\">11:00 - 23:00<\\/th>\\r\\n  <\\/tr>\\r\\n  <tr>\\r\\n    <td>L\\u00f8rdag - S\\u00f8ndag<\\/td>\\r\\n    <td>11:00 - 23:00<\\/td>\\r\\n  <\\/tr>\\r\\n<\\/table>\",\"knapp\":\"<p>TEL:&nbsp;<a href=\\\"tel: +4645052666\\\">450 52 666<\\/a><\\/p>\"}},\"11\":{\"type\":\"blokk\",\"enabled\":\"1\",\"fields\":{\"tittel\":\"Booking\",\"ikon\":\"\",\"rikTekst\":\"<p>Reserver bord eller book <strong>egne dedikerte selskapslokaler med eget vertskap<\\/strong> og underholdning.&nbsp;<\\/p>\",\"knapp\":\"<p><a href=\\\"mailto:kommandanten@festningenservering.no\\\">Send epost<\\/a><\\/p>\"}}},\"23\":\"<p>P\\u00e5 historiske Kristiansten festning i Trondheim ligger <strong>Restaurant Kommandanten<\\/strong> i den gamle kommandant-boligen.<\\/p>\",\"25\":\"Festningen servering og kulturarena\",\"22\":[\"8\"]}}', '2017-02-10 16:19:10', '2017-02-10 16:19:10', 'b8296a0a-78e8-4589-bbbd-d652f9af56c5'),
 ('10', '2', '1', '1', 'nb_no', '7', '', '{\"typeId\":null,\"authorId\":null,\"title\":\"Forside\",\"slug\":\"forside\",\"postDate\":1486740585,\"expiryDate\":null,\"enabled\":1,\"parentId\":null,\"fields\":{\"26\":{\"10\":{\"type\":\"blokk\",\"enabled\":\"1\",\"fields\":{\"tittel\":\"\\u00c5pningstider\",\"ikon\":\"\",\"rikTekst\":\"<table><tbody><tr><th>Tirsdag - Fredag<\\/th>\\r\\n    <th class=\\\"tg-yw4l\\\">11:00 - 23:00<\\/th>\\r\\n  <\\/tr><tr><td>L\\u00f8rdag - S\\u00f8ndag<\\/td>\\r\\n    <td>11:00 - 23:00<\\/td>\\r\\n  <\\/tr><\\/tbody><\\/table>\",\"knapp\":\"<p>TEL:&nbsp;<a href=\\\"tel:204645052666\\\">450 52 666<\\/a><\\/p>\"}},\"11\":{\"type\":\"blokk\",\"enabled\":\"1\",\"fields\":{\"tittel\":\"Booking\",\"ikon\":\"\",\"rikTekst\":\"<p>Reserver bord eller book <strong>egne dedikerte selskapslokaler med eget vertskap<\\/strong> og underholdning.&nbsp;<\\/p>\",\"knapp\":\"<p><a href=\\\"mailto:kommandanten@festningenservering.no\\\">Send epost<\\/a><\\/p>\"}}},\"31\":{\"new1\":{\"type\":\"enkel\",\"enabled\":\"1\",\"fields\":{\"bilde\":[\"9\"],\"overskrift\":\"Restauranten\",\"tekst\":\"<p>Lorem ipsum dolor sit amet, consectetur adipiscing elit, sed do eiusmod tempor incididunt ut labore et dolore magna aliqua. Ut enim ad minim veniam, quis nostrud exercitation ullamco laboris nisi.<br><br><a href=\\\"http:\\/\\/festningen.local\\/restaurant#entry:3\\\"><strong>Les mer<\\/strong><\\/a><\\/p>\",\"posisjon\":\"bildeHoyre\"}},\"new2\":{\"type\":\"dobbel\",\"enabled\":\"1\",\"fields\":{\"bilde\":[\"6\"],\"overskrift\":\"Dobbel restaurant\",\"tekst\":\"<p>Lorem ipsum dolor sit amet, consectetur adipiscing elit, sed do eiusmod tempor incididunt ut labore et dolore magna aliqua. Ut enim ad minim veniam, quis nostrud exercitation ullamco laboris nisi.<br><br><a href=\\\"http:\\/\\/festningen.local\\/restaurant#entry:3\\\"><strong>Les mer<\\/strong><\\/a><\\/p>\",\"posisjon\":\"bildeVenstre\"}}},\"23\":\"<p>P\\u00e5 historiske Kristiansten festning i Trondheim ligger <strong>Restaurant Kommandanten<\\/strong> i den gamle kommandant-boligen.<\\/p>\",\"25\":\"Festningen servering og kulturarena\",\"22\":[\"8\"]}}', '2017-02-11 01:12:01', '2017-02-11 01:12:01', '17335fa2-247e-4223-8839-86d35dcd8ebe'),
 ('11', '2', '1', '1', 'nb_no', '8', '', '{\"typeId\":null,\"authorId\":null,\"title\":\"Forside\",\"slug\":\"forside\",\"postDate\":1486740585,\"expiryDate\":null,\"enabled\":1,\"parentId\":null,\"fields\":{\"26\":{\"10\":{\"type\":\"blokk\",\"enabled\":\"1\",\"fields\":{\"tittel\":\"\\u00c5pningstider\",\"ikon\":\"\",\"rikTekst\":\"<table><tbody><tr><th>Tirsdag - Fredag<\\/th>\\r\\n    <th class=\\\"tg-yw4l\\\">11:00 - 23:00<\\/th>\\r\\n  <\\/tr><tr><td>L\\u00f8rdag - S\\u00f8ndag<\\/td>\\r\\n    <td>11:00 - 23:00<\\/td>\\r\\n  <\\/tr><\\/tbody><\\/table>\",\"knapp\":\"<p>TEL:&nbsp;<a href=\\\"tel:204645052666\\\">450 52 666<\\/a><\\/p>\"}},\"11\":{\"type\":\"blokk\",\"enabled\":\"1\",\"fields\":{\"tittel\":\"Booking\",\"ikon\":\"\",\"rikTekst\":\"<p>Reserver bord eller book <strong>egne dedikerte selskapslokaler med eget vertskap<\\/strong> og underholdning.&nbsp;<\\/p>\",\"knapp\":\"<p><a href=\\\"mailto:kommandanten@festningenservering.no\\\">Send epost<\\/a><\\/p>\"}}},\"31\":{\"13\":{\"type\":\"enkel\",\"enabled\":\"1\",\"fields\":{\"bilde\":[\"9\"],\"posisjon\":\"right\",\"overskrift\":\"Restauranten\",\"tekst\":\"<p>Lorem ipsum dolor sit amet, consectetur adipiscing elit, sed do eiusmod tempor incididunt ut labore et dolore magna aliqua. Ut enim ad minim veniam, quis nostrud exercitation ullamco laboris nisi.<br><br><a href=\\\"http:\\/\\/festningen.local\\/restaurant#entry:3:url\\\"><strong>Les mer<\\/strong><\\/a><\\/p>\"}},\"14\":{\"type\":\"dobbel\",\"enabled\":\"1\",\"fields\":{\"bilde\":[\"6\"],\"overskrift\":\"Dobbel restaurant\",\"tekst\":\"<p>Lorem ipsum dolor sit amet, consectetur adipiscing elit, sed do eiusmod tempor incididunt ut labore et dolore magna aliqua. Ut enim ad minim veniam, quis nostrud exercitation ullamco laboris nisi.<br><br><a href=\\\"http:\\/\\/festningen.local\\/restaurant#entry:3:url\\\"><strong>Les mer<\\/strong><\\/a><\\/p>\",\"posisjon\":\"left\"}}},\"23\":\"<p>P\\u00e5 historiske Kristiansten festning i Trondheim ligger <strong>Restaurant Kommandanten<\\/strong> i den gamle kommandant-boligen.<\\/p>\",\"25\":\"Festningen servering og kulturarena\",\"22\":[\"8\"]}}', '2017-02-11 01:14:07', '2017-02-11 01:14:07', 'c6181df6-95c6-40bd-b1b6-373d7e4bea9f'),
 ('12', '2', '1', '1', 'nb_no', '9', '', '{\"typeId\":null,\"authorId\":null,\"title\":\"Forside\",\"slug\":\"forside\",\"postDate\":1486740585,\"expiryDate\":null,\"enabled\":1,\"parentId\":null,\"fields\":{\"26\":{\"10\":{\"type\":\"blokk\",\"enabled\":\"1\",\"fields\":{\"tittel\":\"\\u00c5pningstider\",\"ikon\":\"\",\"rikTekst\":\"<table><tbody><tr><th>Tirsdag - Fredag<\\/th>\\r\\n    <th class=\\\"tg-yw4l\\\">11:00 - 23:00<\\/th>\\r\\n  <\\/tr><tr><td>L\\u00f8rdag - S\\u00f8ndag<\\/td>\\r\\n    <td>11:00 - 23:00<\\/td>\\r\\n  <\\/tr><\\/tbody><\\/table>\",\"knapp\":\"<p>TEL:&nbsp;<a href=\\\"tel:204645052666\\\">450 52 666<\\/a><\\/p>\"}},\"11\":{\"type\":\"blokk\",\"enabled\":\"1\",\"fields\":{\"tittel\":\"Booking\",\"ikon\":\"\",\"rikTekst\":\"<p>Reserver bord eller book <strong>egne dedikerte selskapslokaler med eget vertskap<\\/strong> og underholdning.&nbsp;<\\/p>\",\"knapp\":\"<p><a href=\\\"mailto:kommandanten@festningenservering.no\\\">Send epost<\\/a><\\/p>\"}}},\"31\":{\"13\":{\"type\":\"enkel\",\"enabled\":\"1\",\"fields\":{\"bilde\":[\"9\"],\"posisjon\":\"right\",\"overskrift\":\"Restauranten\",\"tekst\":\"<p>Lorem ipsum dolor sit amet, consectetur adipiscing elit, sed do eiusmod tempor incididunt ut labore et dolore magna aliqua. Ut enim ad minim veniam, quis nostrud exercitation ullamco laboris nisi.<br><br><a href=\\\"http:\\/\\/festningen.local\\/restaurant#entry:3:url\\\"><strong>Les mer<\\/strong><\\/a><\\/p>\"}},\"14\":{\"type\":\"dobbel\",\"enabled\":\"1\",\"fields\":{\"bilde\":[\"6\"],\"overskrift\":\"Dobbel restaurant\",\"tekst\":\"<p>Lorem ipsum dolor sit amet, consectetur adipiscing elit, sed do eiusmod tempor incididunt ut labore et dolore magna aliqua. Ut enim ad minim veniam, quis nostrud exercitation ullamco laboris nisi.<br><br><a href=\\\"http:\\/\\/festningen.local\\/restaurant#entry:3:url\\\"><strong>Les mer<\\/strong><\\/a><\\/p>\",\"posisjon\":\"left\"}}},\"23\":\"<p>P\\u00e5 historiske Kristiansten festning i Trondheim ligger <strong>Restaurant Kommandanten<\\/strong> i den gamle kommandant-boligen.<\\/p>\",\"25\":\"Festningen servering og kulturarena\",\"22\":[\"8\"]}}', '2017-02-11 01:18:58', '2017-02-11 01:18:58', 'e2f9ab5e-26bc-4350-bc00-c0d840cc7cc4'),
 ('13', '2', '1', '1', 'nb_no', '10', '', '{\"typeId\":null,\"authorId\":null,\"title\":\"Forside\",\"slug\":\"forside\",\"postDate\":1486740585,\"expiryDate\":null,\"enabled\":1,\"parentId\":null,\"fields\":{\"26\":{\"10\":{\"type\":\"blokk\",\"enabled\":\"1\",\"fields\":{\"tittel\":\"\\u00c5pningstider\",\"ikon\":[\"15\"],\"rikTekst\":\"<table><tbody><tr><th>Tirsdag - Fredag<\\/th>\\r\\n    <th class=\\\"tg-yw4l\\\">11:00 - 23:00<\\/th>\\r\\n  <\\/tr><tr><td>L\\u00f8rdag - S\\u00f8ndag<\\/td>\\r\\n    <td>11:00 - 23:00<\\/td>\\r\\n  <\\/tr><\\/tbody><\\/table>\",\"knapp\":\"<p>TEL:&nbsp;<a href=\\\"tel:204645052666\\\">450 52 666<\\/a><\\/p>\"}},\"11\":{\"type\":\"blokk\",\"enabled\":\"1\",\"fields\":{\"tittel\":\"Booking\",\"ikon\":\"\",\"rikTekst\":\"<p>Reserver bord eller book <strong>egne dedikerte selskapslokaler med eget vertskap<\\/strong> og underholdning.&nbsp;<\\/p>\",\"knapp\":\"<p><a href=\\\"mailto:kommandanten@festningenservering.no\\\">Send epost<\\/a><\\/p>\"}}},\"31\":{\"13\":{\"type\":\"enkel\",\"enabled\":\"1\",\"fields\":{\"bilde\":[\"9\"],\"posisjon\":\"right\",\"overskrift\":\"Restauranten\",\"tekst\":\"<p>Lorem ipsum dolor sit amet, consectetur adipiscing elit, sed do eiusmod tempor incididunt ut labore et dolore magna aliqua. Ut enim ad minim veniam, quis nostrud exercitation ullamco laboris nisi.<br><br><a href=\\\"http:\\/\\/festningen.local\\/restaurant#entry:3:url\\\"><strong>Les mer<\\/strong><\\/a><\\/p>\"}},\"14\":{\"type\":\"dobbel\",\"enabled\":\"1\",\"fields\":{\"bilde\":[\"6\"],\"overskrift\":\"Dobbel restaurant\",\"tekst\":\"<p>Lorem ipsum dolor sit amet, consectetur adipiscing elit, sed do eiusmod tempor incididunt ut labore et dolore magna aliqua. Ut enim ad minim veniam, quis nostrud exercitation ullamco laboris nisi.<br><br><a href=\\\"http:\\/\\/festningen.local\\/restaurant#entry:3:url\\\"><strong>Les mer<\\/strong><\\/a><\\/p>\",\"posisjon\":\"left\"}}},\"23\":\"<p>P\\u00e5 historiske Kristiansten festning i Trondheim ligger <strong>Restaurant Kommandanten<\\/strong> i den gamle kommandant-boligen.<\\/p>\",\"25\":\"Festningen servering og kulturarena\",\"22\":[\"8\"]}}', '2017-02-11 01:29:59', '2017-02-11 01:29:59', '099c42ad-b5a5-49aa-9b8a-ff244231d2c3'),
 ('14', '2', '1', '1', 'nb_no', '11', '', '{\"typeId\":null,\"authorId\":null,\"title\":\"Forside\",\"slug\":\"forside\",\"postDate\":1486740585,\"expiryDate\":null,\"enabled\":1,\"parentId\":null,\"fields\":{\"26\":{\"10\":{\"type\":\"blokk\",\"enabled\":\"1\",\"fields\":{\"tittel\":\"\\u00c5pningstider\",\"ikon\":[\"15\"],\"rikTekst\":\"<table><tbody><tr><th>Tirsdag - Fredag<\\/th>\\r\\n    <th class=\\\"tg-yw4l\\\">11:00 - 23:00<\\/th>\\r\\n  <\\/tr><tr><td>L\\u00f8rdag - S\\u00f8ndag<\\/td>\\r\\n    <td>11:00 - 23:00<\\/td>\\r\\n  <\\/tr><\\/tbody><\\/table><p>M\\u00f8ter og selskap etter avtale<\\/p>\",\"knapp\":\"<p>TEL:&nbsp;<a href=\\\"tel:204645052666\\\">450 52 666<\\/a><\\/p>\"}},\"11\":{\"type\":\"blokk\",\"enabled\":\"1\",\"fields\":{\"tittel\":\"Booking\",\"ikon\":\"\",\"rikTekst\":\"<p>Reserver bord eller book <strong>egne dedikerte selskapslokaler med eget vertskap<\\/strong> og underholdning.&nbsp;<\\/p>\",\"knapp\":\"<p><a href=\\\"mailto:kommandanten@festningenservering.no\\\">Send epost<\\/a><\\/p>\"}}},\"31\":{\"13\":{\"type\":\"enkel\",\"enabled\":\"1\",\"fields\":{\"bilde\":[\"9\"],\"posisjon\":\"right\",\"overskrift\":\"Restauranten\",\"tekst\":\"<p>Lorem ipsum dolor sit amet, consectetur adipiscing elit, sed do eiusmod tempor incididunt ut labore et dolore magna aliqua. Ut enim ad minim veniam, quis nostrud exercitation ullamco laboris nisi.<br><br><a href=\\\"http:\\/\\/festningen.local\\/restaurant#entry:3:url\\\"><strong>Les mer<\\/strong><\\/a><\\/p>\"}},\"14\":{\"type\":\"dobbel\",\"enabled\":\"1\",\"fields\":{\"bilde\":[\"6\"],\"overskrift\":\"Dobbel restaurant\",\"tekst\":\"<p>Lorem ipsum dolor sit amet, consectetur adipiscing elit, sed do eiusmod tempor incididunt ut labore et dolore magna aliqua. Ut enim ad minim veniam, quis nostrud exercitation ullamco laboris nisi.<br><br><a href=\\\"http:\\/\\/festningen.local\\/restaurant#entry:3:url\\\"><strong>Les mer<\\/strong><\\/a><\\/p>\",\"posisjon\":\"left\"}}},\"23\":\"<p>P\\u00e5 historiske Kristiansten festning i Trondheim ligger <strong>Restaurant Kommandanten<\\/strong> i den gamle kommandant-boligen.<\\/p>\",\"25\":\"Festningen servering og kulturarena\",\"22\":[\"8\"]}}', '2017-02-11 23:07:18', '2017-02-11 23:07:18', '2466a28b-5350-404a-99d1-d53e125d406a'),
 ('15', '2', '1', '1', 'nb_no', '12', '', '{\"typeId\":null,\"authorId\":null,\"title\":\"Forside\",\"slug\":\"forside\",\"postDate\":1486740585,\"expiryDate\":null,\"enabled\":1,\"parentId\":null,\"fields\":{\"26\":{\"10\":{\"type\":\"blokk\",\"enabled\":\"1\",\"fields\":{\"tittel\":\"\\u00c5pningstider\",\"ikon\":[\"15\"],\"rikTekst\":\"<table><tbody><tr><th>Tirsdag - Fredag<\\/th>\\r\\n    <th class=\\\"tg-yw4l\\\">11:00 - 23:00<\\/th>\\r\\n  <\\/tr><tr><td>L\\u00f8rdag - S\\u00f8ndag<\\/td>\\r\\n    <td>11:00 - 23:00<\\/td>\\r\\n  <\\/tr><\\/tbody><\\/table>\\r\\n<p><br><\\/p><p>M\\u00f8ter og selskap etter avtale<\\/p>\",\"knapp\":\"<p>TEL:&nbsp;<a href=\\\"tel:204645052666\\\">450 52 666<\\/a><\\/p>\"}},\"11\":{\"type\":\"blokk\",\"enabled\":\"1\",\"fields\":{\"tittel\":\"Booking\",\"ikon\":\"\",\"rikTekst\":\"<p>Reserver bord eller book <strong>egne dedikerte selskapslokaler med eget vertskap<\\/strong> og underholdning.&nbsp;<\\/p>\",\"knapp\":\"<p><a href=\\\"mailto:kommandanten@festningenservering.no\\\">Send epost<\\/a><\\/p>\"}}},\"31\":{\"13\":{\"type\":\"enkel\",\"enabled\":\"1\",\"fields\":{\"bilde\":[\"9\"],\"posisjon\":\"right\",\"overskrift\":\"Restauranten\",\"tekst\":\"<p>Lorem ipsum dolor sit amet, consectetur adipiscing elit, sed do eiusmod tempor incididunt ut labore et dolore magna aliqua. Ut enim ad minim veniam, quis nostrud exercitation ullamco laboris nisi.<br><br><a href=\\\"http:\\/\\/festningen.local\\/restaurant#entry:3:url\\\"><strong>Les mer<\\/strong><\\/a><\\/p>\"}},\"14\":{\"type\":\"dobbel\",\"enabled\":\"1\",\"fields\":{\"bilde\":[\"6\"],\"overskrift\":\"Dobbel restaurant\",\"tekst\":\"<p>Lorem ipsum dolor sit amet, consectetur adipiscing elit, sed do eiusmod tempor incididunt ut labore et dolore magna aliqua. Ut enim ad minim veniam, quis nostrud exercitation ullamco laboris nisi.<br><br><a href=\\\"http:\\/\\/festningen.local\\/restaurant#entry:3:url\\\"><strong>Les mer<\\/strong><\\/a><\\/p>\",\"posisjon\":\"left\"}}},\"23\":\"<p>P\\u00e5 historiske Kristiansten festning i Trondheim ligger <strong>Restaurant Kommandanten<\\/strong> i den gamle kommandant-boligen.<\\/p>\",\"25\":\"Festningen servering og kulturarena\",\"22\":[\"8\"]}}', '2017-02-11 23:07:37', '2017-02-11 23:07:37', 'a4eba83f-8aab-4982-9ef6-303b95b4210c'),
 ('16', '2', '1', '1', 'nb_no', '13', '', '{\"typeId\":null,\"authorId\":null,\"title\":\"Forside\",\"slug\":\"forside\",\"postDate\":1486740585,\"expiryDate\":null,\"enabled\":1,\"parentId\":null,\"fields\":{\"26\":{\"10\":{\"type\":\"blokk\",\"enabled\":\"1\",\"fields\":{\"tittel\":\"\\u00c5pningstider\",\"ikon\":[\"15\"],\"rikTekst\":\"<table><tbody><tr><th>Tirsdag - Fredag<\\/th>\\r\\n    <th class=\\\"tg-yw4l\\\">11:00 - 23:00<\\/th>\\r\\n  <\\/tr><tr><td>L\\u00f8rdag - S\\u00f8ndag<\\/td>\\r\\n    <td>11:00 - 23:00<\\/td>\\r\\n  <\\/tr><\\/tbody><\\/table>\\r\\n<p><br><\\/p>\\r\\n<p>M\\u00f8ter og selskap etter avtale<\\/p>\",\"knapp\":\"<p><a href=\\\"tel:45052666\\\">TLF: 450 52 666<\\/a><\\/p>\"}},\"11\":{\"type\":\"blokk\",\"enabled\":\"1\",\"fields\":{\"tittel\":\"Booking\",\"ikon\":\"\",\"rikTekst\":\"<p>Reserver bord eller book <strong>egne dedikerte selskapslokaler med eget vertskap<\\/strong> og underholdning.&nbsp;<\\/p>\",\"knapp\":\"<p><a href=\\\"mailto:kommandanten@festningenservering.no\\\">Send epost<\\/a><\\/p>\"}}},\"31\":{\"13\":{\"type\":\"enkel\",\"enabled\":\"1\",\"fields\":{\"bilde\":[\"9\"],\"posisjon\":\"right\",\"overskrift\":\"Restauranten\",\"tekst\":\"<p>Lorem ipsum dolor sit amet, consectetur adipiscing elit, sed do eiusmod tempor incididunt ut labore et dolore magna aliqua. Ut enim ad minim veniam, quis nostrud exercitation ullamco laboris nisi.<br><br><a href=\\\"http:\\/\\/festningen.local\\/restaurant#entry:3:url\\\"><strong>Les mer<\\/strong><\\/a><\\/p>\"}},\"14\":{\"type\":\"dobbel\",\"enabled\":\"1\",\"fields\":{\"bilde\":[\"6\"],\"overskrift\":\"Dobbel restaurant\",\"tekst\":\"<p>Lorem ipsum dolor sit amet, consectetur adipiscing elit, sed do eiusmod tempor incididunt ut labore et dolore magna aliqua. Ut enim ad minim veniam, quis nostrud exercitation ullamco laboris nisi.<br><br><a href=\\\"http:\\/\\/festningen.local\\/restaurant#entry:3:url\\\"><strong>Les mer<\\/strong><\\/a><\\/p>\",\"posisjon\":\"left\"}}},\"23\":\"<p>P\\u00e5 historiske Kristiansten festning i Trondheim ligger <strong>Restaurant Kommandanten<\\/strong> i den gamle kommandant-boligen.<\\/p>\",\"25\":\"Festningen servering og kulturarena\",\"22\":[\"8\"]}}', '2017-02-11 23:17:30', '2017-02-11 23:17:30', '6913e1d1-c1e1-4ab2-b675-24969b475f95'),
 ('17', '2', '1', '1', 'nb_no', '14', '', '{\"typeId\":null,\"authorId\":null,\"title\":\"Forside\",\"slug\":\"forside\",\"postDate\":1486740585,\"expiryDate\":null,\"enabled\":1,\"parentId\":null,\"fields\":{\"26\":{\"10\":{\"type\":\"blokk\",\"enabled\":\"1\",\"fields\":{\"tittel\":\"\\u00c5pningstider\",\"ikon\":[\"15\"],\"rikTekst\":\"<table><tbody><tr><th>Tirsdag - Fredag<\\/th>\\r\\n    <th class=\\\"tg-yw4l\\\">11:00 - 23:00<\\/th>\\r\\n  <\\/tr><tr><td>L\\u00f8rdag - S\\u00f8ndag<\\/td>\\r\\n    <td>11:00 - 23:00<\\/td>\\r\\n  <\\/tr><\\/tbody><\\/table>\\r\\n<p><br><\\/p>\\r\\n<p>M\\u00f8ter og selskap etter avtale<\\/p>\",\"knapp\":\"<p><a href=\\\"tel:45052666\\\">TLF: 450 52 666<\\/a><\\/p>\"}},\"11\":{\"type\":\"blokk\",\"enabled\":\"1\",\"fields\":{\"tittel\":\"Booking\",\"ikon\":[\"16\"],\"rikTekst\":\"<p>Reserver bord eller book <strong>egne dedikerte selskapslokaler med eget vertskap<\\/strong> og underholdning.&nbsp;<\\/p>\",\"knapp\":\"<p><a href=\\\"mailto:kommandanten@festningenservering.no\\\">Send epost<\\/a><\\/p>\"}}},\"31\":{\"13\":{\"type\":\"enkel\",\"enabled\":\"1\",\"fields\":{\"bilde\":[\"9\"],\"posisjon\":\"right\",\"overskrift\":\"Restauranten\",\"tekst\":\"<p>Lorem ipsum dolor sit amet, consectetur adipiscing elit, sed do eiusmod tempor incididunt ut labore et dolore magna aliqua. Ut enim ad minim veniam, quis nostrud exercitation ullamco laboris nisi.<br><br><a href=\\\"http:\\/\\/festningen.local\\/restaurant#entry:3:url\\\"><strong>Les mer<\\/strong><\\/a><\\/p>\"}},\"14\":{\"type\":\"dobbel\",\"enabled\":\"1\",\"fields\":{\"bilde\":[\"6\"],\"overskrift\":\"Dobbel restaurant\",\"tekst\":\"<p>Lorem ipsum dolor sit amet, consectetur adipiscing elit, sed do eiusmod tempor incididunt ut labore et dolore magna aliqua. Ut enim ad minim veniam, quis nostrud exercitation ullamco laboris nisi.<br><br><a href=\\\"http:\\/\\/festningen.local\\/restaurant#entry:3:url\\\"><strong>Les mer<\\/strong><\\/a><\\/p>\",\"posisjon\":\"left\"}}},\"23\":\"<p>P\\u00e5 historiske Kristiansten festning i Trondheim ligger <strong>Restaurant Kommandanten<\\/strong> i den gamle kommandant-boligen.<\\/p>\",\"25\":\"Festningen servering og kulturarena\",\"22\":[\"8\"]}}', '2017-02-11 23:41:35', '2017-02-11 23:41:35', 'd48cb831-94ed-4771-a307-95a02aa1c801'),
 ('18', '2', '1', '1', 'nb_no', '15', '', '{\"typeId\":null,\"authorId\":null,\"title\":\"Forside\",\"slug\":\"forside\",\"postDate\":1486740585,\"expiryDate\":null,\"enabled\":1,\"parentId\":null,\"fields\":{\"26\":{\"11\":{\"type\":\"blokk\",\"enabled\":\"1\",\"fields\":{\"tittel\":\"Booking\",\"ikon\":[\"16\"],\"rikTekst\":\"<p>Reserver bord eller book <strong>egne dedikerte selskapslokaler med eget vertskap<\\/strong> og underholdning.&nbsp;<\\/p>\",\"knapp\":\"<p><a href=\\\"mailto:kommandanten@festningenservering.no\\\">Send epost<\\/a><\\/p>\"}},\"10\":{\"type\":\"blokk\",\"enabled\":\"1\",\"fields\":{\"tittel\":\"\\u00c5pningstider\",\"ikon\":[\"15\"],\"rikTekst\":\"<table><tbody><tr><th>Tirsdag - Fredag<\\/th>\\r\\n    <th class=\\\"tg-yw4l\\\">11:00 - 23:00<\\/th>\\r\\n  <\\/tr><tr><td>L\\u00f8rdag - S\\u00f8ndag<\\/td>\\r\\n    <td>11:00 - 23:00<\\/td>\\r\\n  <\\/tr><\\/tbody><\\/table>\\r\\n<p><br><\\/p>\\r\\n<p>M\\u00f8ter og selskap etter avtale<\\/p>\",\"knapp\":\"<p><a href=\\\"tel:45052666\\\">TLF: 450 52 666<\\/a><\\/p>\"}}},\"31\":{\"13\":{\"type\":\"enkel\",\"enabled\":\"1\",\"fields\":{\"bilde\":[\"9\"],\"posisjon\":\"right\",\"overskrift\":\"Restauranten\",\"tekst\":\"<p>Lorem ipsum dolor sit amet, consectetur adipiscing elit, sed do eiusmod tempor incididunt ut labore et dolore magna aliqua. Ut enim ad minim veniam, quis nostrud exercitation ullamco laboris nisi.<br><br><a href=\\\"http:\\/\\/festningen.local\\/restaurant#entry:3:url\\\"><strong>Les mer<\\/strong><\\/a><\\/p>\"}},\"14\":{\"type\":\"dobbel\",\"enabled\":\"1\",\"fields\":{\"bilde\":[\"6\"],\"overskrift\":\"Dobbel restaurant\",\"tekst\":\"<p>Lorem ipsum dolor sit amet, consectetur adipiscing elit, sed do eiusmod tempor incididunt ut labore et dolore magna aliqua. Ut enim ad minim veniam, quis nostrud exercitation ullamco laboris nisi.<br><br><a href=\\\"http:\\/\\/festningen.local\\/restaurant#entry:3:url\\\"><strong>Les mer<\\/strong><\\/a><\\/p>\",\"posisjon\":\"left\"}}},\"23\":\"<p>P\\u00e5 historiske Kristiansten festning i Trondheim ligger <strong>Restaurant Kommandanten<\\/strong> i den gamle kommandant-boligen.<\\/p>\",\"25\":\"Festningen servering og kulturarena\",\"22\":[\"8\"]}}', '2017-02-11 23:44:11', '2017-02-11 23:44:11', '92d72fc3-47d9-4ecf-91be-9faf11b7c702'),
 ('19', '2', '1', '1', 'nb_no', '16', '', '{\"typeId\":null,\"authorId\":null,\"title\":\"Forside\",\"slug\":\"forside\",\"postDate\":1486740585,\"expiryDate\":null,\"enabled\":1,\"parentId\":null,\"fields\":{\"26\":{\"10\":{\"type\":\"blokk\",\"enabled\":\"1\",\"fields\":{\"tittel\":\"\\u00c5pningstider\",\"ikon\":[\"15\"],\"rikTekst\":\"<table><tbody><tr><th>Tirsdag - Fredag<\\/th>\\r\\n    <th class=\\\"tg-yw4l\\\">11:00 - 23:00<\\/th>\\r\\n  <\\/tr><tr><td>L\\u00f8rdag - S\\u00f8ndag<\\/td>\\r\\n    <td>11:00 - 23:00<\\/td>\\r\\n  <\\/tr><\\/tbody><\\/table>\\r\\n<p><br><\\/p>\\r\\n<p>M\\u00f8ter og selskap etter avtale<\\/p>\",\"knapp\":\"<p><a href=\\\"tel:45052666\\\">TLF: 450 52 666<\\/a><\\/p>\"}},\"11\":{\"type\":\"blokk\",\"enabled\":\"1\",\"fields\":{\"tittel\":\"Booking\",\"ikon\":[\"16\"],\"rikTekst\":\"<p>Reserver bord eller book <strong>egne dedikerte selskapslokaler med eget vertskap<\\/strong> og underholdning.&nbsp;<\\/p>\",\"knapp\":\"<p><a href=\\\"mailto:kommandanten@festningenservering.no\\\">Send epost<\\/a><\\/p>\"}}},\"31\":{\"13\":{\"type\":\"enkel\",\"enabled\":\"1\",\"fields\":{\"bilde\":[\"9\"],\"posisjon\":\"right\",\"overskrift\":\"Restauranten\",\"tekst\":\"<p>Lorem ipsum dolor sit amet, consectetur adipiscing elit, sed do eiusmod tempor incididunt ut labore et dolore magna aliqua. Ut enim ad minim veniam, quis nostrud exercitation ullamco laboris nisi.<br><br><a href=\\\"http:\\/\\/festningen.local\\/restaurant#entry:3:url\\\"><strong>Les mer<\\/strong><\\/a><\\/p>\"}},\"14\":{\"type\":\"dobbel\",\"enabled\":\"1\",\"fields\":{\"bilde\":[\"6\"],\"overskrift\":\"Dobbel restaurant\",\"tekst\":\"<p>Lorem ipsum dolor sit amet, consectetur adipiscing elit, sed do eiusmod tempor incididunt ut labore et dolore magna aliqua. Ut enim ad minim veniam, quis nostrud exercitation ullamco laboris nisi.<br><br><a href=\\\"http:\\/\\/festningen.local\\/restaurant#entry:3:url\\\"><strong>Les mer<\\/strong><\\/a><\\/p>\",\"posisjon\":\"left\"}}},\"23\":\"<p>P\\u00e5 historiske Kristiansten festning i Trondheim ligger <strong>Restaurant Kommandanten<\\/strong> i den gamle kommandant-boligen.<\\/p>\",\"25\":\"Festningen servering og kulturarena\",\"22\":[\"8\"]}}', '2017-02-11 23:44:34', '2017-02-11 23:44:34', '04ab2ce0-48d4-4a76-8e03-40ec101fd381'),
 ('20', '2', '1', '1', 'nb_no', '17', '', '{\"typeId\":null,\"authorId\":null,\"title\":\"Forside\",\"slug\":\"forside\",\"postDate\":1486740585,\"expiryDate\":null,\"enabled\":1,\"parentId\":null,\"fields\":{\"26\":{\"10\":{\"type\":\"blokk\",\"enabled\":\"1\",\"fields\":{\"tittel\":\"\\u00c5pningstider\",\"ikon\":[\"15\"],\"rikTekst\":\"<table><tbody><tr><th>Tirsdag - Fredag<\\/th>\\r\\n    <th class=\\\"tg-yw4l\\\">11:00 - 23:00<\\/th>\\r\\n  <\\/tr><tr><td>L\\u00f8rdag - S\\u00f8ndag<\\/td>\\r\\n    <td>11:00 - 23:00<\\/td>\\r\\n  <\\/tr><\\/tbody><\\/table>\\r\\n<p><br><\\/p>\\r\\n<p>M\\u00f8ter og selskap etter avtale<\\/p>\",\"knapp\":\"<p><a href=\\\"tel:45052666\\\">TLF: 450 52 666<\\/a><\\/p>\"}},\"11\":{\"type\":\"blokk\",\"enabled\":\"1\",\"fields\":{\"tittel\":\"Booking\",\"ikon\":[\"16\"],\"rikTekst\":\"<p>Reserver bord eller book <strong>egne dedikerte selskapslokaler med eget vertskap<\\/strong> og underholdning.&nbsp;<\\/p>\",\"knapp\":\"<p><a href=\\\"mailto:kommandanten@festningenservering.no\\\">Send epost<\\/a><\\/p>\"}}},\"31\":{\"13\":{\"type\":\"enkel\",\"enabled\":\"1\",\"fields\":{\"bilde\":[\"9\"],\"posisjon\":\"right\",\"overskrift\":\"Restauranten\",\"tekst\":\"<p>Lorem ipsum dolor sit amet, consectetur adipiscing elit, sed do eiusmod tempor incididunt ut labore et dolore magna aliqua. Ut enim ad minim veniam, quis nostrud exercitation ullamco laboris nisi.<br><br><a href=\\\"http:\\/\\/festningen.local\\/restaurant#entry:3:url\\\"><strong>Les mer<\\/strong><\\/a><\\/p>\"}},\"14\":{\"type\":\"dobbel\",\"enabled\":\"1\",\"fields\":{\"bilde\":[\"6\"],\"overskrift\":\"Dobbel restaurant\",\"tekst\":\"<p>Lorem ipsum dolor sit amet, consectetur adipiscing elit, sed do eiusmod tempor incididunt ut labore et dolore magna aliqua. Ut enim ad minim veniam, quis nostrud exercitation ullamco laboris nisi.<br><br><a href=\\\"http:\\/\\/festningen.local\\/restaurant#entry:3:url\\\"><strong>Les mer<\\/strong><\\/a><\\/p>\",\"posisjon\":\"left\"}},\"new1\":{\"type\":\"enkel\",\"enabled\":\"1\",\"fields\":{\"bilde\":[\"9\"],\"posisjon\":\"left\",\"overskrift\":\"Kuk\",\"tekst\":\"<p>Test<\\/p>\"}}},\"23\":\"<p>P\\u00e5 historiske Kristiansten festning i Trondheim ligger <strong>Restaurant Kommandanten<\\/strong> i den gamle kommandant-boligen.<\\/p>\",\"25\":\"Festningen servering og kulturarena\",\"22\":[\"8\"]}}', '2017-02-12 11:42:02', '2017-02-12 11:42:02', '9d7a4709-b14f-4ad0-ad6e-cb7c94d6e7f1'),
 ('21', '2', '1', '1', 'nb_no', '18', '', '{\"typeId\":null,\"authorId\":null,\"title\":\"Forside\",\"slug\":\"forside\",\"postDate\":1486740585,\"expiryDate\":null,\"enabled\":1,\"parentId\":null,\"fields\":{\"26\":{\"10\":{\"type\":\"blokk\",\"enabled\":\"1\",\"fields\":{\"tittel\":\"\\u00c5pningstider\",\"ikon\":[\"15\"],\"rikTekst\":\"<table><tbody><tr><th>Tirsdag - Fredag<\\/th>\\r\\n    <th class=\\\"tg-yw4l\\\">11:00 - 23:00<\\/th>\\r\\n  <\\/tr><tr><td>L\\u00f8rdag - S\\u00f8ndag<\\/td>\\r\\n    <td>11:00 - 23:00<\\/td>\\r\\n  <\\/tr><\\/tbody><\\/table>\\r\\n<p><br><\\/p>\\r\\n<p>M\\u00f8ter og selskap etter avtale<\\/p>\",\"knapp\":\"<p><a href=\\\"tel:45052666\\\">TLF: 450 52 666<\\/a><\\/p>\"}},\"11\":{\"type\":\"blokk\",\"enabled\":\"1\",\"fields\":{\"tittel\":\"Booking\",\"ikon\":[\"16\"],\"rikTekst\":\"<p>Reserver bord eller book <strong>egne dedikerte selskapslokaler med eget vertskap<\\/strong> og underholdning.&nbsp;<\\/p>\",\"knapp\":\"<p><a href=\\\"mailto:kommandanten@festningenservering.no\\\">Send epost<\\/a><\\/p>\"}}},\"31\":{\"13\":{\"type\":\"enkel\",\"enabled\":\"1\",\"fields\":{\"bilde\":[\"9\"],\"posisjon\":\"right\",\"overskrift\":\"Restauranten\",\"tekst\":\"<p>Lorem ipsum dolor sit amet, consectetur adipiscing elit, sed do eiusmod tempor incididunt ut labore et dolore magna aliqua. Ut enim ad minim veniam, quis nostrud exercitation ullamco laboris nisi.<br><br><a href=\\\"http:\\/\\/festningen.local\\/restaurant#entry:3:url\\\"><strong>Les mer<\\/strong><\\/a><\\/p>\"}},\"14\":{\"type\":\"dobbel\",\"enabled\":\"1\",\"fields\":{\"bilde\":[\"6\"],\"overskrift\":\"Dobbel restaurant\",\"tekst\":\"<p>Lorem ipsum dolor sit amet, consectetur adipiscing elit, sed do eiusmod tempor incididunt ut labore et dolore magna aliqua. Ut enim ad minim veniam, quis nostrud exercitation ullamco laboris nisi.<br><br><a href=\\\"http:\\/\\/festningen.local\\/restaurant#entry:3:url\\\"><strong>Les mer<\\/strong><\\/a><\\/p>\",\"posisjon\":\"left\"}},\"17\":{\"type\":\"enkel\",\"enabled\":\"1\",\"fields\":{\"bilde\":[\"9\"],\"posisjon\":\"left\",\"overskrift\":\"Kuk\",\"tekst\":\"<p>Test<\\/p>\"}}},\"23\":\"<p>P\\u00e5 historiske Kristiansten festning i Trondheim ligger <strong>Restaurant Kommandanten<\\/strong> i den gamle kommandant-boligen.<\\/p>\",\"25\":\"Festningen servering og kulturarena\",\"22\":[\"8\"]}}', '2017-02-12 11:42:18', '2017-02-12 11:42:18', '43334e22-03d9-4178-8b1d-9ddb656768b8'),
 ('22', '2', '1', '1', 'nb_no', '19', '', '{\"typeId\":null,\"authorId\":null,\"title\":\"Forside\",\"slug\":\"forside\",\"postDate\":1486740585,\"expiryDate\":null,\"enabled\":1,\"parentId\":null,\"fields\":{\"26\":{\"10\":{\"type\":\"blokk\",\"enabled\":\"1\",\"fields\":{\"tittel\":\"\\u00c5pningstider\",\"ikon\":[\"15\"],\"rikTekst\":\"<table><tbody><tr><th>Tirsdag - Fredag<\\/th>\\r\\n    <th class=\\\"tg-yw4l\\\">11:00 - 23:00<\\/th>\\r\\n  <\\/tr><tr><td>L\\u00f8rdag - S\\u00f8ndag<\\/td>\\r\\n    <td>11:00 - 23:00<\\/td>\\r\\n  <\\/tr><\\/tbody><\\/table>\\r\\n<p><br><\\/p>\\r\\n<p>M\\u00f8ter og selskap etter avtale<\\/p>\",\"knapp\":\"<p><a href=\\\"tel:45052666\\\">TLF: 450 52 666<\\/a><\\/p>\"}},\"11\":{\"type\":\"blokk\",\"enabled\":\"1\",\"fields\":{\"tittel\":\"Booking\",\"ikon\":[\"16\"],\"rikTekst\":\"<p>Reserver bord eller book <strong>egne dedikerte selskapslokaler med eget vertskap<\\/strong> og underholdning.&nbsp;<\\/p>\",\"knapp\":\"<p><a href=\\\"mailto:kommandanten@festningenservering.no\\\">Send epost<\\/a><\\/p>\"}}},\"31\":{\"13\":{\"type\":\"enkel\",\"enabled\":\"1\",\"fields\":{\"bilde\":[\"9\"],\"posisjon\":\"right\",\"overskrift\":\"Restauranten\",\"tekst\":\"<p>Lorem ipsum dolor sit amet, consectetur adipiscing elit, sed do eiusmod tempor incididunt ut labore et dolore magna aliqua. Ut enim ad minim veniam, quis nostrud exercitation ullamco laboris nisi.<br><br><a href=\\\"http:\\/\\/festningen.local\\/restaurant#entry:3:url\\\"><strong>Les mer<\\/strong><\\/a><\\/p>\"}},\"14\":{\"type\":\"dobbel\",\"enabled\":\"1\",\"fields\":{\"bilde\":[\"6\"],\"overskrift\":\"Dobbel restaurant\",\"tekst\":\"<p>Lorem ipsum dolor sit amet, consectetur adipiscing elit, sed do eiusmod tempor incididunt ut labore et dolore magna aliqua. Ut enim ad minim veniam, quis nostrud exercitation ullamco laboris nisi.<br><br><a href=\\\"http:\\/\\/festningen.local\\/restaurant#entry:3:url\\\"><strong>Les mer<\\/strong><\\/a><\\/p>\",\"posisjon\":\"left\"}},\"17\":{\"type\":\"enkel\",\"enabled\":\"1\",\"fields\":{\"bilde\":[\"9\"],\"posisjon\":\"right\",\"overskrift\":\"Kuk\",\"tekst\":\"<p>Test<\\/p>\"}}},\"23\":\"<p>P\\u00e5 historiske Kristiansten festning i Trondheim ligger <strong>Restaurant Kommandanten<\\/strong> i den gamle kommandant-boligen.<\\/p>\",\"25\":\"Festningen servering og kulturarena\",\"22\":[\"8\"]}}', '2017-02-12 14:50:11', '2017-02-12 14:50:11', '6055f083-12c4-4da1-be96-c9f732836d40'),
 ('23', '2', '1', '1', 'nb_no', '20', '', '{\"typeId\":null,\"authorId\":null,\"title\":\"Forside\",\"slug\":\"forside\",\"postDate\":1486740585,\"expiryDate\":null,\"enabled\":1,\"parentId\":null,\"fields\":{\"26\":{\"10\":{\"type\":\"blokk\",\"enabled\":\"1\",\"fields\":{\"tittel\":\"\\u00c5pningstider\",\"ikon\":[\"15\"],\"rikTekst\":\"<table><tbody><tr><th>Tirsdag - Fredag<\\/th>\\r\\n    <th class=\\\"tg-yw4l\\\">11:00 - 23:00<\\/th>\\r\\n  <\\/tr><tr><td>L\\u00f8rdag - S\\u00f8ndag<\\/td>\\r\\n    <td>11:00 - 23:00<\\/td>\\r\\n  <\\/tr><\\/tbody><\\/table>\\r\\n<p><br><\\/p>\\r\\n<p>M\\u00f8ter og selskap etter avtale<\\/p>\",\"knapp\":\"<p><a href=\\\"tel:45052666\\\">TLF: 450 52 666<\\/a><\\/p>\"}},\"11\":{\"type\":\"blokk\",\"enabled\":\"1\",\"fields\":{\"tittel\":\"Booking\",\"ikon\":[\"16\"],\"rikTekst\":\"<p>Reserver bord eller book <strong>egne dedikerte selskapslokaler med eget vertskap<\\/strong> og underholdning.&nbsp;<\\/p>\",\"knapp\":\"<p><a href=\\\"mailto:kommandanten@festningenservering.no\\\">Send epost<\\/a><\\/p>\"}}},\"31\":{\"13\":{\"type\":\"enkel\",\"enabled\":\"1\",\"fields\":{\"bilde\":[\"9\"],\"posisjon\":\"left\",\"overskrift\":\"Restauranten\",\"tekst\":\"<p>Lorem ipsum dolor sit amet, consectetur adipiscing elit, sed do eiusmod tempor incididunt ut labore et dolore magna aliqua. Ut enim ad minim veniam, quis nostrud exercitation ullamco laboris nisi.<br><br><a href=\\\"http:\\/\\/festningen.local\\/restaurant#entry:3:url\\\"><strong>Les mer<\\/strong><\\/a><\\/p>\"}},\"14\":{\"type\":\"dobbel\",\"enabled\":\"1\",\"fields\":{\"bilde\":[\"6\"],\"overskrift\":\"Dobbel restaurant\",\"tekst\":\"<p>Lorem ipsum dolor sit amet, consectetur adipiscing elit, sed do eiusmod tempor incididunt ut labore et dolore magna aliqua. Ut enim ad minim veniam, quis nostrud exercitation ullamco laboris nisi.<br><br><a href=\\\"http:\\/\\/festningen.local\\/restaurant#entry:3:url\\\"><strong>Les mer<\\/strong><\\/a><\\/p>\",\"posisjon\":\"left\"}},\"17\":{\"type\":\"enkel\",\"enabled\":\"1\",\"fields\":{\"bilde\":[\"9\"],\"posisjon\":\"right\",\"overskrift\":\"Kuk\",\"tekst\":\"<p>Test<\\/p>\"}}},\"23\":\"<p>P\\u00e5 historiske Kristiansten festning i Trondheim ligger <strong>Restaurant Kommandanten<\\/strong> i den gamle kommandant-boligen.<\\/p>\",\"25\":\"Festningen servering og kulturarena\",\"22\":[\"8\"]}}', '2017-02-12 14:50:41', '2017-02-12 14:50:41', '3ef78d2d-0407-4891-85e2-893b20092847'),
 ('24', '2', '1', '1', 'nb_no', '21', '', '{\"typeId\":null,\"authorId\":null,\"title\":\"Forside\",\"slug\":\"forside\",\"postDate\":1486740585,\"expiryDate\":null,\"enabled\":1,\"parentId\":null,\"fields\":{\"26\":{\"10\":{\"type\":\"blokk\",\"enabled\":\"1\",\"fields\":{\"tittel\":\"\\u00c5pningstider\",\"ikon\":[\"15\"],\"rikTekst\":\"<table><tbody><tr><th>Tirsdag - Fredag<\\/th>\\r\\n    <th class=\\\"tg-yw4l\\\">11:00 - 23:00<\\/th>\\r\\n  <\\/tr><tr><td>L\\u00f8rdag - S\\u00f8ndag<\\/td>\\r\\n    <td>11:00 - 23:00<\\/td>\\r\\n  <\\/tr><\\/tbody><\\/table>\\r\\n<p><br><\\/p>\\r\\n<p>M\\u00f8ter og selskap etter avtale<\\/p>\",\"knapp\":\"<p><a href=\\\"tel:45052666\\\">TLF: 450 52 666<\\/a><\\/p>\"}},\"11\":{\"type\":\"blokk\",\"enabled\":\"1\",\"fields\":{\"tittel\":\"Booking\",\"ikon\":[\"16\"],\"rikTekst\":\"<p>Reserver bord eller book <strong>egne dedikerte selskapslokaler med eget vertskap<\\/strong> og underholdning.&nbsp;<\\/p>\",\"knapp\":\"<p><a href=\\\"mailto:kommandanten@festningenservering.no\\\">Send epost<\\/a><\\/p>\"}}},\"31\":{\"13\":{\"type\":\"enkel\",\"enabled\":\"1\",\"fields\":{\"bilde\":[\"9\"],\"posisjon\":\"left\",\"overskrift\":\"Restauranten\",\"tekst\":\"<p>Lorem ipsum dolor sit amet, consectetur adipiscing elit, sed do eiusmod tempor incididunt ut labore et dolore magna aliqua. Ut enim ad minim veniam, quis nostrud exercitation ullamco laboris nisi.<br><br><a href=\\\"http:\\/\\/festningen.local\\/restaurant#entry:3:url\\\"><strong>Les mer<\\/strong><\\/a><\\/p>\"}},\"14\":{\"type\":\"dobbel\",\"enabled\":\"1\",\"fields\":{\"bilde\":[\"6\"],\"overskrift\":\"Dobbel restaurant\",\"tekst\":\"<p>Lorem ipsum dolor sit amet, consectetur adipiscing elit, sed do eiusmod tempor incididunt ut labore et dolore magna aliqua. Ut enim ad minim veniam, quis nostrud exercitation ullamco laboris nisi.<br><br><a href=\\\"http:\\/\\/festningen.local\\/restaurant#entry:3:url\\\"><strong>Les mer<\\/strong><\\/a><\\/p>\",\"posisjon\":\"right\"}},\"17\":{\"type\":\"enkel\",\"enabled\":\"1\",\"fields\":{\"bilde\":[\"9\"],\"posisjon\":\"right\",\"overskrift\":\"Kuk\",\"tekst\":\"<p>Test<\\/p>\"}}},\"23\":\"<p>P\\u00e5 historiske Kristiansten festning i Trondheim ligger <strong>Restaurant Kommandanten<\\/strong> i den gamle kommandant-boligen.<\\/p>\",\"25\":\"Festningen servering og kulturarena\",\"22\":[\"8\"]}}', '2017-02-12 15:39:56', '2017-02-12 15:39:56', 'b10aad46-5daa-4e13-aa93-0f949cf8713d'),
 ('25', '2', '1', '1', 'nb_no', '22', '', '{\"typeId\":null,\"authorId\":null,\"title\":\"Forside\",\"slug\":\"forside\",\"postDate\":1486740585,\"expiryDate\":null,\"enabled\":1,\"parentId\":null,\"fields\":{\"26\":{\"10\":{\"type\":\"blokk\",\"enabled\":\"1\",\"fields\":{\"tittel\":\"\\u00c5pningstider\",\"ikon\":[\"15\"],\"rikTekst\":\"<table><tbody><tr><th>Tirsdag - Fredag<\\/th>\\r\\n    <th class=\\\"tg-yw4l\\\">11:00 - 23:00<\\/th>\\r\\n  <\\/tr><tr><td>L\\u00f8rdag - S\\u00f8ndag<\\/td>\\r\\n    <td>11:00 - 23:00<\\/td>\\r\\n  <\\/tr><\\/tbody><\\/table>\\r\\n<p><br><\\/p>\\r\\n<p>M\\u00f8ter og selskap etter avtale<\\/p>\",\"knapp\":\"<p><a href=\\\"tel:45052666\\\">TLF: 450 52 666<\\/a><\\/p>\"}},\"11\":{\"type\":\"blokk\",\"enabled\":\"1\",\"fields\":{\"tittel\":\"Booking\",\"ikon\":[\"16\"],\"rikTekst\":\"<p>Reserver bord eller book <strong>egne dedikerte selskapslokaler med eget vertskap<\\/strong> og underholdning.&nbsp;<\\/p>\",\"knapp\":\"<p><a href=\\\"mailto:kommandanten@festningenservering.no\\\">Send epost<\\/a><\\/p>\"}}},\"31\":{\"13\":{\"type\":\"enkel\",\"enabled\":\"1\",\"fields\":{\"bilde\":[\"9\"],\"posisjon\":\"left\",\"overskrift\":\"Restauranten\",\"tekst\":\"<p>Lorem ipsum dolor sit amet, consectetur adipiscing elit, sed do eiusmod tempor incididunt ut labore et dolore magna aliqua. Ut enim ad minim veniam, quis nostrud exercitation ullamco laboris nisi.Lorem ipsum dolor sit amet, consectetur adipiscing elit, sed do eiusmod tempor incididunt ut labore et dolore magna aliqua. Ut enim ad minim veniam, quis nostrud exercitation ullamco laboris nisi.Lorem ipsum dolor sit amet, consectetur adipiscing elit, sed do eiusmod tempor incididunt ut labore et dolore magna aliqua. Ut enim ad minim veniam, quis nostrud exercitation ullamco laboris nisi.<br><br><a href=\\\"http:\\/\\/festningen.local\\/restaurant#entry:3:url\\\"><strong>Les mer<\\/strong><\\/a><\\/p>\"}},\"14\":{\"type\":\"dobbel\",\"enabled\":\"1\",\"fields\":{\"bilde\":[\"6\"],\"overskrift\":\"Dobbel restaurant\",\"tekst\":\"<p>Lorem ipsum dolor sit amet, consectetur adipiscing elit, sed do eiusmod tempor incididunt ut labore et dolore magna aliqua. Ut enim ad minim veniam, quis nostrud exercitation ullamco laboris nisi.<br><br><a href=\\\"http:\\/\\/festningen.local\\/restaurant#entry:3:url\\\"><strong>Les mer<\\/strong><\\/a><\\/p>\",\"posisjon\":\"right\"}},\"17\":{\"type\":\"enkel\",\"enabled\":\"1\",\"fields\":{\"bilde\":[\"9\"],\"posisjon\":\"right\",\"overskrift\":\"Kuk\",\"tekst\":\"<p>Test<\\/p>\"}}},\"23\":\"<p>P\\u00e5 historiske Kristiansten festning i Trondheim ligger <strong>Restaurant Kommandanten<\\/strong> i den gamle kommandant-boligen.<\\/p>\",\"25\":\"Festningen servering og kulturarena\",\"22\":[\"8\"]}}', '2017-02-12 16:01:42', '2017-02-12 16:01:42', 'c1586c28-aeb1-4d7c-a25b-695dedd723f7'),
 ('26', '2', '1', '1', 'nb_no', '23', '', '{\"typeId\":null,\"authorId\":null,\"title\":\"Forside\",\"slug\":\"forside\",\"postDate\":1486740585,\"expiryDate\":null,\"enabled\":1,\"parentId\":null,\"fields\":{\"26\":{\"10\":{\"type\":\"blokk\",\"enabled\":\"1\",\"fields\":{\"tittel\":\"\\u00c5pningstider\",\"ikon\":[\"15\"],\"rikTekst\":\"<table><tbody><tr><th>Tirsdag - Fredag<\\/th>\\r\\n    <th class=\\\"tg-yw4l\\\">11:00 - 23:00<\\/th>\\r\\n  <\\/tr><tr><td>L\\u00f8rdag - S\\u00f8ndag<\\/td>\\r\\n    <td>11:00 - 23:00<\\/td>\\r\\n  <\\/tr><\\/tbody><\\/table>\\r\\n<p><br><\\/p>\\r\\n<p>M\\u00f8ter og selskap etter avtale<\\/p>\",\"knapp\":\"<p><a href=\\\"tel:45052666\\\">TLF: 450 52 666<\\/a><\\/p>\"}},\"11\":{\"type\":\"blokk\",\"enabled\":\"1\",\"fields\":{\"tittel\":\"Booking\",\"ikon\":[\"16\"],\"rikTekst\":\"<p>Reserver bord eller book <strong>egne dedikerte selskapslokaler med eget vertskap<\\/strong> og underholdning.&nbsp;<\\/p>\",\"knapp\":\"<p><a href=\\\"mailto:kommandanten@festningenservering.no\\\">Send epost<\\/a><\\/p>\"}}},\"31\":{\"13\":{\"type\":\"enkel\",\"enabled\":\"1\",\"fields\":{\"bilde\":[\"9\"],\"posisjon\":\"left\",\"overskrift\":\"Restauranten\",\"tekst\":\"<p>Lorem ipsum dolor sit amet, consectetur adipiscing elit, sed do eiusmod tempor incididunt ut labore et dolore magna aliqua. Ut enim ad minim veniam, quis nostrud exercitation ullamco laboris nisi.Lorem ipsum dolor sit amet, consectetur adipiscing elit, sed do eiusmod tempor incididunt ut labore et dolore magna aliqua. Ut enim ad minim veniam, quis nostrud exercitation ullamco laboris nisi.Lorem ipsum dolor sit amet, consectetur adipiscing elit, sed do eiusmod tempor incididunt ut labore et dolore magna aliqua. Ut enim ad minim veniam, quis nostrud exercitation ullamco laboris nisi.<br><br><a href=\\\"http:\\/\\/festningen.local\\/restaurant#entry:3:url\\\"><strong>Les mer<\\/strong><\\/a><\\/p>\"}},\"14\":{\"type\":\"dobbel\",\"enabled\":\"1\",\"fields\":{\"bilde\":[\"6\"],\"overskrift\":\"Dobbel restaurant\",\"tekst\":\"<p>Lorem ipsum dolor sit amet, consectetur adipiscing elit, sed do eiusmod tempor incididunt ut labore et dolore magna aliqua. Ut enim ad minim veniam, quis nostrud exercitation ullamco laboris nisi.<br><br><a href=\\\"http:\\/\\/festningen.local\\/restaurant#entry:3:url\\\"><strong>Les mer<\\/strong><\\/a><\\/p>\",\"posisjon\":\"right\"}},\"17\":{\"type\":\"enkel\",\"enabled\":\"1\",\"fields\":{\"bilde\":[\"9\"],\"posisjon\":\"right\",\"overskrift\":\"Kuk\",\"tekst\":\"<p>Test<\\/p>\"}}},\"46\":{\"new1\":{\"type\":\"enkel\",\"enabled\":\"1\",\"fields\":{\"overskrift\":\"Restauranten\",\"tekst\":\"<p>Lorem ipsum dolor sit amet, consectetur adipiscing elit, sed do eiusmod tempor incididunt ut labore et dolore magna aliqua. Ut enim ad minim veniam, quis nostrud exercitation ullamco laboris nisi.Lorem ipsum dolor sit amet, consectetur adipiscing elit, sed do eiusmod tempor incididunt ut labore et dolore magna aliqua. Ut enim ad minim veniam, quis nostrud exercitation ullamco laboris nisi.Lorem ipsum dolor sit amet, consectetur adipiscing elit, sed do eiusmod tempor incididunt ut labore et dolore magna aliqua. Ut enim ad minim veniam, quis nostrud exercitation ullamco laboris nisi.<br><br><a href=\\\"http:\\/\\/festningen.local\\/restaurant\\\">Les mer<\\/a><\\/p>\",\"bilde\":[\"7\"]}}},\"23\":\"<p>P\\u00e5 historiske Kristiansten festning i Trondheim ligger <strong>Restaurant Kommandanten<\\/strong> i den gamle kommandant-boligen.<\\/p>\",\"25\":\"Festningen servering og kulturarena\",\"22\":[\"8\"]}}', '2017-02-12 16:23:11', '2017-02-12 16:23:11', '19d0f5c8-a4e3-4f32-9d48-3f14c45e649f'),
 ('27', '2', '1', '1', 'nb_no', '24', '', '{\"typeId\":null,\"authorId\":null,\"title\":\"Forside\",\"slug\":\"forside\",\"postDate\":1486740585,\"expiryDate\":null,\"enabled\":1,\"parentId\":null,\"fields\":{\"26\":{\"10\":{\"type\":\"blokk\",\"enabled\":\"1\",\"fields\":{\"tittel\":\"\\u00c5pningstider\",\"ikon\":[\"15\"],\"rikTekst\":\"<table><tbody><tr><th>Tirsdag - Fredag<\\/th>\\r\\n    <th class=\\\"tg-yw4l\\\">11:00 - 23:00<\\/th>\\r\\n  <\\/tr><tr><td>L\\u00f8rdag - S\\u00f8ndag<\\/td>\\r\\n    <td>11:00 - 23:00<\\/td>\\r\\n  <\\/tr><\\/tbody><\\/table>\\r\\n<p><br><\\/p>\\r\\n<p>M\\u00f8ter og selskap etter avtale<\\/p>\",\"knapp\":\"<p><a href=\\\"tel:45052666\\\">TLF: 450 52 666<\\/a><\\/p>\"}},\"11\":{\"type\":\"blokk\",\"enabled\":\"1\",\"fields\":{\"tittel\":\"Booking\",\"ikon\":[\"16\"],\"rikTekst\":\"<p>Reserver bord eller book <strong>egne dedikerte selskapslokaler med eget vertskap<\\/strong> og underholdning.&nbsp;<\\/p>\",\"knapp\":\"<p><a href=\\\"mailto:kommandanten@festningenservering.no\\\">Send epost<\\/a><\\/p>\"}}},\"31\":{\"13\":{\"type\":\"enkel\",\"enabled\":\"1\",\"fields\":{\"bilde\":[\"9\"],\"posisjon\":\"left\",\"overskrift\":\"Restauranten\",\"tekst\":\"<p>Lorem ipsum dolor sit amet, consectetur adipiscing elit, sed do eiusmod tempor incididunt ut labore et dolore magna aliqua. Ut enim ad minim veniam, quis nostrud exercitation ullamco laboris nisi.Lorem ipsum dolor sit amet, consectetur adipiscing elit, sed do eiusmod tempor incididunt ut labore et dolore magna aliqua. Ut enim ad minim veniam, quis nostrud exercitation ullamco laboris nisi.Lorem ipsum dolor sit amet, consectetur adipiscing elit, sed do eiusmod tempor incididunt ut labore et dolore magna aliqua. Ut enim ad minim veniam, quis nostrud exercitation ullamco laboris nisi.<br><br><a href=\\\"http:\\/\\/festningen.local\\/restaurant#entry:3:url\\\"><strong>Les mer<\\/strong><\\/a><\\/p>\"}},\"14\":{\"type\":\"dobbel\",\"enabled\":\"1\",\"fields\":{\"bilde\":[\"6\"],\"overskrift\":\"Dobbel restaurant\",\"tekst\":\"<p>Lorem ipsum dolor sit amet, consectetur adipiscing elit, sed do eiusmod tempor incididunt ut labore et dolore magna aliqua. Ut enim ad minim veniam, quis nostrud exercitation ullamco laboris nisi.<br><br><a href=\\\"http:\\/\\/festningen.local\\/restaurant#entry:3:url\\\"><strong>Les mer<\\/strong><\\/a><\\/p>\",\"posisjon\":\"right\"}},\"17\":{\"type\":\"enkel\",\"enabled\":\"1\",\"fields\":{\"bilde\":[\"9\"],\"posisjon\":\"right\",\"overskrift\":\"Kuk\",\"tekst\":\"<p>Test<\\/p>\"}}},\"46\":{\"18\":{\"type\":\"enkel\",\"enabled\":\"1\",\"fields\":{\"overskrift\":\"Restauranten\",\"tekst\":\"<p>Lorem ipsum dolor sit amet, consectetur adipiscing elit, sed do eiusmod tempor incididunt ut labore et dolore magna aliqua. Ut enim ad minim veniam, quis nostrud exercitation ullamco laboris nisi.Lorem ipsum dolor sit amet, consectetur adipiscing elit, sed do eiusmod tempor incididunt ut labore et dolore magna aliqua. Ut enim ad minim veniam, quis nostrud exercitation ullamco laboris nisi.Lorem ipsum dolor sit amet, consectetur adipiscing elit, sed do eiusmod tempor incididunt ut labore et dolore magna aliqua. Ut enim ad minim veniam, quis nostrud exercitation ullamco laboris nisi.<br><br><a href=\\\"http:\\/\\/festningen.local\\/restaurant\\\">Les mer<\\/a><\\/p>\",\"bilde\":[\"7\"]}},\"new1\":{\"type\":\"menyer\",\"enabled\":\"1\",\"fields\":{\"overskrift\":\"Ukens 3-retter, lunsj og klassisk meny\",\"tekst\":\"<p>Lorem ipsum dolor sit amet, consectetur adipiscing elit, sed do eiusmod tempor incididunt ut l abore et dolore magna aliqua. Ut enim ad minim veniam, quis nostrud exercitation ullamco laboris nisi. sed do eiusmod tempor incididunt ut l abore et dolore magna aliqua. Ut enim ad minim veniam, quis nostrud exercitation ullamco laboris nisi. sed do eiusmod tempor incididunt ut l abore et dolore magna aliqua. Ut enim ad minim veniam, quis nostrud exercitation ullamco laboris nisi.sed do eiusmod tempor incididunt ut l abore et dolore magna aliqua. Ut enim ad minim veniam, quis nostrud exercitation ullamco laboris nisi.<\\/p><p><strong>Les mer &nbsp;&nbsp;<\\/strong><\\/p>\",\"menyer\":[{\"col1\":\"Lunsj\",\"col2\":\"11:00 - 16:00\"},{\"col1\":\"Klassisk\",\"col2\":\"16:00 - 23:00\"},{\"col1\":\"Ukens 3-retter\",\"col2\":\"16:00 - 23:00\"}]}}},\"23\":\"<p>P\\u00e5 historiske Kristiansten festning i Trondheim ligger <strong>Restaurant Kommandanten<\\/strong> i den gamle kommandant-boligen.<\\/p>\",\"25\":\"Festningen servering og kulturarena\",\"22\":[\"8\"]}}', '2017-02-12 16:24:57', '2017-02-12 16:24:57', '4faa5cd2-0807-4d59-992a-6797ceaf15ec'),
 ('28', '2', '1', '1', 'nb_no', '25', '', '{\"typeId\":null,\"authorId\":null,\"title\":\"Forside\",\"slug\":\"forside\",\"postDate\":1486740585,\"expiryDate\":null,\"enabled\":1,\"parentId\":null,\"fields\":{\"26\":{\"10\":{\"type\":\"blokk\",\"enabled\":\"1\",\"fields\":{\"tittel\":\"\\u00c5pningstider\",\"ikon\":[\"15\"],\"rikTekst\":\"<table><tbody><tr><th>Tirsdag - Fredag<\\/th>\\r\\n    <th class=\\\"tg-yw4l\\\">11:00 - 23:00<\\/th>\\r\\n  <\\/tr><tr><td>L\\u00f8rdag - S\\u00f8ndag<\\/td>\\r\\n    <td>11:00 - 23:00<\\/td>\\r\\n  <\\/tr><\\/tbody><\\/table>\\r\\n<p><br><\\/p>\\r\\n<p>M\\u00f8ter og selskap etter avtale<\\/p>\",\"knapp\":\"<p><a href=\\\"tel:45052666\\\">TLF: 450 52 666<\\/a><\\/p>\"}},\"11\":{\"type\":\"blokk\",\"enabled\":\"1\",\"fields\":{\"tittel\":\"Booking\",\"ikon\":[\"16\"],\"rikTekst\":\"<p>Reserver bord eller book <strong>egne dedikerte selskapslokaler med eget vertskap<\\/strong> og underholdning.&nbsp;<\\/p>\",\"knapp\":\"<p><a href=\\\"mailto:kommandanten@festningenservering.no\\\">Send epost<\\/a><\\/p>\"}}},\"31\":{\"13\":{\"type\":\"enkel\",\"enabled\":\"1\",\"fields\":{\"bilde\":[\"9\"],\"posisjon\":\"left\",\"overskrift\":\"Restauranten\",\"tekst\":\"<p>Lorem ipsum dolor sit amet, consectetur adipiscing elit, sed do eiusmod tempor incididunt ut labore et dolore magna aliqua. Ut enim ad minim veniam, quis nostrud exercitation ullamco laboris nisi.Lorem ipsum dolor sit amet, consectetur adipiscing elit, sed do eiusmod tempor incididunt ut labore et dolore magna aliqua. Ut enim ad minim veniam, quis nostrud exercitation ullamco laboris nisi.Lorem ipsum dolor sit amet, consectetur adipiscing elit, sed do eiusmod tempor incididunt ut labore et dolore magna aliqua. Ut enim ad minim veniam, quis nostrud exercitation ullamco laboris nisi.<br><br><a href=\\\"http:\\/\\/festningen.local\\/restaurant#entry:3:url\\\"><strong>Les mer<\\/strong><\\/a><\\/p>\"}},\"14\":{\"type\":\"dobbel\",\"enabled\":\"1\",\"fields\":{\"bilde\":[\"6\"],\"overskrift\":\"Dobbel restaurant\",\"tekst\":\"<p>Lorem ipsum dolor sit amet, consectetur adipiscing elit, sed do eiusmod tempor incididunt ut labore et dolore magna aliqua. Ut enim ad minim veniam, quis nostrud exercitation ullamco laboris nisi.<br><br><a href=\\\"http:\\/\\/festningen.local\\/restaurant#entry:3:url\\\"><strong>Les mer<\\/strong><\\/a><\\/p>\",\"posisjon\":\"right\"}},\"17\":{\"type\":\"enkel\",\"enabled\":\"1\",\"fields\":{\"bilde\":[\"9\"],\"posisjon\":\"right\",\"overskrift\":\"Kuk\",\"tekst\":\"<p>Test<\\/p>\"}}},\"46\":{\"18\":{\"type\":\"enkel\",\"enabled\":\"1\",\"fields\":{\"overskrift\":\"Restauranten\",\"tekst\":\"<p>Lorem ipsum dolor sit amet, consectetur adipiscing elit, sed do eiusmod tempor incididunt ut labore et dolore magna aliqua. Ut enim ad minim veniam, quis nostrud exercitation ullamco laboris nisi.Lorem ipsum dolor sit amet, consectetur adipiscing elit, sed do eiusmod tempor incididunt ut labore.<br><br><a href=\\\"http:\\/\\/festningen.local\\/restaurant\\\"><strong>Les mer<\\/strong><\\/a><\\/p>\",\"bilde\":[\"7\"]}},\"19\":{\"type\":\"menyer\",\"enabled\":\"1\",\"fields\":{\"overskrift\":\"Ukens 3-retter, lunsj og klassisk meny\",\"tekst\":\"<p>Lorem ipsum dolor sit amet, consectetur adipiscing elit, sed do eiusmod tempor incididunt ut l abore et dolore magna aliqua. Ut enim ad minim veniam, quis nostrud exercitation ullamco laboris nisi. sed do eiusmod tempor incididunt ut l abore et dolore magna aliqua. Ut enim ad minim veniam, quis nostrud exercitation ullamco laboris nisi. sed do eiusmod tempor incididunt ut l abore et dolore magna aliqua. Ut enim ad minim veniam, quis nostrud exercitation ullamco laboris nisi.sed do eiusmod tempor incididunt ut l abore et dolore magna aliqua. Ut enim ad minim veniam, quis nostrud exercitation ullamco laboris nisi.<\\/p>\\r\\n<p><strong>Les mer &nbsp;&nbsp;<\\/strong><\\/p>\",\"menyer\":[{\"col1\":\"Lunsj\",\"col2\":\"11:00 - 16:00\"},{\"col1\":\"Klassisk\",\"col2\":\"16:00 - 23:00\"},{\"col1\":\"Ukens 3-retter\",\"col2\":\"16:00 - 23:00\"}]}}},\"23\":\"<p>P\\u00e5 historiske Kristiansten festning i Trondheim ligger <strong>Restaurant Kommandanten<\\/strong> i den gamle kommandant-boligen.<\\/p>\",\"25\":\"Festningen servering og kulturarena\",\"22\":[\"8\"]}}', '2017-02-12 16:29:04', '2017-02-12 16:29:04', '966aa300-d258-42be-98e9-2cce535fa240'),
 ('29', '2', '1', '1', 'nb_no', '26', '', '{\"typeId\":null,\"authorId\":null,\"title\":\"Forside\",\"slug\":\"forside\",\"postDate\":1486740585,\"expiryDate\":null,\"enabled\":1,\"parentId\":null,\"fields\":{\"26\":{\"10\":{\"type\":\"blokk\",\"enabled\":\"1\",\"fields\":{\"tittel\":\"\\u00c5pningstider\",\"ikon\":[\"15\"],\"rikTekst\":\"<table><tbody><tr><th>Tirsdag - Fredag<\\/th>\\r\\n    <th class=\\\"tg-yw4l\\\">11:00 - 23:00<\\/th>\\r\\n  <\\/tr><tr><td>L\\u00f8rdag - S\\u00f8ndag<\\/td>\\r\\n    <td>11:00 - 23:00<\\/td>\\r\\n  <\\/tr><\\/tbody><\\/table>\\r\\n<p><br><\\/p>\\r\\n<p>M\\u00f8ter og selskap etter avtale<\\/p>\",\"knapp\":\"<p><a href=\\\"tel:45052666\\\">TLF: 450 52 666<\\/a><\\/p>\"}},\"11\":{\"type\":\"blokk\",\"enabled\":\"1\",\"fields\":{\"tittel\":\"Booking\",\"ikon\":[\"16\"],\"rikTekst\":\"<p>Reserver bord eller book <strong>egne dedikerte selskapslokaler med eget vertskap<\\/strong> og underholdning.&nbsp;<\\/p>\",\"knapp\":\"<p><a href=\\\"mailto:kommandanten@festningenservering.no\\\">Send epost<\\/a><\\/p>\"}}},\"46\":{\"18\":{\"type\":\"enkel\",\"enabled\":\"1\",\"fields\":{\"overskrift\":\"Restauranten\",\"tekst\":\"<p>Lorem ipsum dolor sit amet, consectetur adipiscing elit, sed do eiusmod tempor incididunt ut labore et dolore magna aliqua. Ut enim ad minim veniam, quis nostrud exercitation ullamco laboris nisi.Lorem ipsum dolor sit amet, consectetur adipiscing elit, sed do eiusmod tempor incididunt ut labore.<br><br><a href=\\\"http:\\/\\/festningen.local\\/restaurant\\\"><strong>Les mer<\\/strong><\\/a><\\/p>\",\"bilde\":[\"7\"]}},\"19\":{\"type\":\"menyer\",\"enabled\":\"1\",\"fields\":{\"overskrift\":\"Ukens 3-retter, lunsj og klassisk meny\",\"tekst\":\"<p>Lorem ipsum dolor sit amet, consectetur adipiscing elit, sed do eiusmod tempor incididunt ut l abore et dolore magna aliqua. Ut enim ad minim veniam, quis nostrud exercitation ullamco laboris nisi. sed do eiusmod tempor incididunt ut l abore et dolore magna aliqua. Ut enim ad minim veniam, quis nostrud exercitation ullamco laboris nisi. sed do eiusmod tempor incididunt ut l abore et dolore magna aliqua. Ut enim ad minim veniam, quis nostrud exercitation ullamco laboris nisi.sed do eiusmod tempor incididunt ut l abore et dolore magna aliqua. Ut enim ad minim veniam, quis nostrud exercitation ullamco laboris nisi.<\\/p>\\r\\n<p><strong>Les mer &nbsp;&nbsp;<\\/strong><\\/p>\",\"menyer\":[{\"col1\":\"Lunsj\",\"col2\":\"11:00 - 16:00\"},{\"col1\":\"Klassisk\",\"col2\":\"16:00 - 23:00\"},{\"col1\":\"Ukens 3-retter\",\"col2\":\"16:00 - 23:00\"}]}}},\"23\":\"<p>P\\u00e5 historiske Kristiansten festning i Trondheim ligger <strong>Restaurant Kommandanten<\\/strong> i den gamle kommandant-boligen.<\\/p>\",\"25\":\"Festningen servering og kulturarena\",\"22\":[\"8\"]}}', '2017-02-13 13:36:03', '2017-02-13 13:36:03', 'a1b20017-1487-43ec-87ec-634e96df99a7'),
 ('30', '2', '1', '1', 'nb_no', '27', '', '{\"typeId\":null,\"authorId\":null,\"title\":\"Forside\",\"slug\":\"forside\",\"postDate\":1486740585,\"expiryDate\":null,\"enabled\":1,\"parentId\":null,\"fields\":{\"26\":{\"10\":{\"type\":\"blokk\",\"enabled\":\"1\",\"fields\":{\"tittel\":\"\\u00c5pningstider\",\"ikon\":[\"15\"],\"rikTekst\":\"<table><tbody><tr><th>Tirsdag - Fredag<\\/th>\\r\\n    <th class=\\\"tg-yw4l\\\">11:00 - 23:00<\\/th>\\r\\n  <\\/tr><tr><td>L\\u00f8rdag - S\\u00f8ndag<\\/td>\\r\\n    <td>11:00 - 23:00<\\/td>\\r\\n  <\\/tr><\\/tbody><\\/table>\\r\\n<p><br><\\/p>\\r\\n<p>M\\u00f8ter og selskap etter avtale<\\/p>\",\"knapp\":\"<p><a href=\\\"tel:45052666\\\">TLF: 450 52 666<\\/a><\\/p>\"}},\"11\":{\"type\":\"blokk\",\"enabled\":\"1\",\"fields\":{\"tittel\":\"Booking\",\"ikon\":[\"16\"],\"rikTekst\":\"<p>Reserver bord eller book <strong>egne dedikerte selskapslokaler med eget vertskap<\\/strong> og underholdning.&nbsp;<\\/p>\",\"knapp\":\"<p><a href=\\\"mailto:kommandanten@festningenservering.no\\\">Send epost<\\/a><\\/p>\"}}},\"54\":{\"new0\":{\"modified\":\"1\",\"type\":\"designblokk\",\"enabled\":\"1\",\"collapsed\":\"0\",\"level\":\"0\",\"fields\":{\"type\":{\"new1\":{\"type\":\"enkel\",\"enabled\":\"1\",\"fields\":{\"tittel\":\"Selskap\",\"tekst\":\"<p>Lorem ipsum dolor sit amet, bryllup adipiscing elit, sed do eiusmod d\\u00e5p og minnestund incididunt ut labore et dolore magna aliqua. Juleord og juleselskap enim ad minim veniam, quis nostrud exercitation ullamco laboris nisi.<\\/p><p><strong><a href=\\\"http:\\/\\/festningen.local\\/selskap#entry:4\\\">Les mer<\\/a><\\/strong><\\/p>\",\"bilde\":[\"7\"],\"bildeposisjon\":\"right\"}},\"new2\":{\"type\":\"enkel\",\"enabled\":\"1\",\"fields\":{\"tittel\":\"Historiske omgivelser\",\"tekst\":\"<p>Lorem ipsum dolor sit amet, consectetur adipiscing elit, sed do eiusmod tempor incididunt ut labore et dolore magna aliqua. Ut enim ad minim veniam, quis nostrud exercitation ullamco laboris nisi.<\\/p><p><strong><a href=\\\"http:\\/\\/festningen.local\\/kristiansten-festning#entry:5\\\">Les mer<\\/a><\\/strong><\\/p>\",\"bilde\":[\"6\"],\"bildeposisjon\":\"right\"}},\"new3\":{\"type\":\"tekstOgBilde\",\"enabled\":\"1\",\"fields\":{\"tittel\":\"Tester\",\"tekst\":\"<p>En test lorem ipsum dolor sit amet, consectetur adipiscing elit, sed do eiusmod tempor incididunt ut labore et dolore magna aliqua. Ut enim ad minim veniam, quis nostrud exercitation ullamco laboris nisi.Les mer<\\/p>\",\"kolonner\":\"toKolonner\",\"bilde\":[\"7\"],\"bildetekst\":\"<p>Lorem ipsum dolor sit amet, consectetur adipiscing elit, sed do eiusmod tempor incididunt ut labore et dolore magna aliqua. Ut enim ad minim veniam, quis nostrud exercitation ullamco laboris nisi.&nbsp;Lorem ipsum dolor sit amet, consectetur adipiscing elit, sed do eiusmod tempor incididunt ut labore et dolore magna aliqua. Ut enim ad minim veniam, quis nostrud exercitation ullamco laboris nisi.<\\/p>\"}}}}}},\"46\":{\"18\":{\"type\":\"enkel\",\"enabled\":\"1\",\"fields\":{\"overskrift\":\"Restauranten\",\"tekst\":\"<p>Lorem ipsum dolor sit amet, consectetur adipiscing elit, sed do eiusmod tempor incididunt ut labore et dolore magna aliqua. Ut enim ad minim veniam, quis nostrud exercitation ullamco laboris nisi.Lorem ipsum dolor sit amet, consectetur adipiscing elit, sed do eiusmod tempor incididunt ut labore.<br><br><a href=\\\"http:\\/\\/festningen.local\\/restaurant\\\"><strong>Les mer<\\/strong><\\/a><\\/p>\",\"bilde\":[\"7\"]}},\"19\":{\"type\":\"menyer\",\"enabled\":\"1\",\"fields\":{\"overskrift\":\"Ukens 3-retter, lunsj og klassisk meny\",\"tekst\":\"<p>Lorem ipsum dolor sit amet, consectetur adipiscing elit, sed do eiusmod tempor incididunt ut l abore et dolore magna aliqua. Ut enim ad minim veniam, quis nostrud exercitation ullamco laboris nisi. sed do eiusmod tempor incididunt ut l abore et dolore magna aliqua. Ut enim ad minim veniam, quis nostrud exercitation ullamco laboris nisi. sed do eiusmod tempor incididunt ut l abore et dolore magna aliqua. Ut enim ad minim veniam, quis nostrud exercitation ullamco laboris nisi.sed do eiusmod tempor incididunt ut l abore et dolore magna aliqua. Ut enim ad minim veniam, quis nostrud exercitation ullamco laboris nisi.<\\/p>\\r\\n<p><strong>Les mer &nbsp;&nbsp;<\\/strong><\\/p>\",\"menyer\":[{\"col1\":\"Lunsj\",\"col2\":\"11:00 - 16:00\"},{\"col1\":\"Klassisk\",\"col2\":\"16:00 - 23:00\"},{\"col1\":\"Ukens 3-retter\",\"col2\":\"16:00 - 23:00\"}]}}},\"23\":\"<p>P\\u00e5 historiske Kristiansten festning i Trondheim ligger <strong>Restaurant Kommandanten<\\/strong> i den gamle kommandant-boligen.<\\/p>\",\"25\":\"Festningen servering og kulturarena\",\"22\":[\"8\"]}}', '2017-02-13 13:42:47', '2017-02-13 13:42:47', 'f620c068-77ce-46ac-baeb-16efbaa07b8d'),
 ('31', '2', '1', '1', 'nb_no', '28', '', '{\"typeId\":null,\"authorId\":null,\"title\":\"Forside\",\"slug\":\"forside\",\"postDate\":1486740585,\"expiryDate\":null,\"enabled\":1,\"parentId\":null,\"fields\":{\"26\":{\"10\":{\"type\":\"blokk\",\"enabled\":\"1\",\"fields\":{\"tittel\":\"\\u00c5pningstider\",\"ikon\":[\"15\"],\"rikTekst\":\"<table><tbody><tr><th>Tirsdag - Fredag<\\/th>\\r\\n    <th class=\\\"tg-yw4l\\\">11:00 - 23:00<\\/th>\\r\\n  <\\/tr><tr><td>L\\u00f8rdag - S\\u00f8ndag<\\/td>\\r\\n    <td>11:00 - 23:00<\\/td>\\r\\n  <\\/tr><\\/tbody><\\/table>\\r\\n<p><br><\\/p>\\r\\n<p>M\\u00f8ter og selskap etter avtale<\\/p>\",\"knapp\":\"<p><a href=\\\"tel:45052666\\\">TLF: 450 52 666<\\/a><\\/p>\"}},\"11\":{\"type\":\"blokk\",\"enabled\":\"1\",\"fields\":{\"tittel\":\"Booking\",\"ikon\":[\"16\"],\"rikTekst\":\"<p>Reserver bord eller book <strong>egne dedikerte selskapslokaler med eget vertskap<\\/strong> og underholdning.&nbsp;<\\/p>\",\"knapp\":\"<p><a href=\\\"mailto:kommandanten@festningenservering.no\\\">Send epost<\\/a><\\/p>\"}}},\"54\":{\"22\":{\"modified\":\"0\",\"type\":\"designblokk\",\"enabled\":\"1\",\"collapsed\":\"0\",\"level\":\"0\",\"fields\":{\"type\":{\"23\":{\"type\":\"enkel\",\"enabled\":\"1\",\"fields\":{\"tittel\":\"Selskap\",\"tekst\":\"<p>Lorem ipsum dolor sit amet, bryllup adipiscing elit, sed do eiusmod d\\u00e5p og minnestund incididunt ut labore et dolore magna aliqua. Juleord og juleselskap enim ad minim veniam, quis nostrud exercitation ullamco laboris nisi.<\\/p>\\r\\n<p><strong><a href=\\\"http:\\/\\/festningen.local\\/selskap#entry:4:url\\\">Les mer<\\/a><\\/strong><\\/p>\",\"bilde\":[\"7\"],\"bildeposisjon\":\"right\"}},\"24\":{\"type\":\"enkel\",\"enabled\":\"1\",\"fields\":{\"tittel\":\"Historiske omgivelser\",\"tekst\":\"<p>Lorem ipsum dolor sit amet, consectetur adipiscing elit, sed do eiusmod tempor incididunt ut labore et dolore magna aliqua. Ut enim ad minim veniam, quis nostrud exercitation ullamco laboris nisi.<\\/p>\\r\\n<p><strong><a href=\\\"http:\\/\\/festningen.local\\/kristiansten-festning#entry:5:url\\\">Les mer<\\/a><\\/strong><\\/p>\",\"bilde\":[\"6\"],\"bildeposisjon\":\"right\"}},\"25\":{\"type\":\"tekstOgBilde\",\"enabled\":\"1\",\"fields\":{\"tittel\":\"Tester\",\"tekst\":\"<p>En test lorem ipsum dolor sit amet, consectetur adipiscing elit, sed do eiusmod tempor incididunt ut labore et dolore magna aliqua. Ut enim ad minim veniam, quis nostrud exercitation ullamco laboris nisi.Les mer<\\/p>\",\"kolonner\":\"toKolonner\",\"bilde\":[\"7\"],\"bildetekst\":\"<p>Lorem ipsum dolor sit amet, consectetur adipiscing elit, sed do eiusmod tempor incididunt ut labore et dolore magna aliqua. Ut enim ad minim veniam, quis nostrud exercitation ullamco laboris nisi.&nbsp;Lorem ipsum dolor sit amet, consectetur adipiscing elit, sed do eiusmod tempor incididunt ut labore et dolore magna aliqua. Ut enim ad minim veniam, quis nostrud exercitation ullamco laboris nisi.<\\/p>\"}}}}}},\"46\":{\"18\":{\"type\":\"enkel\",\"enabled\":\"1\",\"fields\":{\"overskrift\":\"Restauranten\",\"tekst\":\"<p>Lorem ipsum dolor sit amet, consectetur adipiscing elit, sed do eiusmod tempor incididunt ut labore et dolore magna aliqua. Ut enim ad minim veniam, quis nostrud exercitation ullamco laboris nisi.Lorem ipsum dolor sit amet, consectetur adipiscing elit, sed do eiusmod tempor incididunt ut labore.<br><br><a href=\\\"http:\\/\\/festningen.local\\/restaurant\\\"><strong>Les mer<\\/strong><\\/a><\\/p>\",\"bilde\":[\"7\"]}},\"19\":{\"type\":\"menyer\",\"enabled\":\"1\",\"fields\":{\"overskrift\":\"Ukens 3-retter, lunsj og klassisk meny\",\"ikon\":\"\",\"tekst\":\"<p>Lorem ipsum dolor sit amet, consectetur adipiscing elit, sed do eiusmod tempor incididunt ut l abore et dolore magna aliqua. Ut enim ad minim veniam, quis nostrud exercitation ullamco laboris nisi. sed do eiusmod tempor incididunt ut l abore et dolore magna aliqua. Ut enim ad minim veniam, quis nostrud exercitation ullamco laboris nisi. sed do eiusmod tempor incididunt ut l abore et dolore magna aliqua. Ut enim ad minim veniam, quis nostrud exercitation ullamco laboris nisi.sed do eiusmod tempor incididunt ut l abore et dolore magna aliqua. Ut enim ad minim veniam, quis nostrud exercitation ullamco laboris nisi.<\\/p>\\r\\n<p><strong>Les mer &nbsp;&nbsp;<\\/strong><\\/p>\",\"menyer\":{\"new1\":{\"type\":\"1\",\"fields\":{\"ikon\":[\"29\"],\"tekst\":[{\"col1\":\"Lunsj\",\"col2\":\"11:00 - 16:00\"},{\"col1\":\"Klassisk meny\",\"col2\":\"16:00 - 23:00\"},{\"col1\":\"Ukens 3-retter\",\"col2\":\"16:00 - 23:00\"}]}}}}}},\"23\":\"<p>P\\u00e5 historiske Kristiansten festning i Trondheim ligger <strong>Restaurant Kommandanten<\\/strong> i den gamle kommandant-boligen.<\\/p>\",\"25\":\"Festningen servering og kulturarena\",\"22\":[\"8\"]}}', '2017-02-13 15:18:40', '2017-02-13 15:18:40', 'a78a9792-6f28-4984-b445-8df9dbb8dc37'),
 ('32', '2', '1', '1', 'nb_no', '29', '', '{\"typeId\":null,\"authorId\":null,\"title\":\"Forside\",\"slug\":\"forside\",\"postDate\":1486740585,\"expiryDate\":null,\"enabled\":1,\"parentId\":null,\"fields\":{\"26\":{\"10\":{\"type\":\"blokk\",\"enabled\":\"1\",\"fields\":{\"tittel\":\"\\u00c5pningstider\",\"ikon\":[\"15\"],\"rikTekst\":\"<table><tbody><tr><th>Tirsdag - Fredag<\\/th>\\r\\n    <th class=\\\"tg-yw4l\\\">11:00 - 23:00<\\/th>\\r\\n  <\\/tr><tr><td>L\\u00f8rdag - S\\u00f8ndag<\\/td>\\r\\n    <td>11:00 - 23:00<\\/td>\\r\\n  <\\/tr><\\/tbody><\\/table>\\r\\n<p><br><\\/p>\\r\\n<p>M\\u00f8ter og selskap etter avtale<\\/p>\",\"knapp\":\"<p><a href=\\\"tel:45052666\\\">TLF: 450 52 666<\\/a><\\/p>\"}},\"11\":{\"type\":\"blokk\",\"enabled\":\"1\",\"fields\":{\"tittel\":\"Booking\",\"ikon\":[\"16\"],\"rikTekst\":\"<p>Reserver bord eller book <strong>egne dedikerte selskapslokaler med eget vertskap<\\/strong> og underholdning.&nbsp;<\\/p>\",\"knapp\":\"<p><a href=\\\"mailto:kommandanten@festningenservering.no\\\">Send epost<\\/a><\\/p>\"}}},\"54\":{\"22\":{\"modified\":\"0\",\"type\":\"designblokk\",\"enabled\":\"1\",\"collapsed\":\"0\",\"level\":\"0\",\"fields\":{\"type\":{\"23\":{\"type\":\"enkel\",\"enabled\":\"1\",\"fields\":{\"tittel\":\"Selskap\",\"tekst\":\"<p>Lorem ipsum dolor sit amet, bryllup adipiscing elit, sed do eiusmod d\\u00e5p og minnestund incididunt ut labore et dolore magna aliqua. Juleord og juleselskap enim ad minim veniam, quis nostrud exercitation ullamco laboris nisi.<\\/p>\\r\\n<p><strong><a href=\\\"http:\\/\\/festningen.local\\/selskap#entry:4:url\\\">Les mer<\\/a><\\/strong><\\/p>\",\"bilde\":[\"7\"],\"bildeposisjon\":\"right\"}},\"24\":{\"type\":\"enkel\",\"enabled\":\"1\",\"fields\":{\"tittel\":\"Historiske omgivelser\",\"tekst\":\"<p>Lorem ipsum dolor sit amet, consectetur adipiscing elit, sed do eiusmod tempor incididunt ut labore et dolore magna aliqua. Ut enim ad minim veniam, quis nostrud exercitation ullamco laboris nisi.<\\/p>\\r\\n<p><strong><a href=\\\"http:\\/\\/festningen.local\\/kristiansten-festning#entry:5:url\\\">Les mer<\\/a><\\/strong><\\/p>\",\"bilde\":[\"6\"],\"bildeposisjon\":\"right\"}},\"25\":{\"type\":\"tekstOgBilde\",\"enabled\":\"1\",\"fields\":{\"tittel\":\"Tester\",\"tekst\":\"<p>En test lorem ipsum dolor sit amet, consectetur adipiscing elit, sed do eiusmod tempor incididunt ut labore et dolore magna aliqua. Ut enim ad minim veniam, quis nostrud exercitation ullamco laboris nisi.Les mer<\\/p>\",\"kolonner\":\"toKolonner\",\"bilde\":[\"7\"],\"bildetekst\":\"<p>Lorem ipsum dolor sit amet, consectetur adipiscing elit, sed do eiusmod tempor incididunt ut labore et dolore magna aliqua. Ut enim ad minim veniam, quis nostrud exercitation ullamco laboris nisi.&nbsp;Lorem ipsum dolor sit amet, consectetur adipiscing elit, sed do eiusmod tempor incididunt ut labore et dolore magna aliqua. Ut enim ad minim veniam, quis nostrud exercitation ullamco laboris nisi.<\\/p>\"}}}}}},\"46\":{\"18\":{\"type\":\"enkel\",\"enabled\":\"1\",\"fields\":{\"overskrift\":\"Restauranten\",\"tekst\":\"<p>Lorem ipsum dolor sit amet, consectetur adipiscing elit, sed do eiusmod tempor incididunt ut labore et dolore magna aliqua. Ut enim ad minim veniam, quis nostrud exercitation ullamco laboris nisi.Lorem ipsum dolor sit amet, consectetur adipiscing elit, sed do eiusmod tempor incididunt ut labore.<br><br><a href=\\\"http:\\/\\/festningen.local\\/restaurant\\\"><strong>Les mer<\\/strong><\\/a><\\/p>\",\"bilde\":[\"7\"]}},\"19\":{\"type\":\"menyer\",\"enabled\":\"1\",\"fields\":{\"overskrift\":\"Ukens 3-retter, lunsj og klassisk meny\",\"ikon\":\"\",\"tekst\":\"<p>Lorem ipsum dolor sit amet, consectetur adipiscing elit, sed do eiusmod tempor incididunt ut l abore et dolore magna aliqua. Ut enim ad minim veniam, quis nostrud exercitation ullamco laboris nisi. sed do eiusmod tempor incididunt ut l abore et dolore magna aliqua. Ut enim ad minim veniam, quis nostrud exercitation ullamco laboris nisi. sed do eiusmod tempor incididunt ut l abore et dolore magna aliqua. Ut enim ad minim veniam, quis nostrud exercitation ullamco laboris nisi.sed do eiusmod tempor incididunt ut l abore et dolore magna aliqua. Ut enim ad minim veniam, quis nostrud exercitation ullamco laboris nisi.<\\/p>\\r\\n<p><strong>Les mer &nbsp;&nbsp;<\\/strong><\\/p>\",\"menyer\":{\"30\":{\"type\":\"1\",\"fields\":{\"ikon\":[\"29\"],\"tekst\":\"<table><tbody><tr><td>Lunsj<\\/td><td>11:00 - 16:00\\r\\n<\\/td><\\/tr><tr><td>Klassisk<\\/td><td>16:00 - 23:00\\r\\n<\\/td><\\/tr><tr><td>Ukens 3-retter<\\/td><td>16:00 - 23:00\\r\\n<\\/td><\\/tr><\\/tbody><\\/table>\"}}}}}},\"23\":\"<p>P\\u00e5 historiske Kristiansten festning i Trondheim ligger <strong>Restaurant Kommandanten<\\/strong> i den gamle kommandant-boligen.<\\/p>\",\"25\":\"Festningen servering og kulturarena\",\"22\":[\"8\"]}}', '2017-02-13 15:26:17', '2017-02-13 15:26:17', '30944371-e51b-435d-ae34-24422433d2d1'),
 ('33', '2', '1', '1', 'nb_no', '30', '', '{\"typeId\":null,\"authorId\":null,\"title\":\"Forside\",\"slug\":\"forside\",\"postDate\":1486740585,\"expiryDate\":null,\"enabled\":1,\"parentId\":null,\"fields\":{\"26\":{\"10\":{\"type\":\"blokk\",\"enabled\":\"1\",\"fields\":{\"tittel\":\"\\u00c5pningstider\",\"ikon\":[\"15\"],\"rikTekst\":\"<table><tbody><tr><th>Tirsdag - Fredag<\\/th>\\r\\n    <th class=\\\"tg-yw4l\\\">11:00 - 23:00<\\/th>\\r\\n  <\\/tr><tr><td>L\\u00f8rdag - S\\u00f8ndag<\\/td>\\r\\n    <td>11:00 - 23:00<\\/td>\\r\\n  <\\/tr><\\/tbody><\\/table>\\r\\n<p><br><\\/p>\\r\\n<p>M\\u00f8ter og selskap etter avtale<\\/p>\",\"knapp\":\"<p><a href=\\\"tel:45052666\\\">TLF: 450 52 666<\\/a><\\/p>\"}},\"11\":{\"type\":\"blokk\",\"enabled\":\"1\",\"fields\":{\"tittel\":\"Booking\",\"ikon\":[\"16\"],\"rikTekst\":\"<p>Reserver bord eller book <strong>egne dedikerte selskapslokaler med eget vertskap<\\/strong> og underholdning.&nbsp;<\\/p>\",\"knapp\":\"<p><a href=\\\"mailto:kommandanten@festningenservering.no\\\">Send epost<\\/a><\\/p>\"}}},\"54\":{\"22\":{\"modified\":\"0\",\"type\":\"designblokk\",\"enabled\":\"1\",\"collapsed\":\"0\",\"level\":\"0\",\"fields\":{\"type\":{\"23\":{\"type\":\"enkel\",\"enabled\":\"1\",\"fields\":{\"tittel\":\"Selskap\",\"tekst\":\"<p>Lorem ipsum dolor sit amet, bryllup adipiscing elit, sed do eiusmod d\\u00e5p og minnestund incididunt ut labore et dolore magna aliqua. Juleord og juleselskap enim ad minim veniam, quis nostrud exercitation ullamco laboris nisi.<\\/p>\\r\\n<p><strong><a href=\\\"http:\\/\\/festningen.local\\/selskap#entry:4:url\\\">Les mer<\\/a><\\/strong><\\/p>\",\"bilde\":[\"7\"],\"bildeposisjon\":\"right\"}},\"24\":{\"type\":\"enkel\",\"enabled\":\"1\",\"fields\":{\"tittel\":\"Historiske omgivelser\",\"tekst\":\"<p>Lorem ipsum dolor sit amet, consectetur adipiscing elit, sed do eiusmod tempor incididunt ut labore et dolore magna aliqua. Ut enim ad minim veniam, quis nostrud exercitation ullamco laboris nisi.<\\/p>\\r\\n<p><strong><a href=\\\"http:\\/\\/festningen.local\\/kristiansten-festning#entry:5:url\\\">Les mer<\\/a><\\/strong><\\/p>\",\"bilde\":[\"6\"],\"bildeposisjon\":\"right\"}},\"25\":{\"type\":\"tekstOgBilde\",\"enabled\":\"1\",\"fields\":{\"tittel\":\"Tester\",\"tekst\":\"<p>En test lorem ipsum dolor sit amet, consectetur adipiscing elit, sed do eiusmod tempor incididunt ut labore et dolore magna aliqua. Ut enim ad minim veniam, quis nostrud exercitation ullamco laboris nisi.Les mer<\\/p>\",\"kolonner\":\"toKolonner\",\"bilde\":[\"7\"],\"bildetekst\":\"<p>Lorem ipsum dolor sit amet, consectetur adipiscing elit, sed do eiusmod tempor incididunt ut labore et dolore magna aliqua. Ut enim ad minim veniam, quis nostrud exercitation ullamco laboris nisi.&nbsp;Lorem ipsum dolor sit amet, consectetur adipiscing elit, sed do eiusmod tempor incididunt ut labore et dolore magna aliqua. Ut enim ad minim veniam, quis nostrud exercitation ullamco laboris nisi.<\\/p>\"}}}}}},\"46\":{\"18\":{\"type\":\"enkel\",\"enabled\":\"1\",\"fields\":{\"overskrift\":\"Restauranten\",\"tekst\":\"<p>Lorem ipsum dolor sit amet, consectetur adipiscing elit, sed do eiusmod tempor incididunt ut labore et dolore magna aliqua. Ut enim ad minim veniam, quis nostrud exercitation ullamco laboris nisi.Lorem ipsum dolor sit amet, consectetur adipiscing elit, sed do eiusmod tempor incididunt ut labore.<br><br><a href=\\\"http:\\/\\/festningen.local\\/restaurant\\\"><strong>Les mer<\\/strong><\\/a><\\/p>\",\"bilde\":[\"7\"]}},\"19\":{\"type\":\"menyer\",\"enabled\":\"1\",\"fields\":{\"overskrift\":\"Ukens 3-retter, lunsj og klassisk meny\",\"ikon\":\"\",\"tekst\":\"<p>Lorem ipsum dolor sit amet, consectetur adipiscing elit, sed do eiusmod tempor incididunt ut l abore et dolore magna aliqua. Ut enim ad minim veniam, quis nostrud exercitation ullamco laboris nisi. sed do eiusmod tempor incididunt ut l abore et dolore magna aliqua. Ut enim ad minim veniam, quis nostrud exercitation ullamco laboris nisi. sed do eiusmod tempor incididunt ut l abore et dolore magna aliqua. Ut enim ad minim veniam, quis nostrud exercitation ullamco laboris nisi.sed do eiusmod tempor incididunt ut l abore et dolore magna aliqua. Ut enim ad minim veniam, quis nostrud exercitation ullamco laboris nisi.<\\/p>\\r\\n<p><strong>Les mer &nbsp;&nbsp;<\\/strong><\\/p>\",\"menyer\":{\"30\":{\"type\":\"1\",\"fields\":{\"ikon\":[\"29\"],\"tekst\":\"<table><tbody><tr><td>Lunsj<\\/td><td>11:00 - 16:00\\r\\n<\\/td><\\/tr><tr><td>Klassisk<\\/td><td>16:00 - 23:00\\r\\n<\\/td><\\/tr><tr><td>Ukens 3-retter<\\/td><td>16:00 - 23:00\\r\\n<\\/td><\\/tr><\\/tbody><\\/table><p><strong><a href=\\\"http:\\/\\/festningen.local\\/restaurant#entry:3\\\">Les mer<\\/a><\\/strong><\\/p>\"}}}}}},\"23\":\"<p>P\\u00e5 historiske Kristiansten festning i Trondheim ligger <strong>Restaurant Kommandanten<\\/strong> i den gamle kommandant-boligen.<\\/p>\",\"25\":\"Festningen servering og kulturarena\",\"22\":[\"8\"]}}', '2017-02-13 15:27:22', '2017-02-13 15:27:22', '752b9deb-1681-4ee4-817d-abea94b3692f'),
 ('34', '2', '1', '1', 'nb_no', '31', '', '{\"typeId\":null,\"authorId\":null,\"title\":\"Forside\",\"slug\":\"forside\",\"postDate\":1486740585,\"expiryDate\":null,\"enabled\":1,\"parentId\":null,\"fields\":{\"26\":{\"10\":{\"type\":\"blokk\",\"enabled\":\"1\",\"fields\":{\"tittel\":\"\\u00c5pningstider\",\"ikon\":[\"15\"],\"rikTekst\":\"<table><tbody><tr><th>Tirsdag - Fredag<\\/th>\\r\\n    <th class=\\\"tg-yw4l\\\">11:00 - 23:00<\\/th>\\r\\n  <\\/tr><tr><td>L\\u00f8rdag - S\\u00f8ndag<\\/td>\\r\\n    <td>11:00 - 23:00<\\/td>\\r\\n  <\\/tr><\\/tbody><\\/table>\\r\\n<p><br><\\/p>\\r\\n<p>M\\u00f8ter og selskap etter avtale<\\/p>\",\"knapp\":\"<p><a href=\\\"tel:45052666\\\">TLF: 450 52 666<\\/a><\\/p>\"}},\"11\":{\"type\":\"blokk\",\"enabled\":\"1\",\"fields\":{\"tittel\":\"Booking\",\"ikon\":[\"16\"],\"rikTekst\":\"<p>Reserver bord eller book <strong>egne dedikerte selskapslokaler med eget vertskap<\\/strong> og underholdning.&nbsp;<\\/p>\",\"knapp\":\"<p><a href=\\\"mailto:kommandanten@festningenservering.no\\\">Send epost<\\/a><\\/p>\"}}},\"55\":{\"new2\":{\"type\":\"tekstOgBilde\",\"enabled\":\"1\",\"fields\":{\"tittel\":\"Ukens 3-retter, lunsj og klassisk meny\",\"tekst\":\"<p>Lorem ipsum dolor sit amet, consectetur adipiscing elit, sed do eiusmod tempor incididunt ut l abore et dolore magna aliqua. Ut enim ad minim veniam, quis nostrud exercitation ullamco laboris nisi. sed do eiusmod tempor incididunt ut l abore et dolore magna aliqua. Ut enim ad minim veniam, quis nostrud exercitation ullamco laboris nisi. sed do eiusmod tempor incididunt ut l abore et dolore magna aliqua. Ut enim ad minim veniam, quis nostrud exercitation ullamco laboris nisi.sed do eiusmod tempor incididunt ut l abore et dolore magna aliqua. Ut enim ad minim veniam, quis nostrud exercitation ullamco laboris nisi.<\\/p>\\r\\n<p><b>Les mer &nbsp;&nbsp;<\\/b><\\/p>\",\"kolonner\":\"toKolonner\",\"bilde\":\"\",\"bildetekst\":\"<table><tbody><tr><td>Lunsj<\\/td><td>11:00 - 16:00<\\/td><\\/tr><tr><td>Klassisk<\\/td><td>16:00 - 23:00<\\/td><\\/tr><tr><td>Ukens 3-retter<\\/td><td>16:00 - 23:00<\\/td><\\/tr><\\/tbody><\\/table>\\r\\n<p><b><a href=\\\"http:\\/\\/festningen.local\\/restaurant#entry:3:url\\\">Les mer<\\/a><\\/b><\\/p>\"}}},\"46\":{\"18\":{\"type\":\"enkel\",\"enabled\":\"1\",\"fields\":{\"overskrift\":\"Restauranten\",\"tekst\":\"<p>Lorem ipsum dolor sit amet, consectetur adipiscing elit, sed do eiusmod tempor incididunt ut labore et dolore magna aliqua. Ut enim ad minim veniam, quis nostrud exercitation ullamco laboris nisi.Lorem ipsum dolor sit amet, consectetur adipiscing elit, sed do eiusmod tempor incididunt ut labore.<br><br><a href=\\\"http:\\/\\/festningen.local\\/restaurant\\\"><strong>Les mer<\\/strong><\\/a><\\/p>\",\"bilde\":[\"7\"]}}},\"79\":\"\",\"23\":\"<p>P\\u00e5 historiske Kristiansten festning i Trondheim ligger <strong>Restaurant Kommandanten<\\/strong> i den gamle kommandant-boligen.<\\/p>\",\"25\":\"Festningen servering og kulturarena\",\"22\":[\"8\"]}}', '2017-02-13 22:57:24', '2017-02-13 22:57:24', '4efaf5df-dea7-46ae-bfbf-e56b93195509'),
 ('35', '2', '1', '1', 'nb_no', '32', '', '{\"typeId\":null,\"authorId\":null,\"title\":\"Forside\",\"slug\":\"forside\",\"postDate\":1486740585,\"expiryDate\":null,\"enabled\":1,\"parentId\":null,\"fields\":{\"26\":{\"10\":{\"type\":\"blokk\",\"enabled\":\"1\",\"fields\":{\"tittel\":\"\\u00c5pningstider\",\"ikon\":[\"15\"],\"rikTekst\":\"<table><tbody><tr><th>Tirsdag - Fredag<\\/th>\\r\\n    <th class=\\\"tg-yw4l\\\">11:00 - 23:00<\\/th>\\r\\n  <\\/tr><tr><td>L\\u00f8rdag - S\\u00f8ndag<\\/td>\\r\\n    <td>11:00 - 23:00<\\/td>\\r\\n  <\\/tr><\\/tbody><\\/table>\\r\\n<p><br><\\/p>\\r\\n<p>M\\u00f8ter og selskap etter avtale<\\/p>\",\"knapp\":\"<p><a href=\\\"tel:45052666\\\">TLF: 450 52 666<\\/a><\\/p>\"}},\"11\":{\"type\":\"blokk\",\"enabled\":\"1\",\"fields\":{\"tittel\":\"Booking\",\"ikon\":[\"16\"],\"rikTekst\":\"<p>Reserver bord eller book <strong>egne dedikerte selskapslokaler med eget vertskap<\\/strong> og underholdning.&nbsp;<\\/p>\",\"knapp\":\"<p><a href=\\\"mailto:kommandanten@festningenservering.no\\\">Send epost<\\/a><\\/p>\"}}},\"46\":{\"new0\":{\"modified\":\"1\",\"type\":\"designblokk\",\"enabled\":\"1\",\"collapsed\":\"0\",\"level\":\"0\",\"fields\":{\"blokktype\":{\"new1\":{\"type\":\"enkel\",\"enabled\":\"1\",\"fields\":{\"tittel\":\"Restauranten\",\"tekst\":\"<p>Lorem ipsum dolor sit amet, consectetur adipiscing elit, sed do eiusmod tempor incididunt ut labore et dolore magna aliqua. Ut enim ad minim veniam, quis nostrud exercitation ullamco laboris nisi.<\\/p><p><strong>Les mer<\\/strong><\\/p>\",\"bilde\":\"\",\"bildeposisjon\":\"right\"}}}}},\"new1\":{\"modified\":\"1\",\"type\":\"menyer\",\"enabled\":\"1\",\"collapsed\":\"0\",\"level\":\"0\",\"fields\":{\"vareMenyer\":{\"new1\":{\"type\":\"2\",\"fields\":{\"ikon\":[\"29\"],\"tekst\":\"<p><strong>Tester<\\/strong><\\/p>\"}}}}}},\"23\":\"<p>P\\u00e5 historiske Kristiansten festning i Trondheim ligger <strong>Restaurant Kommandanten<\\/strong> i den gamle kommandant-boligen.<\\/p>\",\"25\":\"Festningen servering og kulturarena\",\"22\":[\"8\"]}}', '2017-02-13 23:12:10', '2017-02-13 23:12:10', 'a0f1322b-546c-42e1-b7e0-56fb7a7b67ae'),
 ('36', '2', '1', '1', 'nb_no', '33', '', '{\"typeId\":null,\"authorId\":null,\"title\":\"Forside\",\"slug\":\"forside\",\"postDate\":1486740585,\"expiryDate\":null,\"enabled\":1,\"parentId\":null,\"fields\":{\"26\":{\"10\":{\"type\":\"blokk\",\"enabled\":\"1\",\"fields\":{\"tittel\":\"\\u00c5pningstider\",\"ikon\":[\"15\"],\"rikTekst\":\"<table><tbody><tr><th>Tirsdag - Fredag<\\/th>\\r\\n    <th class=\\\"tg-yw4l\\\">11:00 - 23:00<\\/th>\\r\\n  <\\/tr><tr><td>L\\u00f8rdag - S\\u00f8ndag<\\/td>\\r\\n    <td>11:00 - 23:00<\\/td>\\r\\n  <\\/tr><\\/tbody><\\/table>\\r\\n<p><br><\\/p>\\r\\n<p>M\\u00f8ter og selskap etter avtale<\\/p>\",\"knapp\":\"<p><a href=\\\"tel:45052666\\\">TLF: 450 52 666<\\/a><\\/p>\"}},\"11\":{\"type\":\"blokk\",\"enabled\":\"1\",\"fields\":{\"tittel\":\"Booking\",\"ikon\":[\"16\"],\"rikTekst\":\"<p>Reserver bord eller book <strong>egne dedikerte selskapslokaler med eget vertskap<\\/strong> og underholdning.&nbsp;<\\/p>\",\"knapp\":\"<p><a href=\\\"mailto:kommandanten@festningenservering.no\\\">Send epost<\\/a><\\/p>\"}}},\"46\":{\"32\":{\"modified\":\"1\",\"type\":\"designblokk\",\"enabled\":\"1\",\"collapsed\":\"0\",\"level\":\"0\",\"fields\":{\"blokktype\":{\"33\":{\"type\":\"enkel\",\"enabled\":\"1\",\"fields\":{\"tittel\":\"Restauranten\",\"tekst\":\"<p>Lorem ipsum dolor sit amet, consectetur adipiscing elit, sed do eiusmod tempor incididunt ut labore et dolore magna aliqua. Ut enim ad minim veniam, quis nostrud exercitation ullamco laboris nisi.<\\/p>\\r\\n<p><strong>Les mer<\\/strong><\\/p>\",\"bilde\":\"\",\"bildeposisjon\":\"right\"}},\"new1\":{\"type\":\"enkel\",\"enabled\":\"1\",\"fields\":{\"tittel\":\"Restauranten 2\",\"tekst\":\"<p>Lorem ipsum dolor sit amet, consectetur adipiscing elit, sed do eiusmod tempor incididunt ut labore et dolore magna aliqua. Ut enim ad minim veniam, quis nostrud exercitation ullamco laboris nisi.<\\/p>\\r\\n<p><b>Les mer<\\/b><\\/p>\",\"bilde\":\"\",\"bildeposisjon\":\"right\"}}}}},\"34\":{\"modified\":\"0\",\"type\":\"menyer\",\"enabled\":\"1\",\"collapsed\":\"0\",\"level\":\"0\",\"fields\":{\"vareMenyer\":{\"35\":{\"type\":\"2\",\"fields\":{\"ikon\":[\"29\"],\"tekst\":\"<p><strong>Tester<\\/strong><\\/p>\"}}}}}},\"23\":\"<p>P\\u00e5 historiske Kristiansten festning i Trondheim ligger <strong>Restaurant Kommandanten<\\/strong> i den gamle kommandant-boligen.<\\/p>\",\"25\":\"Festningen servering og kulturarena\",\"22\":[\"8\"]}}', '2017-02-13 23:13:28', '2017-02-13 23:13:28', '91497bb3-1b1d-46e7-85d6-45f10c3b886a'),
 ('37', '2', '1', '1', 'nb_no', '34', '', '{\"typeId\":null,\"authorId\":null,\"title\":\"Forside\",\"slug\":\"forside\",\"postDate\":1486740585,\"expiryDate\":null,\"enabled\":1,\"parentId\":null,\"fields\":{\"26\":{\"10\":{\"type\":\"blokk\",\"enabled\":\"1\",\"fields\":{\"tittel\":\"\\u00c5pningstider\",\"ikon\":[\"15\"],\"rikTekst\":\"<table><tbody><tr><th>Tirsdag - Fredag<\\/th>\\r\\n    <th class=\\\"tg-yw4l\\\">11:00 - 23:00<\\/th>\\r\\n  <\\/tr><tr><td>L\\u00f8rdag - S\\u00f8ndag<\\/td>\\r\\n    <td>11:00 - 23:00<\\/td>\\r\\n  <\\/tr><\\/tbody><\\/table>\\r\\n<p><br><\\/p>\\r\\n<p>M\\u00f8ter og selskap etter avtale<\\/p>\",\"knapp\":\"<p><a href=\\\"tel:45052666\\\">TLF: 450 52 666<\\/a><\\/p>\"}},\"11\":{\"type\":\"blokk\",\"enabled\":\"1\",\"fields\":{\"tittel\":\"Booking\",\"ikon\":[\"16\"],\"rikTekst\":\"<p>Reserver bord eller book <strong>egne dedikerte selskapslokaler med eget vertskap<\\/strong> og underholdning.&nbsp;<\\/p>\",\"knapp\":\"<p><a href=\\\"mailto:kommandanten@festningenservering.no\\\">Send epost<\\/a><\\/p>\"}}},\"46\":{\"32\":{\"modified\":\"1\",\"type\":\"designblokk\",\"enabled\":\"1\",\"collapsed\":\"0\",\"level\":\"0\",\"fields\":{\"blokktype\":{\"33\":{\"type\":\"enkel\",\"enabled\":\"1\",\"fields\":{\"tittel\":\"Restauranten\",\"tekst\":\"<p>Lorem ipsum dolor sit amet, consectetur adipiscing elit, sed do eiusmod tempor incididunt ut labore et dolore magna aliqua. Ut enim ad minim veniam, quis nostrud exercitation ullamco laboris nisi.<\\/p>\\r\\n<p><strong>Les mer<\\/strong><\\/p>\",\"bilde\":\"\",\"bildeposisjon\":\"right\"}}}}},\"34\":{\"modified\":\"0\",\"type\":\"menyer\",\"enabled\":\"1\",\"collapsed\":\"0\",\"level\":\"0\",\"fields\":{\"vareMenyer\":{\"35\":{\"type\":\"2\",\"fields\":{\"ikon\":[\"29\"],\"tekst\":\"<p><strong>Tester<\\/strong><\\/p>\"}}}}}},\"23\":\"<p>P\\u00e5 historiske Kristiansten festning i Trondheim ligger <strong>Restaurant Kommandanten<\\/strong> i den gamle kommandant-boligen.<\\/p>\",\"25\":\"Festningen servering og kulturarena\",\"22\":[\"8\"]}}', '2017-02-14 00:14:14', '2017-02-14 00:14:14', '9f70acfc-f751-4901-8ef9-f0073d509dcc'),
 ('38', '2', '1', '1', 'nb_no', '35', '', '{\"typeId\":null,\"authorId\":null,\"title\":\"Forside\",\"slug\":\"forside\",\"postDate\":1486740585,\"expiryDate\":null,\"enabled\":1,\"parentId\":null,\"fields\":{\"26\":{\"10\":{\"type\":\"blokk\",\"enabled\":\"1\",\"fields\":{\"tittel\":\"\\u00c5pningstider\",\"ikon\":[\"15\"],\"rikTekst\":\"<table><tbody><tr><th>Tirsdag - Fredag<\\/th>\\r\\n    <th class=\\\"tg-yw4l\\\">11:00 - 23:00<\\/th>\\r\\n  <\\/tr><tr><td>L\\u00f8rdag - S\\u00f8ndag<\\/td>\\r\\n    <td>11:00 - 23:00<\\/td>\\r\\n  <\\/tr><\\/tbody><\\/table>\\r\\n<p><br><\\/p>\\r\\n<p>M\\u00f8ter og selskap etter avtale<\\/p>\",\"knapp\":\"<p><a href=\\\"tel:45052666\\\">TLF: 450 52 666<\\/a><\\/p>\"}},\"11\":{\"type\":\"blokk\",\"enabled\":\"1\",\"fields\":{\"tittel\":\"Booking\",\"ikon\":[\"16\"],\"rikTekst\":\"<p>Reserver bord eller book <strong>egne dedikerte selskapslokaler med eget vertskap<\\/strong> og underholdning.&nbsp;<\\/p>\",\"knapp\":\"<p><a href=\\\"mailto:kommandanten@festningenservering.no\\\">Send epost<\\/a><\\/p>\"}}},\"46\":{\"34\":{\"modified\":\"0\",\"type\":\"vareMenyer\",\"enabled\":\"1\",\"collapsed\":\"0\",\"level\":\"0\",\"fields\":{\"vareMenyer\":{\"35\":{\"type\":\"2\",\"fields\":{\"ikon\":[\"29\"],\"tekst\":\"<p><strong>Tester<\\/strong><\\/p>\"}}}}},\"new1\":{\"modified\":\"1\",\"type\":\"designblokk\",\"enabled\":\"1\",\"collapsed\":\"0\",\"level\":\"0\",\"fields\":{\"tekstChkbox\":\"\",\"rikTekst\":\"\",\"bildeChkbox\":\"1\",\"bilde\":[\"7\"],\"bildeposisjon\":\"full\",\"bildetekstChkbox\":\"\",\"bildetekst\":\"\",\"tekstposisjon\":\"left\",\"mellomrom\":\"begge\"}},\"new0\":{\"modified\":\"1\",\"type\":\"designblokk\",\"enabled\":\"1\",\"collapsed\":\"0\",\"level\":\"0\",\"fields\":{\"tekstChkbox\":\"1\",\"rikTekst\":\"<p>Lorem ipsum dolor sit amet<\\/p>\",\"bildeChkbox\":\"\",\"bilde\":\"\",\"bildeposisjon\":\"left\",\"bildetekstChkbox\":\"\",\"bildetekst\":\"\",\"tekstposisjon\":\"left\",\"mellomrom\":\"begge\"}}},\"23\":\"<p>P\\u00e5 historiske Kristiansten festning i Trondheim ligger <strong>Restaurant Kommandanten<\\/strong> i den gamle kommandant-boligen.<\\/p>\",\"25\":\"Festningen servering og kulturarena\",\"22\":[\"8\"]}}', '2017-02-14 02:00:52', '2017-02-14 02:00:52', '14359b98-0b8f-423d-bfef-cdefe4d8bce2'),
 ('39', '2', '1', '1', 'nb_no', '36', '', '{\"typeId\":null,\"authorId\":null,\"title\":\"Forside\",\"slug\":\"forside\",\"postDate\":1486740585,\"expiryDate\":null,\"enabled\":1,\"parentId\":null,\"fields\":{\"26\":{\"10\":{\"type\":\"blokk\",\"enabled\":\"1\",\"fields\":{\"tittel\":\"\\u00c5pningstider\",\"ikon\":[\"15\"],\"rikTekst\":\"<table><tbody><tr><th>Tirsdag - Fredag<\\/th>\\r\\n    <th class=\\\"tg-yw4l\\\">11:00 - 23:00<\\/th>\\r\\n  <\\/tr><tr><td>L\\u00f8rdag - S\\u00f8ndag<\\/td>\\r\\n    <td>11:00 - 23:00<\\/td>\\r\\n  <\\/tr><\\/tbody><\\/table>\\r\\n<p><br><\\/p>\\r\\n<p>M\\u00f8ter og selskap etter avtale<\\/p>\",\"knapp\":\"<p><a href=\\\"tel:45052666\\\">TLF: 450 52 666<\\/a><\\/p>\"}},\"11\":{\"type\":\"blokk\",\"enabled\":\"1\",\"fields\":{\"tittel\":\"Booking\",\"ikon\":[\"16\"],\"rikTekst\":\"<p>Reserver bord eller book <strong>egne dedikerte selskapslokaler med eget vertskap<\\/strong> og underholdning.&nbsp;<\\/p>\",\"knapp\":\"<p><a href=\\\"mailto:kommandanten@festningenservering.no\\\">Send epost<\\/a><\\/p>\"}}},\"46\":{\"37\":{\"modified\":\"1\",\"type\":\"designblokk\",\"enabled\":\"1\",\"collapsed\":\"0\",\"level\":\"0\",\"fields\":{\"tekstChkbox\":\"1\",\"rikTekst\":\"<h2>Restauranten<\\/h2><p>Lorem ipsum dolor sit amet<\\/p>\",\"bildeChkbox\":\"1\",\"bilde\":[\"7\"],\"bildeposisjon\":\"right\",\"bildetekstChkbox\":\"\",\"bildetekst\":\"\",\"tekstposisjon\":\"left\",\"mellomrom\":\"begge\"}},\"34\":{\"modified\":\"0\",\"type\":\"vareMenyer\",\"enabled\":\"1\",\"collapsed\":\"0\",\"level\":\"0\",\"fields\":{\"vareMenyer\":{\"35\":{\"type\":\"2\",\"fields\":{\"ikon\":[\"29\"],\"tekst\":\"<p><strong>Tester<\\/strong><\\/p>\"}}}}},\"38\":{\"modified\":\"1\",\"type\":\"designblokk\",\"enabled\":\"1\",\"collapsed\":\"0\",\"level\":\"0\",\"fields\":{\"tekstChkbox\":\"\",\"rikTekst\":\"<h2>Restauranten<\\/h2><p><br>Lorem ipsum dolor sit amet<\\/p>\",\"bildeChkbox\":\"1\",\"bilde\":[\"6\"],\"bildeposisjon\":\"left\",\"bildetekstChkbox\":\"\",\"bildetekst\":\"\",\"tekstposisjon\":\"left\",\"mellomrom\":\"begge\"}}},\"23\":\"<p>P\\u00e5 historiske Kristiansten festning i Trondheim ligger <strong>Restaurant Kommandanten<\\/strong> i den gamle kommandant-boligen.<\\/p>\",\"25\":\"Festningen servering og kulturarena\",\"22\":[\"8\"]}}', '2017-02-14 02:02:25', '2017-02-14 02:02:25', 'e05df9fe-e21c-41f0-b994-30c2a3604050'),
 ('40', '2', '1', '1', 'nb_no', '37', '', '{\"typeId\":null,\"authorId\":null,\"title\":\"Forside\",\"slug\":\"forside\",\"postDate\":1486740585,\"expiryDate\":null,\"enabled\":1,\"parentId\":null,\"fields\":{\"26\":{\"10\":{\"type\":\"blokk\",\"enabled\":\"1\",\"fields\":{\"tittel\":\"\\u00c5pningstider\",\"ikon\":[\"15\"],\"rikTekst\":\"<table><tbody><tr><th>Tirsdag - Fredag<\\/th>\\r\\n    <th class=\\\"tg-yw4l\\\">11:00 - 23:00<\\/th>\\r\\n  <\\/tr><tr><td>L\\u00f8rdag - S\\u00f8ndag<\\/td>\\r\\n    <td>11:00 - 23:00<\\/td>\\r\\n  <\\/tr><\\/tbody><\\/table>\\r\\n<p><br><\\/p>\\r\\n<p>M\\u00f8ter og selskap etter avtale<\\/p>\",\"knapp\":\"<p><a href=\\\"tel:45052666\\\">TLF: 450 52 666<\\/a><\\/p>\"}},\"11\":{\"type\":\"blokk\",\"enabled\":\"1\",\"fields\":{\"tittel\":\"Booking\",\"ikon\":[\"16\"],\"rikTekst\":\"<p>Reserver bord eller book <strong>egne dedikerte selskapslokaler med eget vertskap<\\/strong> og underholdning.&nbsp;<\\/p>\",\"knapp\":\"<p><a href=\\\"mailto:kommandanten@festningenservering.no\\\">Send epost<\\/a><\\/p>\"}}},\"46\":{\"37\":{\"modified\":\"0\",\"type\":\"designblokk\",\"enabled\":\"1\",\"collapsed\":\"0\",\"level\":\"0\",\"fields\":{\"tekstChkbox\":\"1\",\"rikTekst\":\"<h2>Restauranten<\\/h2>\\r\\n<p>Lorem ipsum dolor sit amet<\\/p>\",\"bildeChkbox\":\"1\",\"bilde\":[\"7\"],\"bildeposisjon\":\"right\",\"bildetekstChkbox\":\"\",\"bildetekst\":\"\",\"tekstposisjon\":\"left\",\"mellomrom\":\"begge\"}},\"34\":{\"modified\":\"0\",\"type\":\"vareMenyer\",\"enabled\":\"1\",\"collapsed\":\"0\",\"level\":\"0\",\"fields\":{\"vareMenyer\":{\"35\":{\"type\":\"2\",\"fields\":{\"ikon\":[\"29\"],\"tekst\":\"<p><strong>Tester<\\/strong><\\/p>\"}}}}},\"38\":{\"modified\":\"0\",\"type\":\"designblokk\",\"enabled\":\"1\",\"collapsed\":\"0\",\"level\":\"0\",\"fields\":{\"tekstChkbox\":\"\",\"rikTekst\":\"<h2>Restauranten<\\/h2>\\r\\n<p><br>Lorem ipsum dolor sit amet<\\/p>\",\"bildeChkbox\":\"1\",\"bilde\":[\"6\"],\"bildeposisjon\":\"left\",\"bildetekstChkbox\":\"\",\"bildetekst\":\"\",\"tekstposisjon\":\"left\",\"mellomrom\":\"begge\"}}},\"23\":\"<p>P\\u00e5 historiske Kristiansten festning i Trondheim ligger <strong>Restaurant Kommandanten<\\/strong> i den gamle kommandant-boligen.<\\/p>\",\"25\":\"Festningen servering og kulturarena\",\"22\":[\"8\"]}}', '2017-02-14 02:02:47', '2017-02-14 02:02:47', 'bc4c685d-cb2f-41b9-a24b-15817b447bfb');



DROP TABLE IF EXISTS `craft_fieldgroups`;


--
-- Schema for table `craft_fieldgroups`
--
CREATE TABLE `craft_fieldgroups` (
  `id` int(11) NOT NULL AUTO_INCREMENT,
  `name` varchar(255) COLLATE utf8_unicode_ci NOT NULL,
  `dateCreated` datetime NOT NULL,
  `dateUpdated` datetime NOT NULL,
  `uid` char(36) COLLATE utf8_unicode_ci NOT NULL DEFAULT '0',
  PRIMARY KEY (`id`),
  UNIQUE KEY `craft_fieldgroups_name_unq_idx` (`name`)
) ENGINE=InnoDB AUTO_INCREMENT=7 DEFAULT CHARSET=utf8 COLLATE=utf8_unicode_ci;

--
-- Data for table `craft_fieldgroups`
--

INSERT INTO `craft_fieldgroups` (`id`, `name`, `dateCreated`, `dateUpdated`, `uid`) VALUES
 ('1', 'Standard', '2014-10-08 10:49:50', '2014-10-08 10:49:50', '420d3eaa-0708-4cce-8c20-93409caf3560'),
 ('3', 'SEO', '2015-10-23 14:49:57', '2015-10-23 14:49:57', 'fa2e2850-530c-4e24-9889-99212610e4dc'),
 ('4', 'Designblokker', '2017-02-10 15:32:19', '2017-02-11 01:04:13', '772c73f6-c773-464b-bc89-71bf74cfa94b'),
 ('6', 'Forside', '2017-02-10 15:47:09', '2017-02-10 15:47:09', '5516ecd4-fa90-4e82-ab3c-e000d9de777e');



DROP TABLE IF EXISTS `craft_fieldlayoutfields`;


--
-- Schema for table `craft_fieldlayoutfields`
--
CREATE TABLE `craft_fieldlayoutfields` (
  `id` int(11) NOT NULL AUTO_INCREMENT,
  `layoutId` int(11) NOT NULL,
  `tabId` int(11) NOT NULL,
  `fieldId` int(11) NOT NULL,
  `required` tinyint(1) unsigned NOT NULL DEFAULT '0',
  `sortOrder` smallint(6) unsigned DEFAULT NULL,
  `dateCreated` datetime NOT NULL,
  `dateUpdated` datetime NOT NULL,
  `uid` char(36) COLLATE utf8_unicode_ci NOT NULL DEFAULT '0',
  PRIMARY KEY (`id`),
  UNIQUE KEY `craft_fieldlayoutfields_layoutId_fieldId_unq_idx` (`layoutId`,`fieldId`),
  KEY `craft_fieldlayoutfields_sortOrder_idx` (`sortOrder`),
  KEY `craft_fieldlayoutfields_tabId_fk` (`tabId`),
  KEY `craft_fieldlayoutfields_fieldId_fk` (`fieldId`)
) ENGINE=InnoDB AUTO_INCREMENT=640 DEFAULT CHARSET=utf8 COLLATE=utf8_unicode_ci;

--
-- Data for table `craft_fieldlayoutfields`
--

INSERT INTO `craft_fieldlayoutfields` (`id`, `layoutId`, `tabId`, `fieldId`, `required`, `sortOrder`, `dateCreated`, `dateUpdated`, `uid`) VALUES
 ('75', '35', '26', '21', '0', '1', '2016-06-08 08:27:39', '2016-06-08 08:27:39', '2688b460-dae3-4aaa-b276-0ae02239e680'),
 ('77', '35', '26', '18', '0', '3', '2016-06-08 08:27:39', '2016-06-08 08:27:39', '5ee3c7a7-0841-4434-8b2e-3053498fb03b'),
 ('84', '46', '30', '18', '0', '1', '2017-02-10 16:03:48', '2017-02-10 16:03:48', '63e0fc35-340e-4ed2-a292-ea57d3f59e78'),
 ('85', '46', '30', '21', '0', '2', '2017-02-10 16:03:48', '2017-02-10 16:03:48', '6f542fed-2514-40b6-87d0-121c5bd0d52d'),
 ('86', '47', '31', '18', '0', '1', '2017-02-10 16:04:31', '2017-02-10 16:04:31', '6106cb3b-fc34-42af-957e-248e389b0e3b'),
 ('87', '47', '31', '21', '0', '2', '2017-02-10 16:04:31', '2017-02-10 16:04:31', '68d70fd2-fdd5-4b07-b30f-102dc9546bd9'),
 ('88', '48', '32', '18', '0', '1', '2017-02-10 16:05:03', '2017-02-10 16:05:03', '2d84beb5-5559-4ec2-84bd-45b4defbdf7a'),
 ('89', '48', '32', '21', '0', '2', '2017-02-10 16:05:03', '2017-02-10 16:05:03', 'b001c71a-cc6d-437a-a05d-45da2bce9418'),
 ('90', '49', '33', '18', '0', '1', '2017-02-10 16:05:27', '2017-02-10 16:05:27', 'a96f1cad-48f7-4545-b5d9-e74e28a94d71'),
 ('91', '49', '33', '21', '0', '2', '2017-02-10 16:05:27', '2017-02-10 16:05:27', '4b64539a-6263-407e-aaa4-5e53bacd5de5'),
 ('144', '64', '47', '27', '0', '1', '2017-02-11 01:17:41', '2017-02-11 01:17:41', '9cb38093-bb78-4daa-968a-11280a12fbd9'),
 ('145', '64', '47', '28', '0', '2', '2017-02-11 01:17:41', '2017-02-11 01:17:41', '40e9382d-ef8a-49e4-b8ff-5b9101fa7369'),
 ('146', '64', '47', '29', '0', '3', '2017-02-11 01:17:41', '2017-02-11 01:17:41', '67da00fa-76ba-4188-8342-793413ceb2e8'),
 ('147', '64', '47', '30', '0', '4', '2017-02-11 01:17:41', '2017-02-11 01:17:41', 'd79eac6d-f0f1-4598-8d6c-3276af30d1d9'),
 ('148', '65', '48', '18', '0', '1', '2017-02-11 17:10:41', '2017-02-11 17:10:41', '2a41da3e-fa20-4afb-b1fb-96ad623ba323'),
 ('149', '65', '48', '21', '0', '2', '2017-02-11 17:10:41', '2017-02-11 17:10:41', '38a640e3-1d31-4442-8f67-831939ead4fe'),
 ('256', '100', '82', '65', '1', '1', '2017-02-13 13:39:14', '2017-02-13 13:44:15', 'eb577b8a-0c93-4540-a247-2f631be9de5d'),
 ('257', '100', '82', '66', '1', '2', '2017-02-13 13:39:14', '2017-02-13 13:44:52', '0d15607c-1f21-41a9-8732-a98edf7799c6'),
 ('258', '100', '82', '67', '1', '3', '2017-02-13 13:39:14', '2017-02-13 13:45:24', '524e3871-cc7d-4f23-94e0-0cc09db995c1'),
 ('259', '102', '83', '68', '1', '1', '2017-02-13 13:39:20', '2017-02-13 13:39:20', '013bd507-2902-4376-bad7-28754078925b'),
 ('260', '102', '83', '69', '1', '2', '2017-02-13 13:39:20', '2017-02-13 13:39:20', '31f9c4a7-199a-4e17-86f7-089d80dd615e'),
 ('261', '102', '83', '70', '0', '3', '2017-02-13 13:39:20', '2017-02-13 13:39:20', 'd16a20c5-b99d-4ec6-bd71-e6ccbd08c95d'),
 ('262', '102', '84', '71', '0', '1', '2017-02-13 13:39:20', '2017-02-13 13:39:20', 'dd3deddc-1d1b-4ad0-81d5-803b8bfd900c'),
 ('263', '102', '84', '72', '0', '2', '2017-02-13 13:39:20', '2017-02-13 13:39:20', 'a114ec18-0254-42ed-a5e9-a05de1c7a296'),
 ('264', '102', '84', '73', '0', '3', '2017-02-13 13:39:20', '2017-02-13 13:39:20', '788c68d4-61e2-431e-b992-5251c3e84d59'),
 ('265', '102', '84', '74', '0', '4', '2017-02-13 13:39:20', '2017-02-13 13:39:20', '329514b1-a7e3-467f-92de-6b6146e95260'),
 ('283', '109', '91', '47', '0', '1', '2017-02-13 15:23:12', '2017-02-13 15:23:12', '59681a8d-b214-4962-a71f-5408bed308ff'),
 ('284', '109', '91', '48', '0', '2', '2017-02-13 15:23:12', '2017-02-13 15:23:12', '9455b5c9-cdcd-4f5b-8ebf-e49e19131071'),
 ('285', '109', '91', '49', '0', '3', '2017-02-13 15:23:12', '2017-02-13 15:23:12', 'b0e6bf55-9431-4c2b-ab85-9fb4310d2519'),
 ('286', '110', '92', '77', '0', '1', '2017-02-13 15:23:13', '2017-02-13 15:23:13', '45567be4-d485-4ad3-a210-329b625f146f'),
 ('287', '110', '92', '78', '0', '2', '2017-02-13 15:23:13', '2017-02-13 15:23:13', '5d20d555-786e-4298-b2e1-224903919198'),
 ('288', '111', '93', '50', '0', '1', '2017-02-13 15:23:13', '2017-02-13 15:23:13', 'f32486cc-e402-4fe1-bd86-080558adf8fe'),
 ('289', '111', '93', '76', '0', '2', '2017-02-13 15:23:13', '2017-02-13 15:23:13', 'aefc40a6-974d-4839-9e2d-a1dd79e06fa6'),
 ('290', '111', '93', '51', '0', '3', '2017-02-13 15:23:14', '2017-02-13 15:23:14', 'd744e8da-c664-4954-b814-1bb3eb7b1ef6'),
 ('291', '111', '93', '52', '0', '4', '2017-02-13 15:23:14', '2017-02-13 15:23:14', 'ffc5e24d-fc56-4010-ab0a-1646d2d48d28'),
 ('322', '123', '105', '22', '0', '1', '2017-02-13 23:00:40', '2017-02-13 23:00:40', 'f11130e6-7ba7-4c43-821d-073e3968ca74'),
 ('323', '123', '105', '25', '0', '2', '2017-02-13 23:00:40', '2017-02-13 23:00:40', '8bd21081-0839-4b17-8aa2-b3751e1d4d7c'),
 ('324', '123', '105', '23', '0', '3', '2017-02-13 23:00:40', '2017-02-13 23:00:40', 'b64946e3-be46-4db3-b6fc-0ec443be5400'),
 ('325', '123', '105', '26', '0', '4', '2017-02-13 23:00:40', '2017-02-13 23:00:40', '2460fb4d-02c8-46a7-ad4a-ceff6e35a17b'),
 ('326', '123', '105', '46', '0', '5', '2017-02-13 23:00:40', '2017-02-13 23:00:40', '83ff3619-f55e-4bcf-b6c9-b1632531710a'),
 ('327', '124', '106', '81', '0', '1', '2017-02-13 23:03:31', '2017-02-13 23:03:31', '51dd9781-10bd-4461-aa6e-809e19661e42'),
 ('328', '124', '106', '82', '0', '2', '2017-02-13 23:03:31', '2017-02-13 23:03:31', 'b4a87c4a-c026-421e-8d96-003b735daf26'),
 ('406', '165', '147', '83', '0', '1', '2017-02-14 00:17:20', '2017-02-14 00:17:20', '5a20424a-2e01-45df-a68f-226f6b8b0ec2'),
 ('407', '165', '147', '84', '0', '2', '2017-02-14 00:17:20', '2017-02-14 00:17:20', '6bbc9f9d-fd9f-4489-8e9e-dac7a3baf11d'),
 ('408', '165', '147', '85', '0', '3', '2017-02-14 00:17:20', '2017-02-14 00:17:20', '0644b85c-0c21-4ec6-b010-c7997f510777'),
 ('409', '165', '147', '86', '0', '4', '2017-02-14 00:17:20', '2017-02-14 00:17:20', '7a39a878-abca-42a1-b821-10577df0dbe7'),
 ('410', '166', '148', '56', '0', '1', '2017-02-14 00:17:20', '2017-02-14 00:17:20', 'abda9dca-2f8a-475f-aaa6-f1ac83b4dce5'),
 ('630', '229', '227', '80', '0', '1', '2017-02-14 01:58:12', '2017-02-14 01:58:12', '5807154c-cf43-4330-a005-6131071a8299'),
 ('631', '230', '228', '99', '0', '1', '2017-02-14 01:58:12', '2017-02-14 01:58:12', 'aa3121ff-18e5-4631-846b-8d572835942b'),
 ('632', '230', '228', '23', '0', '2', '2017-02-14 01:58:12', '2017-02-14 01:58:12', 'ca01a18f-6696-45a8-99ec-39a781768a0b'),
 ('633', '230', '228', '98', '0', '3', '2017-02-14 01:58:12', '2017-02-14 01:58:12', '6e5cbc76-8c45-4a88-b95f-56ce91603f3d'),
 ('634', '230', '228', '53', '0', '4', '2017-02-14 01:58:12', '2017-02-14 01:58:12', '5848be5e-b3e4-4fb4-ab48-109166d7241d'),
 ('635', '230', '228', '92', '0', '5', '2017-02-14 01:58:12', '2017-02-14 01:58:12', '0726d5f8-3ad4-4009-abbe-892a35ba73c7'),
 ('636', '230', '228', '97', '0', '6', '2017-02-14 01:58:12', '2017-02-14 01:58:12', '47344f18-59e7-4ba9-8bb5-578cabbd196f'),
 ('637', '230', '228', '94', '0', '7', '2017-02-14 01:58:12', '2017-02-14 01:58:12', 'ebc4a458-2912-4a6a-8c40-6c6ef83ef3fb'),
 ('638', '230', '228', '93', '0', '8', '2017-02-14 01:58:12', '2017-02-14 01:58:12', '2812f2b5-b428-4e8a-8314-b6bc708211a7'),
 ('639', '230', '229', '95', '0', '1', '2017-02-14 01:58:12', '2017-02-14 01:58:12', 'de3b4fcb-8221-4735-8b31-5356254c8b61');



DROP TABLE IF EXISTS `craft_fieldlayouts`;


--
-- Schema for table `craft_fieldlayouts`
--
CREATE TABLE `craft_fieldlayouts` (
  `id` int(11) NOT NULL AUTO_INCREMENT,
  `type` varchar(150) COLLATE utf8_unicode_ci NOT NULL,
  `dateCreated` datetime NOT NULL,
  `dateUpdated` datetime NOT NULL,
  `uid` char(36) COLLATE utf8_unicode_ci NOT NULL DEFAULT '0',
  PRIMARY KEY (`id`),
  KEY `craft_fieldlayouts_type_idx` (`type`)
) ENGINE=InnoDB AUTO_INCREMENT=231 DEFAULT CHARSET=utf8 COLLATE=utf8_unicode_ci;

--
-- Data for table `craft_fieldlayouts`
--

INSERT INTO `craft_fieldlayouts` (`id`, `type`, `dateCreated`, `dateUpdated`, `uid`) VALUES
 ('1', 'Tag', '2014-10-08 10:49:50', '2014-10-08 10:49:50', '735aea8d-1467-42fe-a635-fe07456aef93'),
 ('3', 'Entry', '2014-10-08 10:49:51', '2014-10-08 10:49:51', '34c943ee-38b2-46f1-977d-5a69371e7b36'),
 ('5', 'Entry', '2014-10-08 10:49:51', '2014-10-08 10:49:51', 'abf58a12-09f1-4aa1-a709-7f4b5c553eab'),
 ('35', 'Asset', '2016-06-08 08:27:39', '2016-06-08 08:27:39', '2f62a4dc-1f0f-431b-845c-ccffcb78f627'),
 ('36', 'Asset', '2016-09-14 09:29:21', '2016-09-14 09:29:21', '98cb2b92-aed8-4d5a-bbb7-828546174317'),
 ('38', 'Entry', '2017-02-10 15:30:01', '2017-02-10 15:30:01', 'a6baa776-24f3-4052-bb5f-7d0fa41cdb27'),
 ('39', 'Entry', '2017-02-10 15:30:11', '2017-02-10 15:30:11', 'a7d944a6-bbc5-4f08-93ce-6ae60aac4fde'),
 ('40', 'Entry', '2017-02-10 15:30:28', '2017-02-10 15:30:28', '6ab360d5-e418-4f18-9d4c-5a92edabc1a5'),
 ('41', 'Entry', '2017-02-10 15:44:00', '2017-02-10 15:44:00', '97c75d75-09d3-4ca3-b034-542ebdfb29e1'),
 ('42', 'Entry', '2017-02-10 15:44:13', '2017-02-10 15:44:13', '101a9e02-2250-449a-abbb-4edf1738f6e5'),
 ('46', 'Asset', '2017-02-10 16:03:48', '2017-02-10 16:03:48', 'f4ef6a9b-ad01-449d-9f04-53edd0f3cae3'),
 ('47', 'Asset', '2017-02-10 16:04:31', '2017-02-10 16:04:31', 'd3361999-70fc-411b-a528-79ea5f825ccd'),
 ('48', 'Asset', '2017-02-10 16:05:03', '2017-02-10 16:05:03', '12df801a-1b5d-4456-99f1-0634fff4e323'),
 ('49', 'Asset', '2017-02-10 16:05:27', '2017-02-10 16:05:27', '792f60f0-a21c-4f49-bd62-2f95dbff700a'),
 ('63', 'Asset', '2017-02-11 01:16:20', '2017-02-11 01:16:20', 'f2ccfb71-0089-40a6-aeda-76e2eb154d3e'),
 ('64', 'MatrixBlock', '2017-02-11 01:17:41', '2017-02-11 01:17:41', '85cdefec-4d8d-4400-9d04-12d3cd7919e9'),
 ('65', 'Asset', '2017-02-11 17:10:40', '2017-02-11 17:10:40', 'f61e6dc1-a0d5-4d83-bbfc-4759febd5bab'),
 ('100', 'SproutForms_Form', '2017-02-13 13:39:14', '2017-02-13 13:39:14', '390a5ec2-45c6-4b6d-8fc8-4f55cc0e0f17'),
 ('102', 'SproutForms_Form', '2017-02-13 13:39:20', '2017-02-13 13:39:20', '9d767c64-9061-40b7-8b1e-1be9133db5ac'),
 ('109', 'MatrixBlock', '2017-02-13 15:23:12', '2017-02-13 15:23:12', 'bf9717d2-2aa0-4d05-af8b-fc8354d260b8'),
 ('110', 'SuperTable_Block', '2017-02-13 15:23:13', '2017-02-13 15:23:13', 'c691255c-7bf2-4c81-8eb1-cb598febb507'),
 ('111', 'MatrixBlock', '2017-02-13 15:23:13', '2017-02-13 15:23:13', '2bfc7f69-9b11-4a2d-9744-6f3c18f25bd2'),
 ('123', 'Entry', '2017-02-13 23:00:40', '2017-02-13 23:00:40', 'fcf00383-7bf5-4772-bc75-76a657ddb28a'),
 ('124', 'SuperTable_Block', '2017-02-13 23:03:31', '2017-02-13 23:03:31', 'aed7ac77-4567-4a4a-b7f4-3d64ec91e6aa'),
 ('162', 'PimpMyMatrix_BlockType', '2017-02-14 00:09:49', '2017-02-14 00:09:49', '3b33271b-d233-4733-9f97-16dc126ce8e4'),
 ('165', 'SuperTable_Block', '2017-02-14 00:17:20', '2017-02-14 00:17:20', '7f240075-4d5c-495e-a9d2-1a99b2d1f414'),
 ('166', 'MatrixBlock', '2017-02-14 00:17:20', '2017-02-14 00:17:20', '55eabb5f-92a1-4a88-b111-733bf9faed91'),
 ('229', 'Neo_Block', '2017-02-14 01:58:12', '2017-02-14 01:58:12', '3d016e05-8eb7-4947-a92b-d92dc27431de'),
 ('230', 'Neo_Block', '2017-02-14 01:58:12', '2017-02-14 01:58:12', 'aafb0933-e638-4456-ac8d-5913fdc493be');



DROP TABLE IF EXISTS `craft_fieldlayouttabs`;


--
-- Schema for table `craft_fieldlayouttabs`
--
CREATE TABLE `craft_fieldlayouttabs` (
  `id` int(11) NOT NULL AUTO_INCREMENT,
  `layoutId` int(11) NOT NULL,
  `name` varchar(255) COLLATE utf8_unicode_ci NOT NULL,
  `sortOrder` smallint(6) unsigned DEFAULT NULL,
  `dateCreated` datetime NOT NULL,
  `dateUpdated` datetime NOT NULL,
  `uid` char(36) COLLATE utf8_unicode_ci NOT NULL DEFAULT '0',
  PRIMARY KEY (`id`),
  KEY `craft_fieldlayouttabs_sortOrder_idx` (`sortOrder`),
  KEY `craft_fieldlayouttabs_layoutId_fk` (`layoutId`)
) ENGINE=InnoDB AUTO_INCREMENT=230 DEFAULT CHARSET=utf8 COLLATE=utf8_unicode_ci;

--
-- Data for table `craft_fieldlayouttabs`
--

INSERT INTO `craft_fieldlayouttabs` (`id`, `layoutId`, `name`, `sortOrder`, `dateCreated`, `dateUpdated`, `uid`) VALUES
 ('1', '3', 'Innhold', '1', '2014-10-08 10:49:51', '2014-10-08 10:49:51', 'd35bab09-a914-4602-91df-0a3c3baa2cfc'),
 ('2', '5', 'Innhold', '1', '2014-10-08 10:49:51', '2014-10-08 10:49:51', 'c39b036d-dd74-43ad-b5f0-cc0dfbd18b00'),
 ('4', '1', 'Content', '1', '2014-12-12 08:34:38', '2014-12-12 08:34:38', '075c4aae-210e-47b1-b49d-741e200c9155'),
 ('26', '35', 'Innhold', '1', '2016-06-08 08:27:39', '2016-06-08 08:27:39', 'ecb34c16-5ecd-4248-858f-4abe8652da43'),
 ('30', '46', 'Innhold', '1', '2017-02-10 16:03:48', '2017-02-10 16:03:48', '32005601-79f7-4746-a655-3afd89845f25'),
 ('31', '47', 'Innhold', '1', '2017-02-10 16:04:31', '2017-02-10 16:04:31', '5dd321ae-8b5c-4e1d-98d4-a7d746321b3d'),
 ('32', '48', 'Innhold', '1', '2017-02-10 16:05:03', '2017-02-10 16:05:03', '2715a7d0-66f7-43bf-8628-8cdf697b4e82'),
 ('33', '49', 'Innhold', '1', '2017-02-10 16:05:27', '2017-02-10 16:05:27', '5648d0bf-8199-47fa-be21-be27699209cc'),
 ('47', '64', 'Content', '1', '2017-02-11 01:17:41', '2017-02-11 01:17:41', '6e5e9e31-8de5-45fa-8349-1bc5c14e5ab6'),
 ('48', '65', 'Innhold', '1', '2017-02-11 17:10:40', '2017-02-11 17:10:40', '492c600c-f173-4d96-9a94-6cdf1b6a37c7'),
 ('82', '100', 'Default', '1', '2017-02-13 13:39:14', '2017-02-13 13:39:14', '0c4ea6d6-b2ed-46a7-b96c-2ca921d2467d'),
 ('83', '102', 'Section One', '1', '2017-02-13 13:39:20', '2017-02-13 13:39:20', '6ef9d78d-94f2-435a-b45d-08bad8912322'),
 ('84', '102', 'Section Two', '2', '2017-02-13 13:39:20', '2017-02-13 13:39:20', 'ae29d8f0-2c57-4c30-8afa-80806da72d39'),
 ('91', '109', 'Content', '1', '2017-02-13 15:23:12', '2017-02-13 15:23:12', '6861f6b1-9980-4bca-866a-04f6d66dd2dd'),
 ('92', '110', 'Content', '1', '2017-02-13 15:23:13', '2017-02-13 15:23:13', 'd7cb2660-4d60-48e7-b159-d95ad979c09f'),
 ('93', '111', 'Content', '1', '2017-02-13 15:23:13', '2017-02-13 15:23:13', 'e0f7b33f-ce56-40b5-8952-8f69aec6453c'),
 ('105', '123', 'Forside', '1', '2017-02-13 23:00:40', '2017-02-13 23:00:40', '58dccc5d-871e-47c4-a23b-2c018161cadc'),
 ('106', '124', 'Content', '1', '2017-02-13 23:03:31', '2017-02-13 23:03:31', '780095e9-6900-4008-9b9a-28ad8b362bcf'),
 ('144', '162', 'Felter', '1', '2017-02-14 00:09:49', '2017-02-14 00:09:49', '743ff043-cd8e-460e-8843-ebebd9abe4f7'),
 ('147', '165', 'Content', '1', '2017-02-14 00:17:20', '2017-02-14 00:17:20', '0627f6d8-2619-4fea-8dc7-4e8eb25a4f07'),
 ('148', '166', 'Content', '1', '2017-02-14 00:17:20', '2017-02-14 00:17:20', 'f17c4358-7897-4273-8a65-94300f562899'),
 ('227', '229', 'Restauranten', '1', '2017-02-14 01:58:12', '2017-02-14 01:58:12', '76aa0020-4431-4057-80a5-e20598d84d34'),
 ('228', '230', 'Generelt', '1', '2017-02-14 01:58:12', '2017-02-14 01:58:12', '05fef461-c0de-40bf-a55f-e9bd895ff7de'),
 ('229', '230', 'Innstillinger', '2', '2017-02-14 01:58:12', '2017-02-14 01:58:12', '442e6bfa-1e92-4ccf-a774-537413919e2d');



DROP TABLE IF EXISTS `craft_fields`;


--
-- Schema for table `craft_fields`
--
CREATE TABLE `craft_fields` (
  `id` int(11) NOT NULL AUTO_INCREMENT,
  `groupId` int(11) DEFAULT NULL,
  `name` varchar(255) COLLATE utf8_unicode_ci NOT NULL,
  `handle` varchar(58) COLLATE utf8_unicode_ci NOT NULL,
  `context` varchar(255) COLLATE utf8_unicode_ci NOT NULL DEFAULT 'global',
  `instructions` text COLLATE utf8_unicode_ci,
  `translatable` tinyint(1) unsigned NOT NULL DEFAULT '0',
  `type` varchar(150) COLLATE utf8_unicode_ci NOT NULL,
  `settings` text COLLATE utf8_unicode_ci,
  `dateCreated` datetime NOT NULL,
  `dateUpdated` datetime NOT NULL,
  `uid` char(36) COLLATE utf8_unicode_ci NOT NULL DEFAULT '0',
  PRIMARY KEY (`id`),
  UNIQUE KEY `craft_fields_handle_context_unq_idx` (`handle`,`context`),
  KEY `craft_fields_context_idx` (`context`),
  KEY `craft_fields_groupId_fk` (`groupId`)
) ENGINE=InnoDB AUTO_INCREMENT=100 DEFAULT CHARSET=utf8 COLLATE=utf8_unicode_ci;

--
-- Data for table `craft_fields`
--

INSERT INTO `craft_fields` (`id`, `groupId`, `name`, `handle`, `context`, `instructions`, `translatable`, `type`, `settings`, `dateCreated`, `dateUpdated`, `uid`) VALUES
 ('18', '1', 'Fokuspunkt', 'fokuspunkt', 'global', '', '0', 'FocalPointField_FocalPoint', '{\"defaultFocalPoint\":\"\"}', '2016-01-19 15:58:29', '2016-01-19 15:58:29', '74a3919e-0f9f-4f9d-bc71-7e0335ce7f1d'),
 ('21', '1', 'Alternativ tekst', 'alt', 'global', '', '0', 'PlainText', '{\"placeholder\":\"\",\"maxLength\":\"\",\"multiline\":\"\",\"initialRows\":\"4\"}', '2016-02-15 11:49:15', '2016-02-15 11:49:15', '7592614d-9607-4aa9-9f4b-cd073d7a7de5'),
 ('22', '1', 'Toppbilde', 'toppbilde', 'global', '', '0', 'Assets', '{\"useSingleFolder\":\"\",\"sources\":\"*\",\"defaultUploadLocationSource\":\"1\",\"defaultUploadLocationSubpath\":\"\",\"singleUploadLocationSource\":\"1\",\"singleUploadLocationSubpath\":\"\",\"restrictFiles\":\"1\",\"allowedKinds\":[\"image\"],\"limit\":\"1\",\"viewMode\":\"large\",\"selectionLabel\":\"\"}', '2017-02-10 15:45:42', '2017-02-10 15:45:42', 'c73d509d-119f-41c2-8839-c8f5413a6445'),
 ('23', '1', 'Rik tekst', 'rikTekst', 'global', '', '0', 'RichText', '{\"configFile\":\"\",\"availableAssetSources\":\"\",\"availableTransforms\":\"\",\"cleanupHtml\":\"1\",\"purifyHtml\":\"1\",\"columnType\":\"text\"}', '2017-02-10 15:46:19', '2017-02-14 02:00:48', 'c1dcd8f7-12f2-4a63-b62b-1377ab99843b'),
 ('24', '1', 'Ren tekst', 'renTekst', 'global', '', '0', 'PlainText', '{\"placeholder\":\"\",\"maxLength\":\"\",\"multiline\":\"\",\"initialRows\":\"4\"}', '2017-02-10 15:46:56', '2017-02-10 15:46:56', '2d90381d-9ce3-4990-9046-31107f5fb4b4'),
 ('25', '1', 'Tittel', 'tittel', 'global', '', '0', 'PlainText', '{\"placeholder\":\"\",\"maxLength\":\"\",\"multiline\":\"\",\"initialRows\":\"4\"}', '2017-02-10 16:06:50', '2017-02-10 16:07:00', 'efad9b18-a85e-4715-9793-22442ef38880'),
 ('26', '6', 'Åpningstider og booking', 'apningstiderOgBooking', 'global', 'Åpningstider og booking', '0', 'Matrix', '{\"maxBlocks\":\"2\"}', '2017-02-10 16:10:25', '2017-02-11 01:17:40', '5e9ed770-ac1b-47e3-aa83-4006a41fdde1'),
 ('27', NULL, 'Tittel', 'tittel', 'matrixBlockType:1', '', '0', 'PlainText', '{\"placeholder\":\"\",\"maxLength\":\"\",\"multiline\":\"\",\"initialRows\":\"4\"}', '2017-02-10 16:10:25', '2017-02-11 01:17:40', 'dac4e294-7ddd-4e1b-a4d0-9c3186dab2ba'),
 ('28', NULL, 'Ikon', 'ikon', 'matrixBlockType:1', '', '0', 'Assets', '{\"useSingleFolder\":\"\",\"sources\":[\"folder:7\"],\"defaultUploadLocationSource\":\"1\",\"defaultUploadLocationSubpath\":\"\",\"singleUploadLocationSource\":\"1\",\"singleUploadLocationSubpath\":\"\",\"restrictFiles\":\"\",\"limit\":\"\",\"viewMode\":\"list\",\"selectionLabel\":\"\"}', '2017-02-10 16:10:25', '2017-02-11 01:17:41', '27f1b220-afe4-4b71-9652-e0e339880627'),
 ('29', NULL, 'Rik tekst', 'rikTekst', 'matrixBlockType:1', '', '0', 'RichText', '{\"configFile\":\"Standard.json\",\"availableAssetSources\":\"*\",\"availableTransforms\":\"*\",\"cleanupHtml\":\"1\",\"purifyHtml\":\"1\",\"columnType\":\"text\"}', '2017-02-10 16:10:25', '2017-02-11 01:17:41', '5c844a17-1836-44b8-b54d-81a88432b070'),
 ('30', NULL, 'Knapp', 'knapp', 'matrixBlockType:1', 'Knapp med lenke', '0', 'RichText', '{\"configFile\":\"\",\"availableAssetSources\":\"*\",\"availableTransforms\":\"*\",\"cleanupHtml\":\"1\",\"purifyHtml\":\"1\",\"columnType\":\"text\"}', '2017-02-10 16:10:25', '2017-02-11 01:17:41', '1d19ecd8-6aec-4c1d-b714-c66fca292fb9'),
 ('46', '6', 'Restaurant', 'restaurantNeo', 'global', '', '0', 'Neo', '{\"maxBlocks\":null}', '2017-02-12 16:19:20', '2017-02-14 01:58:12', '458ab69c-1df5-48ee-92f7-4388b0af869e'),
 ('47', NULL, 'Overskrift', 'overskrift', 'matrixBlockType:5', '', '0', 'PlainText', '{\"placeholder\":\"\",\"maxLength\":\"\",\"multiline\":\"\",\"initialRows\":\"4\"}', '2017-02-12 16:19:20', '2017-02-13 15:23:11', '8fc3f890-8c25-4e4c-be39-e2973e489aa0'),
 ('48', NULL, 'Tekst', 'tekst', 'matrixBlockType:5', '', '0', 'RichText', '{\"configFile\":\"\",\"availableAssetSources\":\"*\",\"availableTransforms\":\"*\",\"cleanupHtml\":\"1\",\"purifyHtml\":\"1\",\"columnType\":\"text\"}', '2017-02-12 16:19:20', '2017-02-13 15:23:12', '94dbb155-a030-42a5-88c4-5f94f805df13'),
 ('49', NULL, 'Bilde', 'bilde', 'matrixBlockType:5', '', '0', 'Assets', '{\"useSingleFolder\":\"\",\"sources\":\"*\",\"defaultUploadLocationSource\":\"1\",\"defaultUploadLocationSubpath\":\"\",\"singleUploadLocationSource\":\"1\",\"singleUploadLocationSubpath\":\"\",\"restrictFiles\":\"\",\"limit\":\"\",\"viewMode\":\"list\",\"selectionLabel\":\"\"}', '2017-02-12 16:19:20', '2017-02-13 15:23:12', 'c73a9993-bcaf-4537-b018-eab8c2ae2dd9'),
 ('50', NULL, 'Overskrift', 'overskrift', 'matrixBlockType:6', '', '0', 'PlainText', '{\"placeholder\":\"\",\"maxLength\":\"\",\"multiline\":\"\",\"initialRows\":\"4\"}', '2017-02-12 16:21:45', '2017-02-13 15:23:12', '6e949a94-6c18-449a-8b7f-d58444287d24'),
 ('51', NULL, 'Tekst', 'tekst', 'matrixBlockType:6', '', '0', 'RichText', '{\"configFile\":\"\",\"availableAssetSources\":\"*\",\"availableTransforms\":\"*\",\"cleanupHtml\":\"1\",\"purifyHtml\":\"1\",\"columnType\":\"text\"}', '2017-02-12 16:21:45', '2017-02-13 15:23:13', '9e0f4b8c-2d6f-4167-afde-43786bd58029'),
 ('52', NULL, 'Menyer', 'menyer', 'matrixBlockType:6', '', '0', 'SuperTable', '{\"columns\":{\"77\":{\"width\":\"\"},\"78\":{\"width\":\"\"}},\"fieldLayout\":\"table\",\"staticField\":null,\"selectionLabel\":\"Legg til flere rader\",\"maxRows\":null}', '2017-02-12 16:21:45', '2017-02-13 15:23:13', '5370a78d-b8ce-4c0c-9958-2ac1b8ac20f9'),
 ('53', '4', 'Bilde', 'bilde', 'global', '', '0', 'Assets', '{\"useSingleFolder\":\"\",\"sources\":\"*\",\"defaultUploadLocationSource\":\"1\",\"defaultUploadLocationSubpath\":\"\",\"singleUploadLocationSource\":\"1\",\"singleUploadLocationSubpath\":\"\",\"restrictFiles\":\"\",\"limit\":\"1\",\"viewMode\":\"large\",\"selectionLabel\":\"\"}', '2017-02-13 12:13:45', '2017-02-13 12:13:45', 'af20a2c7-f21b-4369-b8d4-ed9444449899'),
 ('56', NULL, 'Blokk', 'blokk', 'matrixBlockType:7', '', '0', 'SuperTable', '{\"columns\":{\"new1\":{\"width\":\"\"},\"new2\":{\"width\":\"\"},\"new3\":{\"width\":\"\"},\"new4\":{\"width\":\"\"}},\"fieldLayout\":\"table\",\"staticField\":null,\"selectionLabel\":\"Legg til flere rader\",\"maxRows\":null}', '2017-02-13 12:27:30', '2017-02-14 00:17:19', '7d449cd3-7128-4283-be70-1d8cc99346a3'),
 ('65', NULL, 'Navn', 'navn', 'sproutForms:20', '', '0', 'PlainText', '{\"placeholder\":\"Ola Nordmann\",\"maxLength\":\"\",\"multiline\":\"\",\"initialRows\":\"4\"}', '2017-02-13 13:39:13', '2017-02-13 13:44:15', 'a2666431-53b3-4373-bea6-44323f966af9'),
 ('66', NULL, 'Epost', 'epost', 'sproutForms:20', 'ola@nordmann.no', '0', 'PlainText', '{\"placeholder\":\"\",\"maxLength\":\"\",\"multiline\":\"\",\"initialRows\":\"4\"}', '2017-02-13 13:39:13', '2017-02-13 13:44:52', 'e68859ae-b0c8-47c2-b61c-59d385bead45'),
 ('67', NULL, 'Melding', 'melding', 'sproutForms:20', '', '0', 'PlainText', '{\"placeholder\":\"\",\"maxLength\":\"\",\"multiline\":\"1\",\"initialRows\":\"4\"}', '2017-02-13 13:39:14', '2017-02-13 13:45:23', 'db65a8e9-968f-46fb-b0c2-b183b7edb042'),
 ('68', NULL, 'Plain Text Field', 'plainText', 'sproutForms:21', NULL, '0', 'PlainText', '{\"placeholder\":\"\",\"maxLength\":\"\",\"multiline\":0,\"initialRows\":4}', '2017-02-13 13:39:17', '2017-02-13 13:39:17', '74855b07-7c59-441e-9c6a-d057e936b95b'),
 ('69', NULL, 'Dropdown Field', 'dropdown', 'sproutForms:21', NULL, '0', 'Dropdown', '{\"options\":[{\"label\":\"Option 1\",\"value\":\"option1\",\"default\":\"\"},{\"label\":\"Option 2\",\"value\":\"option2\",\"default\":\"\"},{\"label\":\"Option 3\",\"value\":\"option3\",\"default\":\"\"}]}', '2017-02-13 13:39:18', '2017-02-13 13:39:18', '23eb9ee9-f4e4-4486-a058-943266d1a1a2'),
 ('70', NULL, 'Number Field', 'number', 'sproutForms:21', NULL, '0', 'Number', '{\"min\":0,\"max\":\"\",\"decimals\":\"\"}', '2017-02-13 13:39:18', '2017-02-13 13:39:18', '216f619c-4eed-4313-85c3-7dc8e89e7330'),
 ('71', NULL, 'Radio Buttons Field', 'radioButtons', 'sproutForms:21', NULL, '0', 'RadioButtons', '{\"options\":[{\"label\":\"Option 1\",\"value\":\"option1\",\"default\":\"\"},{\"label\":\"Option 2\",\"value\":\"option2\",\"default\":\"\"},{\"label\":\"Option 3\",\"value\":\"option3\",\"default\":\"\"}]}', '2017-02-13 13:39:19', '2017-02-13 13:39:19', 'ada486cd-c5b5-4adb-ae07-2d1d61531598'),
 ('72', NULL, 'Checkboxes Field', 'checkboxes', 'sproutForms:21', NULL, '0', 'Checkboxes', '{\"options\":[{\"label\":\"Option 1\",\"value\":\"option1\",\"default\":\"\"},{\"label\":\"Option 2\",\"value\":\"option2\",\"default\":\"\"},{\"label\":\"Option 3\",\"value\":\"option3\",\"default\":\"\"}]}', '2017-02-13 13:39:19', '2017-02-13 13:39:19', 'a6faa0eb-a478-4272-ad38-17197a2e2276'),
 ('73', NULL, 'Multi-select Field', 'multiSelect', 'sproutForms:21', NULL, '0', 'MultiSelect', '{\"options\":[{\"label\":\"Option 1\",\"value\":\"option1\",\"default\":\"\"},{\"label\":\"Option 2\",\"value\":\"option2\",\"default\":\"\"},{\"label\":\"Option 3\",\"value\":\"option3\",\"default\":\"\"}]}', '2017-02-13 13:39:20', '2017-02-13 13:39:20', '96d9b3e2-87a7-4a3c-9af1-e94debbbc88e'),
 ('74', NULL, 'Textarea Field', 'textarea', 'sproutForms:21', NULL, '0', 'PlainText', '{\"placeholder\":\"\",\"maxLength\":\"\",\"multiline\":1,\"initialRows\":4}', '2017-02-13 13:39:20', '2017-02-13 13:39:20', 'ddbeca7d-153e-45f9-bf7e-30160f74b982'),
 ('76', NULL, 'Ikon', 'ikon', 'matrixBlockType:6', '', '0', 'Assets', '{\"useSingleFolder\":\"1\",\"sources\":\"*\",\"defaultUploadLocationSource\":\"1\",\"defaultUploadLocationSubpath\":\"\",\"singleUploadLocationSource\":\"7\",\"singleUploadLocationSubpath\":\"\",\"restrictFiles\":\"\",\"limit\":\"\",\"viewMode\":\"list\",\"selectionLabel\":\"\"}', '2017-02-13 15:13:23', '2017-02-13 15:23:12', '072dcf1b-70d5-4537-82b1-013a0b0776bc'),
 ('77', NULL, 'Ikon', 'ikon', 'superTableBlockType:1', '', '0', 'Assets', '{\"useSingleFolder\":\"1\",\"sources\":\"*\",\"defaultUploadLocationSource\":\"1\",\"defaultUploadLocationSubpath\":\"\",\"singleUploadLocationSource\":\"7\",\"singleUploadLocationSubpath\":\"\",\"restrictFiles\":\"\",\"limit\":\"1\",\"viewMode\":\"large\",\"selectionLabel\":\"\"}', '2017-02-13 15:15:41', '2017-02-13 15:23:13', 'f78256d1-7d6e-4a45-b53a-2dddc2059433'),
 ('78', NULL, 'Tekst', 'tekst', 'superTableBlockType:1', '', '0', 'RichText', '{\"configFile\":\"\",\"availableAssetSources\":\"*\",\"availableTransforms\":\"*\",\"cleanupHtml\":\"1\",\"purifyHtml\":\"1\",\"columnType\":\"text\"}', '2017-02-13 15:15:42', '2017-02-13 15:23:13', '75138a13-5978-4126-93dd-3e44e1f2bd4d'),
 ('80', '6', 'Våre menyer', 'vareMenyer', 'global', '', '0', 'SuperTable', '{\"columns\":{\"new1\":{\"width\":\"\"},\"new2\":{\"width\":\"\"}},\"fieldLayout\":\"table\",\"staticField\":null,\"selectionLabel\":\"Legg til flere rader\",\"maxRows\":null}', '2017-02-13 23:03:30', '2017-02-13 23:03:30', '33bf1b4f-7c34-40f2-a7f8-fd3756edab4d'),
 ('81', NULL, 'Ikon', 'ikon', 'superTableBlockType:2', '', '0', 'Assets', '{\"useSingleFolder\":\"1\",\"sources\":\"*\",\"defaultUploadLocationSource\":\"1\",\"defaultUploadLocationSubpath\":\"\",\"singleUploadLocationSource\":\"7\",\"singleUploadLocationSubpath\":\"\",\"restrictFiles\":\"\",\"limit\":\"1\",\"viewMode\":\"list\",\"selectionLabel\":\"\"}', '2017-02-13 23:03:31', '2017-02-13 23:03:31', '1c14e2b9-7f14-4d3a-a91c-dc0f5d4c681c'),
 ('82', NULL, 'Tekst', 'tekst', 'superTableBlockType:2', '', '0', 'RichText', '{\"configFile\":\"\",\"availableAssetSources\":\"*\",\"availableTransforms\":\"*\",\"cleanupHtml\":\"1\",\"purifyHtml\":\"1\",\"columnType\":\"text\"}', '2017-02-13 23:03:31', '2017-02-13 23:03:31', '1067c7a5-9df2-4a48-ae3d-1176b87edb7c'),
 ('83', NULL, 'Type', 'type', 'superTableBlockType:3', '', '0', 'RadioButtons', '{\"options\":[{\"label\":\"Enkel\",\"value\":\"enkel\",\"default\":\"\"},{\"label\":\"Stort bilde\",\"value\":\"stortBilde\",\"default\":\"\"},{\"label\":\"Bildetekst\",\"value\":\"bildetekst\",\"default\":\"\"}]}', '2017-02-14 00:17:19', '2017-02-14 00:17:19', '45413bf6-7572-4caa-bdb0-06e40b938bd2'),
 ('84', NULL, 'Tittel', 'tittel', 'superTableBlockType:3', '', '0', 'PlainText', '{\"placeholder\":\"\",\"maxLength\":\"\",\"multiline\":\"\",\"initialRows\":\"4\"}', '2017-02-14 00:17:20', '2017-02-14 00:17:20', 'f873615f-754e-480f-91b3-aecedb6e9bbc'),
 ('85', NULL, 'Tekst', 'tekst', 'superTableBlockType:3', '', '0', 'PlainText', '{\"placeholder\":\"\",\"maxLength\":\"\",\"multiline\":\"\",\"initialRows\":\"4\"}', '2017-02-14 00:17:20', '2017-02-14 00:17:20', '4cdf8a18-6898-4445-8d53-aded818f6bb6'),
 ('86', NULL, 'Bilde', 'bilde', 'superTableBlockType:3', '', '0', 'Assets', '{\"useSingleFolder\":\"\",\"sources\":\"*\",\"defaultUploadLocationSource\":\"1\",\"defaultUploadLocationSubpath\":\"\",\"singleUploadLocationSource\":\"1\",\"singleUploadLocationSubpath\":\"\",\"restrictFiles\":\"\",\"limit\":\"\",\"viewMode\":\"list\",\"selectionLabel\":\"\"}', '2017-02-14 00:17:20', '2017-02-14 00:17:20', '4bb8b2c1-ba61-40ac-afa7-a295ae41ff43'),
 ('92', '4', 'Bildeposisjon', 'bildeposisjon', 'global', '', '0', 'PositionSelect', '{\"options\":[\"left\",\"right\",\"full\"]}', '2017-02-14 00:30:07', '2017-02-14 00:30:07', '928c804d-0cb9-47f3-9b1f-f81d9b05ba98'),
 ('93', '4', 'Tekstposisjon', 'tekstposisjon', 'global', '', '0', 'PositionSelect', '{\"options\":[\"left\",\"right\",\"drop-left\",\"drop-right\"]}', '2017-02-14 00:48:20', '2017-02-14 01:49:22', 'd1e6b67e-b41f-4357-9354-ee70ec94c054'),
 ('94', '4', 'Bildetekst', 'bildetekst', 'global', '', '0', 'RichText', '{\"configFile\":\"\",\"availableAssetSources\":\"*\",\"availableTransforms\":\"*\",\"cleanupHtml\":\"1\",\"purifyHtml\":\"1\",\"columnType\":\"text\"}', '2017-02-14 00:48:40', '2017-02-14 00:48:40', 'e8c96bce-2294-43cb-8ba7-713a100410ef'),
 ('95', '4', 'Mellomrom', 'mellomrom', 'global', '', '0', 'ButtonBox_Buttons', '{\"displayAsGraphic\":\"\",\"displayFullwidth\":\"\",\"options\":[{\"label\":\"Over\",\"showLabel\":\"1\",\"value\":\"over\",\"imageUrl\":\"\",\"default\":\"\"},{\"label\":\"Under\",\"showLabel\":\"1\",\"value\":\"under\",\"imageUrl\":\"\",\"default\":\"\"},{\"label\":\"Begge\",\"showLabel\":\"1\",\"value\":\"begge\",\"imageUrl\":\"\",\"default\":\"1\"}]}', '2017-02-14 00:50:12', '2017-02-14 01:59:20', 'ebb447d9-e4ce-4b82-aa06-908c155dc7bd'),
 ('97', '4', 'Bildetekst?', 'bildetekstChkbox', 'global', '', '0', 'Lightswitch', '{\"default\":\"\"}', '2017-02-14 01:51:40', '2017-02-14 01:51:40', '716cbd81-b6fe-4b5c-93e7-98e1773f66ae'),
 ('98', '4', 'Bilde?', 'bildeChkbox', 'global', '', '0', 'Lightswitch', '{\"default\":\"\"}', '2017-02-14 01:55:03', '2017-02-14 01:55:03', 'ad330763-2190-46c2-b75c-02d402356e54'),
 ('99', '4', 'Tekst?', 'tekstChkbox', 'global', '', '0', 'Lightswitch', '{\"default\":\"\"}', '2017-02-14 01:57:45', '2017-02-14 01:57:45', '2f719122-a49c-4bc3-98c7-7ce8f186d27e');



DROP TABLE IF EXISTS `craft_globalsets`;


--
-- Schema for table `craft_globalsets`
--
CREATE TABLE `craft_globalsets` (
  `id` int(11) NOT NULL,
  `name` varchar(255) COLLATE utf8_unicode_ci NOT NULL,
  `handle` varchar(255) COLLATE utf8_unicode_ci NOT NULL,
  `fieldLayoutId` int(10) DEFAULT NULL,
  `dateCreated` datetime NOT NULL,
  `dateUpdated` datetime NOT NULL,
  `uid` char(36) COLLATE utf8_unicode_ci NOT NULL DEFAULT '0',
  PRIMARY KEY (`id`),
  UNIQUE KEY `craft_globalsets_name_unq_idx` (`name`),
  UNIQUE KEY `craft_globalsets_handle_unq_idx` (`handle`),
  KEY `craft_globalsets_fieldLayoutId_fk` (`fieldLayoutId`)
) ENGINE=InnoDB DEFAULT CHARSET=utf8 COLLATE=utf8_unicode_ci;

DROP TABLE IF EXISTS `craft_info`;


--
-- Schema for table `craft_info`
--
CREATE TABLE `craft_info` (
  `id` int(11) NOT NULL AUTO_INCREMENT,
  `version` varchar(50) COLLATE utf8_unicode_ci NOT NULL,
  `schemaVersion` varchar(15) COLLATE utf8_unicode_ci NOT NULL,
  `edition` tinyint(1) unsigned NOT NULL DEFAULT '0',
  `siteName` varchar(100) COLLATE utf8_unicode_ci NOT NULL,
  `siteUrl` varchar(255) COLLATE utf8_unicode_ci NOT NULL,
  `timezone` varchar(30) COLLATE utf8_unicode_ci DEFAULT NULL,
  `on` tinyint(1) unsigned NOT NULL DEFAULT '0',
  `maintenance` tinyint(1) unsigned NOT NULL DEFAULT '0',
  `dateCreated` datetime NOT NULL,
  `dateUpdated` datetime NOT NULL,
  `uid` char(36) COLLATE utf8_unicode_ci NOT NULL DEFAULT '0',
  PRIMARY KEY (`id`)
) ENGINE=InnoDB AUTO_INCREMENT=2 DEFAULT CHARSET=utf8 COLLATE=utf8_unicode_ci;

--
-- Data for table `craft_info`
--

INSERT INTO `craft_info` (`id`, `version`, `schemaVersion`, `edition`, `siteName`, `siteUrl`, `timezone`, `on`, `maintenance`, `dateCreated`, `dateUpdated`, `uid`) VALUES
 ('1', '2.6.2959', '2.6.9', '0', 'Festningen servering og kulturarena', '{siteUrl}', 'Europe/Oslo', '1', '0', '2014-10-08 10:49:45', '2017-02-08 16:28:24', 'ce6e6378-3719-45f4-88b1-640f0e5e22c4');



DROP TABLE IF EXISTS `craft_locales`;


--
-- Schema for table `craft_locales`
--
CREATE TABLE `craft_locales` (
  `locale` char(12) COLLATE utf8_unicode_ci NOT NULL,
  `sortOrder` smallint(6) unsigned DEFAULT NULL,
  `dateCreated` datetime NOT NULL,
  `dateUpdated` datetime NOT NULL,
  `uid` char(36) COLLATE utf8_unicode_ci NOT NULL DEFAULT '0',
  PRIMARY KEY (`locale`),
  KEY `craft_locales_sortOrder_idx` (`sortOrder`)
) ENGINE=InnoDB DEFAULT CHARSET=utf8 COLLATE=utf8_unicode_ci;

--
-- Data for table `craft_locales`
--

INSERT INTO `craft_locales` (`locale`, `sortOrder`, `dateCreated`, `dateUpdated`, `uid`) VALUES
 ('nb_no', '1', '2014-10-08 10:49:46', '2014-10-08 10:49:46', '60083433-3d9f-4116-8d2d-1c91c6e178bc');



DROP TABLE IF EXISTS `craft_matrixblocks`;


--
-- Schema for table `craft_matrixblocks`
--
CREATE TABLE `craft_matrixblocks` (
  `id` int(11) NOT NULL,
  `ownerId` int(11) NOT NULL,
  `fieldId` int(11) NOT NULL,
  `typeId` int(11) DEFAULT NULL,
  `sortOrder` smallint(6) unsigned DEFAULT NULL,
  `ownerLocale` char(12) COLLATE utf8_unicode_ci DEFAULT NULL,
  `dateCreated` datetime NOT NULL,
  `dateUpdated` datetime NOT NULL,
  `uid` char(36) COLLATE utf8_unicode_ci NOT NULL DEFAULT '0',
  PRIMARY KEY (`id`),
  KEY `craft_matrixblocks_ownerId_idx` (`ownerId`),
  KEY `craft_matrixblocks_fieldId_idx` (`fieldId`),
  KEY `craft_matrixblocks_typeId_idx` (`typeId`),
  KEY `craft_matrixblocks_sortOrder_idx` (`sortOrder`),
  KEY `craft_matrixblocks_ownerLocale_fk` (`ownerLocale`)
) ENGINE=InnoDB DEFAULT CHARSET=utf8 COLLATE=utf8_unicode_ci;

--
-- Data for table `craft_matrixblocks`
--

INSERT INTO `craft_matrixblocks` (`id`, `ownerId`, `fieldId`, `typeId`, `sortOrder`, `ownerLocale`, `dateCreated`, `dateUpdated`, `uid`) VALUES
 ('10', '2', '26', '1', '1', NULL, '2017-02-10 16:12:46', '2017-02-14 02:02:47', 'ac0d97b3-b0d0-4233-a805-defd59903454'),
 ('11', '2', '26', '1', '2', NULL, '2017-02-10 16:12:46', '2017-02-14 02:02:47', 'b87d020a-6602-4d25-bd3a-b0fcad65049f'),
 ('18', '2', '46', '5', '1', NULL, '2017-02-12 16:23:11', '2017-02-13 22:57:24', '1ebf1595-1d0b-485a-9a47-0edb0cb88a8e');



DROP TABLE IF EXISTS `craft_matrixblocktypes`;


--
-- Schema for table `craft_matrixblocktypes`
--
CREATE TABLE `craft_matrixblocktypes` (
  `id` int(11) NOT NULL AUTO_INCREMENT,
  `fieldId` int(11) NOT NULL,
  `fieldLayoutId` int(11) DEFAULT NULL,
  `name` varchar(255) COLLATE utf8_unicode_ci NOT NULL,
  `handle` varchar(255) COLLATE utf8_unicode_ci NOT NULL,
  `sortOrder` smallint(6) unsigned DEFAULT NULL,
  `dateCreated` datetime NOT NULL,
  `dateUpdated` datetime NOT NULL,
  `uid` char(36) COLLATE utf8_unicode_ci NOT NULL DEFAULT '0',
  PRIMARY KEY (`id`),
  UNIQUE KEY `craft_matrixblocktypes_name_fieldId_unq_idx` (`name`,`fieldId`),
  UNIQUE KEY `craft_matrixblocktypes_handle_fieldId_unq_idx` (`handle`,`fieldId`),
  KEY `craft_matrixblocktypes_fieldId_fk` (`fieldId`),
  KEY `craft_matrixblocktypes_fieldLayoutId_fk` (`fieldLayoutId`)
) ENGINE=InnoDB AUTO_INCREMENT=9 DEFAULT CHARSET=utf8 COLLATE=utf8_unicode_ci;

--
-- Data for table `craft_matrixblocktypes`
--

INSERT INTO `craft_matrixblocktypes` (`id`, `fieldId`, `fieldLayoutId`, `name`, `handle`, `sortOrder`, `dateCreated`, `dateUpdated`, `uid`) VALUES
 ('1', '26', '64', 'Blokk', 'blokk', '1', '2017-02-10 16:10:25', '2017-02-11 01:17:41', 'a3a404a8-7cf6-4808-b23b-cdc5908893c4'),
 ('5', '46', '109', 'Enkel', 'enkel', '1', '2017-02-12 16:19:20', '2017-02-13 15:23:12', '55995f5a-8564-4512-ab00-94b089f29429'),
 ('6', '46', '111', 'Menyer', 'menyer', '2', '2017-02-12 16:21:45', '2017-02-13 15:23:14', 'f7b50894-8f27-4761-83ec-a578abb60e12');



DROP TABLE IF EXISTS `craft_matrixcontent_apningstiderogbooking`;


--
-- Schema for table `craft_matrixcontent_apningstiderogbooking`
--
CREATE TABLE `craft_matrixcontent_apningstiderogbooking` (
  `id` int(11) NOT NULL AUTO_INCREMENT,
  `elementId` int(11) NOT NULL,
  `locale` char(12) COLLATE utf8_unicode_ci NOT NULL,
  `field_blokk_tittel` text COLLATE utf8_unicode_ci,
  `field_blokk_rikTekst` text COLLATE utf8_unicode_ci,
  `field_blokk_knapp` text COLLATE utf8_unicode_ci,
  `dateCreated` datetime NOT NULL,
  `dateUpdated` datetime NOT NULL,
  `uid` char(36) COLLATE utf8_unicode_ci NOT NULL DEFAULT '0',
  PRIMARY KEY (`id`),
  UNIQUE KEY `craft_matrixcontent_apningstiderogbookin_elementId_locale_unq_id` (`elementId`,`locale`),
  KEY `craft_matrixcontent_apningstiderogbooking_locale_fk` (`locale`)
) ENGINE=InnoDB AUTO_INCREMENT=3 DEFAULT CHARSET=utf8 COLLATE=utf8_unicode_ci;

--
-- Data for table `craft_matrixcontent_apningstiderogbooking`
--

INSERT INTO `craft_matrixcontent_apningstiderogbooking` (`id`, `elementId`, `locale`, `field_blokk_tittel`, `field_blokk_rikTekst`, `field_blokk_knapp`, `dateCreated`, `dateUpdated`, `uid`) VALUES
 ('1', '10', 'nb_no', 'Åpningstider', '<table><tbody><tr><th>Tirsdag - Fredag</th>\r\n    <th class=\"tg-yw4l\">11:00 - 23:00</th>\r\n  </tr><tr><td>Lørdag - Søndag</td>\r\n    <td>11:00 - 23:00</td>\r\n  </tr></tbody></table><p><br /></p>\r\n<p>Møter og selskap etter avtale</p>', '<p><a href=\"tel:45052666\">TLF: 450 52 666</a></p>', '2017-02-10 16:12:46', '2017-02-14 02:02:47', '665657b8-12a2-4565-84dc-14fb050bfcf9'),
 ('2', '11', 'nb_no', 'Booking', '<p>Reserver bord eller book <strong>egne dedikerte selskapslokaler med eget vertskap</strong> og underholdning. </p>', '<p><a href=\"mailto:kommandanten@festningenservering.no\">Send epost</a></p>', '2017-02-10 16:12:46', '2017-02-14 02:02:47', 'ebf2a9f1-e288-4a7f-9236-23009eb2a71a');



DROP TABLE IF EXISTS `craft_matrixcontent_blokktype`;


--
-- Schema for table `craft_matrixcontent_blokktype`
--
CREATE TABLE `craft_matrixcontent_blokktype` (
  `id` int(11) NOT NULL AUTO_INCREMENT,
  `elementId` int(11) NOT NULL,
  `locale` char(12) COLLATE utf8_unicode_ci NOT NULL,
  `dateCreated` datetime NOT NULL,
  `dateUpdated` datetime NOT NULL,
  `uid` char(36) COLLATE utf8_unicode_ci NOT NULL DEFAULT '0',
  PRIMARY KEY (`id`),
  UNIQUE KEY `craft_matrixcontent_blokktype_elementId_locale_unq_idx` (`elementId`,`locale`),
  KEY `craft_matrixcontent_blokktype_locale_idx` (`locale`)
) ENGINE=InnoDB AUTO_INCREMENT=7 DEFAULT CHARSET=utf8 COLLATE=utf8_unicode_ci;

DROP TABLE IF EXISTS `craft_matrixcontent_restaurant`;


--
-- Schema for table `craft_matrixcontent_restaurant`
--
CREATE TABLE `craft_matrixcontent_restaurant` (
  `id` int(11) NOT NULL AUTO_INCREMENT,
  `elementId` int(11) NOT NULL,
  `locale` char(12) COLLATE utf8_unicode_ci NOT NULL,
  `field_enkel_overskrift` text COLLATE utf8_unicode_ci,
  `field_enkel_tekst` text COLLATE utf8_unicode_ci,
  `field_menyer_overskrift` text COLLATE utf8_unicode_ci,
  `field_menyer_tekst` text COLLATE utf8_unicode_ci,
  `dateCreated` datetime NOT NULL,
  `dateUpdated` datetime NOT NULL,
  `uid` char(36) COLLATE utf8_unicode_ci NOT NULL DEFAULT '0',
  PRIMARY KEY (`id`),
  UNIQUE KEY `craft_matrixcontent_restaurant_elementId_locale_unq_idx` (`elementId`,`locale`),
  KEY `craft_matrixcontent_restaurant_locale_fk` (`locale`)
) ENGINE=InnoDB AUTO_INCREMENT=3 DEFAULT CHARSET=utf8 COLLATE=utf8_unicode_ci;

--
-- Data for table `craft_matrixcontent_restaurant`
--

INSERT INTO `craft_matrixcontent_restaurant` (`id`, `elementId`, `locale`, `field_enkel_overskrift`, `field_enkel_tekst`, `field_menyer_overskrift`, `field_menyer_tekst`, `dateCreated`, `dateUpdated`, `uid`) VALUES
 ('1', '18', 'nb_no', 'Restauranten', '<p>Lorem ipsum dolor sit amet, consectetur adipiscing elit, sed do eiusmod tempor incididunt ut labore et dolore magna aliqua. Ut enim ad minim veniam, quis nostrud exercitation ullamco laboris nisi.Lorem ipsum dolor sit amet, consectetur adipiscing elit, sed do eiusmod tempor incididunt ut labore.<br /><br /><a href=\"http://festningen.local/restaurant\"><strong>Les mer</strong></a></p>', NULL, NULL, '2017-02-12 16:23:11', '2017-02-13 22:57:24', '6d4cb709-bf6d-4f22-8f9f-aca3f24e07b9');



DROP TABLE IF EXISTS `craft_migrations`;


--
-- Schema for table `craft_migrations`
--
CREATE TABLE `craft_migrations` (
  `id` int(11) NOT NULL AUTO_INCREMENT,
  `pluginId` int(11) DEFAULT NULL,
  `version` varchar(255) COLLATE utf8_unicode_ci NOT NULL,
  `applyTime` datetime NOT NULL,
  `dateCreated` datetime NOT NULL,
  `dateUpdated` datetime NOT NULL,
  `uid` char(36) COLLATE utf8_unicode_ci NOT NULL DEFAULT '0',
  PRIMARY KEY (`id`),
  UNIQUE KEY `craft_migrations_version_unq_idx` (`version`),
  KEY `craft_migrations_pluginId_fk` (`pluginId`)
) ENGINE=InnoDB AUTO_INCREMENT=109 DEFAULT CHARSET=utf8 COLLATE=utf8_unicode_ci;

--
-- Data for table `craft_migrations`
--

INSERT INTO `craft_migrations` (`id`, `pluginId`, `version`, `applyTime`, `dateCreated`, `dateUpdated`, `uid`) VALUES
 ('1', NULL, 'm000000_000000_base', '2014-10-08 10:49:46', '2014-10-08 10:49:46', '2014-10-08 10:49:46', '42d71bf0-6913-4eaa-9e38-d36bea1be5a8'),
 ('2', NULL, 'm140730_000001_add_filename_and_format_to_transformindex', '2014-10-08 10:49:46', '2014-10-08 10:49:46', '2014-10-08 10:49:46', 'b3815782-326e-42bd-aab2-b7df98a331cc'),
 ('3', NULL, 'm140815_000001_add_format_to_transforms', '2014-10-08 10:49:46', '2014-10-08 10:49:46', '2014-10-08 10:49:46', 'd16c46c4-1e70-4db1-a35b-369052650590'),
 ('4', NULL, 'm140822_000001_allow_more_than_128_items_per_field', '2014-10-08 10:49:46', '2014-10-08 10:49:46', '2014-10-08 10:49:46', 'cfc81698-5ad6-4774-b348-8b83b7cb8f1e'),
 ('5', NULL, 'm140829_000001_single_title_formats', '2014-10-08 10:49:46', '2014-10-08 10:49:46', '2014-10-08 10:49:46', '198b1671-c688-4a74-9897-0211fddd2566'),
 ('6', NULL, 'm140831_000001_extended_cache_keys', '2014-10-08 10:49:46', '2014-10-08 10:49:46', '2014-10-08 10:49:46', '2d510d43-bb61-470e-a8ab-55672d6738ab'),
 ('7', NULL, 'm140922_000001_delete_orphaned_matrix_blocks', '2014-10-08 10:49:46', '2014-10-08 10:49:46', '2014-10-08 10:49:46', '399632eb-8668-43a1-a28d-2e933310cb4f'),
 ('9', NULL, 'm141008_000001_elements_index_tune', '2014-12-12 08:34:38', '2014-12-12 08:34:38', '2014-12-12 08:34:38', '1c96e5aa-cb60-4c43-bd6a-c0bd38773675'),
 ('10', NULL, 'm141009_000001_assets_source_handle', '2014-12-12 08:34:38', '2014-12-12 08:34:38', '2014-12-12 08:34:38', 'ee995679-dce6-4bb5-814a-ef4eb48d9e5c'),
 ('11', NULL, 'm141024_000001_field_layout_tabs', '2014-12-12 08:34:39', '2014-12-12 08:34:39', '2014-12-12 08:34:39', '22887b9a-b1dc-456a-b5e3-14b8f6724926'),
 ('12', NULL, 'm141030_000001_drop_structure_move_permission', '2014-12-12 08:34:39', '2014-12-12 08:34:39', '2014-12-12 08:34:39', '10e7e46a-612f-43a8-b243-170934f67e38'),
 ('13', NULL, 'm141103_000001_tag_titles', '2014-12-12 08:34:39', '2014-12-12 08:34:39', '2014-12-12 08:34:39', '0ddd1195-7ac4-4f43-a185-e2a45012e324'),
 ('14', NULL, 'm141109_000001_user_status_shuffle', '2014-12-12 08:34:40', '2014-12-12 08:34:40', '2014-12-12 08:34:40', '8f737b06-2ba4-42bf-81d4-e06786ff9fa6'),
 ('15', NULL, 'm141126_000001_user_week_start_day', '2014-12-12 08:34:40', '2014-12-12 08:34:40', '2014-12-12 08:34:40', 'f08d4d0a-045b-422f-b5ce-6a5976363598'),
 ('16', NULL, 'm150210_000001_adjust_user_photo_size', '2015-03-11 17:02:58', '2015-03-11 17:02:58', '2015-03-11 17:02:58', '1f89c6e6-0589-4f44-bbe3-046d140361f8'),
 ('17', '9', 'm150901_144609_superTable_fixForContentTables', '2015-10-23 15:33:35', '2015-10-23 15:33:35', '2015-10-23 15:33:35', 'f418c3f0-ce4e-4294-a5a9-7c359e000d76'),
 ('18', '16', 'm150314_144609_cpNav_addUrlSupport', '2015-10-25 12:33:15', '2015-10-25 12:33:15', '2015-10-25 12:33:15', '711d1275-f8ec-497d-905c-5a010ada3f80'),
 ('19', '16', 'm150314_144610_cpNav_addPrevUrlSupport', '2015-10-25 12:33:15', '2015-10-25 12:33:15', '2015-10-25 12:33:15', 'dd743bff-ee3a-4484-b928-424ae65f72b2'),
 ('20', '16', 'm150314_144611_cpNav_addManualNavItemSupport', '2015-10-25 12:33:15', '2015-10-25 12:33:15', '2015-10-25 12:33:15', '0df3e894-a476-47bf-a556-d28d6d7ba9e2'),
 ('21', '16', 'm150314_144615_cpNav_layouts', '2015-10-25 12:33:15', '2015-10-25 12:33:15', '2015-10-25 12:33:15', '0a95d82b-dad0-464b-bdf1-4508dbe91a79'),
 ('22', '16', 'm150321_144616_cpNav_newWindow', '2015-10-25 12:33:15', '2015-10-25 12:33:15', '2015-10-25 12:33:15', 'a3f045bb-f280-43e6-845f-bbb4d1f812de'),
 ('23', NULL, 'm141030_000000_plugin_schema_versions', '2016-01-19 15:32:54', '2016-01-19 15:32:54', '2016-01-19 15:32:54', '08881d26-493b-496a-85c8-b6f4f73fa125'),
 ('24', NULL, 'm150724_000001_adjust_quality_settings', '2016-01-19 15:32:54', '2016-01-19 15:32:54', '2016-01-19 15:32:54', '0825fb2d-f665-41d5-90b2-11fff25d652a'),
 ('25', NULL, 'm150827_000000_element_index_settings', '2016-01-19 15:32:55', '2016-01-19 15:32:55', '2016-01-19 15:32:55', 'e90f1ddc-643a-41ef-9d4f-0f3a5779a9fa'),
 ('26', NULL, 'm150918_000001_add_colspan_to_widgets', '2016-01-19 15:32:55', '2016-01-19 15:32:55', '2016-01-19 15:32:55', '5dcb9740-8fcf-4d63-a9de-4cdb8126836c'),
 ('27', NULL, 'm151007_000000_clear_asset_caches', '2016-01-19 15:32:55', '2016-01-19 15:32:55', '2016-01-19 15:32:55', '34c7e193-5c82-4958-b580-fa42f2f55620'),
 ('28', NULL, 'm151109_000000_text_url_formats', '2016-01-19 15:32:55', '2016-01-19 15:32:55', '2016-01-19 15:32:55', '203cfac4-935d-4813-bc6e-d1dd04bdf4e3'),
 ('29', NULL, 'm151110_000000_move_logo', '2016-01-19 15:32:55', '2016-01-19 15:32:55', '2016-01-19 15:32:55', '67fb9d27-93eb-4c66-a97f-80a41c8ef549'),
 ('30', NULL, 'm151117_000000_adjust_image_widthheight', '2016-01-19 15:32:56', '2016-01-19 15:32:56', '2016-01-19 15:32:56', 'fa12e892-dffa-461a-8f61-7961713a0a90'),
 ('31', NULL, 'm151127_000000_clear_license_key_status', '2016-01-19 15:32:56', '2016-01-19 15:32:56', '2016-01-19 15:32:56', '401e83a8-8c79-4ddf-8e8c-2d8a6c66a49f'),
 ('32', NULL, 'm151127_000000_plugin_license_keys', '2016-01-19 15:32:56', '2016-01-19 15:32:56', '2016-01-19 15:32:56', 'e1e28880-9184-4ab2-85d4-b7fc8b0867ee'),
 ('33', NULL, 'm151130_000000_update_pt_widget_feeds', '2016-01-19 15:32:56', '2016-01-19 15:32:56', '2016-01-19 15:32:56', 'f84150f9-96c1-4c46-9a3d-37371593ea04'),
 ('38', '16', 'm151126_144611_cpNav_addIconSupport', '2016-01-19 15:49:53', '2016-01-19 15:49:53', '2016-01-19 15:49:53', 'c7915192-1955-4aed-9c46-72ffbfd98da8'),
 ('39', '16', 'm151224_144611_cpNav_populateIcons', '2016-01-19 15:49:53', '2016-01-19 15:49:53', '2016-01-19 15:49:53', 'b0c0de49-5d02-4b05-acf0-6326e9630a9e'),
 ('40', '25', 'm151225_000000_seomatic_addHumansField', '2016-01-19 16:04:43', '2016-01-19 16:04:43', '2016-01-19 16:04:43', 'be0031cc-a464-4f76-a2ca-9526c57266dd'),
 ('41', '25', 'm151226_000000_seomatic_addTwitterFacebookFields', '2016-01-19 16:04:43', '2016-01-19 16:04:43', '2016-01-19 16:04:43', '8c60976c-cfb9-4e93-b561-191168cd942f'),
 ('42', '25', 'm160101_000000_seomatic_addRobotsFields', '2016-01-19 16:04:43', '2016-01-19 16:04:43', '2016-01-19 16:04:43', '08150c39-519a-4222-8dfd-83db954844c5'),
 ('43', '25', 'm160111_000000_seomatic_addTitleFields', '2016-01-19 16:04:43', '2016-01-19 16:04:43', '2016-01-19 16:04:43', '6c7d54bc-41f9-48a5-b739-00f2912505c7'),
 ('48', '20', 'm160117_000000_reasons_addFieldLayoutIdColumn', '2016-01-19 16:53:54', '2016-01-19 16:53:54', '2016-01-19 16:53:54', '34724ab7-fe52-41f9-87ca-ee6b4435ea79'),
 ('49', '25', 'm160122_000000_seomatic_addTypeFields', '2016-02-08 09:46:07', '2016-02-08 09:46:07', '2016-02-08 09:46:07', '8ce216a7-1575-4979-80bc-890db5a21f23'),
 ('50', '25', 'm160123_000000_seomatic_addOpeningHours', '2016-02-08 09:46:07', '2016-02-08 09:46:07', '2016-02-08 09:46:07', '2006f848-5e1b-4b74-b4ed-32bfc0dd74a6'),
 ('51', '25', 'm160202_000000_seomatic_addSocialHandles', '2016-02-08 09:46:08', '2016-02-08 09:46:08', '2016-02-08 09:46:08', '7e72ff9e-a95f-44d4-a0b5-0ea3ed55fe03'),
 ('52', '25', 'm160204_000000_seomatic_addGoogleAnalytics', '2016-02-08 09:46:08', '2016-02-08 09:46:08', '2016-02-08 09:46:08', 'c8d5c4d7-2519-47d4-8195-666cb2bd7a4c'),
 ('53', '25', 'm160205_000000_seomatic_addResturantMenu', '2016-02-08 09:46:09', '2016-02-08 09:46:09', '2016-02-08 09:46:09', 'f6600475-3680-47b4-93e5-827112386ab8'),
 ('54', '25', 'm160206_000000_seomatic_addGoogleAnalyticsPlugins', '2016-02-08 09:46:09', '2016-02-08 09:46:09', '2016-02-08 09:46:09', '5012d302-c706-485c-bfc2-6f1005340cfa'),
 ('55', '25', 'm160206_000000_seomatic_addGoogleAnalyticsSendPageView', '2016-02-08 09:46:10', '2016-02-08 09:46:10', '2016-02-08 09:46:10', '970c984b-836e-448f-9d92-b730e71ced36'),
 ('56', '25', 'm160209_000000_seomatic_alterDescriptionsColumns', '2016-02-15 11:47:46', '2016-02-15 11:47:46', '2016-02-15 11:47:46', '8392a067-d5be-4ba2-b2a7-77e5da743115'),
 ('57', '25', 'm160209_000001_seomatic_addRobotsTxt', '2016-02-15 11:47:46', '2016-02-15 11:47:46', '2016-02-15 11:47:46', '07257513-deb5-4878-a0d1-ef6ddc7f9535'),
 ('58', NULL, 'm160223_000000_sortorder_to_smallint', '2016-02-26 12:40:37', '2016-02-26 12:40:37', '2016-02-26 12:40:37', '9588b6e5-da78-40eb-b112-b1618688367a'),
 ('59', '25', 'm160227_000000_seomatic_addFacebookAppId', '2016-03-01 13:46:56', '2016-03-01 13:46:56', '2016-03-01 13:46:56', 'c15345dd-a775-4498-85f3-6b5c200bbb35'),
 ('60', NULL, 'm160114_000000_asset_sources_public_url_default_true', '2016-03-14 09:38:38', '2016-03-14 09:38:38', '2016-03-14 09:38:38', '76131bfa-aac9-4838-b024-06b06f161299'),
 ('61', NULL, 'm160229_000000_set_default_entry_statuses', '2016-03-14 09:38:38', '2016-03-14 09:38:38', '2016-03-14 09:38:38', '5a0baa99-1351-4f14-833f-c6e36fcad40c'),
 ('62', NULL, 'm160304_000000_client_permissions', '2016-03-14 09:38:38', '2016-03-14 09:38:38', '2016-03-14 09:38:38', 'eba0ff49-3221-4919-9e73-7a74770b311f'),
 ('63', NULL, 'm160322_000000_asset_filesize', '2016-04-11 13:35:59', '2016-04-11 13:35:59', '2016-04-11 13:35:59', '234ddd8b-d410-40eb-96c6-7f334a512904'),
 ('64', '25', 'm160416_000000_seomatic_addContactPoints', '2016-04-20 17:24:14', '2016-04-20 17:24:14', '2016-04-20 17:24:14', 'd99fdc19-6841-41f9-870a-bf17b73cbd40'),
 ('65', NULL, 'm160503_000000_orphaned_fieldlayouts', '2016-05-06 13:23:51', '2016-05-06 13:23:51', '2016-05-06 13:23:51', 'a75d0f00-3535-4273-abc6-54175df947bc'),
 ('66', '25', 'm160509_000000_seomatic_addSiteLinksBing', '2016-05-12 07:40:04', '2016-05-12 07:40:04', '2016-05-12 07:40:04', 'ce57b098-b788-4311-8e26-d3eece0a73b9'),
 ('67', NULL, 'm160510_000000_tasksettings', '2016-05-20 08:59:14', '2016-05-20 08:59:14', '2016-05-20 08:59:14', 'eda5bc4f-1d2d-47f4-b0d3-cbb0cd48cdc4'),
 ('71', '16', 'm160625_000000_cpNav_addCustomIconSupport', '2016-08-01 10:06:58', '2016-08-01 10:06:58', '2016-08-01 10:06:58', '4b067cb3-8b53-49de-8404-adbc98cd52f3'),
 ('72', '25', 'm160707_000000_seomatic_addGoogleTagManager', '2016-08-01 10:10:43', '2016-08-01 10:10:43', '2016-08-01 10:10:43', 'a79ca235-293d-490d-8ec7-0cb96d6a889f'),
 ('73', '25', 'm160715_000000_seomatic_addSeoImageTransforms', '2016-08-01 10:10:49', '2016-08-01 10:10:49', '2016-08-01 10:10:49', 'b6ff90c1-bcae-4c9a-acd5-9cbee968a208'),
 ('74', '25', 'm160723_000000_seomatic_addSeoMainEntityOfPage', '2016-08-01 10:10:49', '2016-08-01 10:10:49', '2016-08-01 10:10:49', 'a0f19231-24bd-4ee4-9843-c5d39c948634'),
 ('75', '25', 'm160724_000000_seomatic_addSeoMainEntityCategory', '2016-08-01 10:10:49', '2016-08-01 10:10:49', '2016-08-01 10:10:49', 'dab084ae-a963-49ba-920d-95e1e8e0c5b0'),
 ('76', '25', 'm160811_000000_seomatic_addVimeo', '2016-08-17 11:56:29', '2016-08-17 11:56:29', '2016-08-17 11:56:29', 'a58e7d90-90d1-4eb3-92f1-aaf8bc1a5ebc'),
 ('77', NULL, 'm160829_000000_pending_user_content_cleanup', '2016-09-14 09:10:17', '2016-09-14 09:10:17', '2016-09-14 09:10:17', 'cabb6533-df2b-4b90-a500-3499ec1ac4dd'),
 ('78', NULL, 'm160830_000000_asset_index_uri_increase', '2016-09-14 09:10:18', '2016-09-14 09:10:18', '2016-09-14 09:10:18', 'e956d954-22b8-45bc-a593-572c6a9ceb60'),
 ('79', '25', 'm160904_000000_seomatic_addTwitterFacebookImages', '2016-09-14 09:10:24', '2016-09-14 09:10:24', '2016-09-14 09:10:24', 'da78c383-fa7f-467e-afa2-a8c8985febf5'),
 ('80', NULL, 'm160919_000000_usergroup_handle_title_unique', '2016-09-30 07:43:49', '2016-09-30 07:43:49', '2016-09-30 07:43:49', '50ef647c-8d70-466a-bac7-11f587f8ecd3'),
 ('81', NULL, 'm161108_000000_new_version_format', '2016-12-01 09:12:23', '2016-12-01 09:12:23', '2016-12-01 09:12:23', '658a40d1-35f7-4855-baf0-576cb8a3f434'),
 ('82', NULL, 'm161109_000000_index_shuffle', '2016-12-01 09:12:23', '2016-12-01 09:12:23', '2016-12-01 09:12:23', '2db6a1e5-fe4b-417f-bc65-a7ebb934d59d'),
 ('83', '25', 'm161220_000000_seomatic_addPriceRange', '2017-01-12 08:45:43', '2017-01-12 08:45:43', '2017-01-12 08:45:43', 'e5a38355-ac8e-469a-95a2-2ca518807af9'),
 ('84', '44', 'm150212_145000_AmNav_renamePagesToNodes', '2017-02-10 16:45:54', '2017-02-10 16:45:54', '2017-02-10 16:45:54', '8c93b288-9c66-4131-925b-9b2b4d9119de'),
 ('85', '44', 'm150217_112800_AmNav_expandPageData', '2017-02-10 16:45:54', '2017-02-10 16:45:54', '2017-02-10 16:45:54', '0cc5c15e-d94c-4aee-aeb5-30776775d3c9'),
 ('86', '44', 'm150403_093000_AmNav_nodesWithElements', '2017-02-10 16:45:54', '2017-02-10 16:45:54', '2017-02-10 16:45:54', 'd0182d52-0c80-4210-ab1c-fbd9430d2442'),
 ('87', '44', 'm150512_105600_AmNav_addOptionalClass', '2017-02-10 16:45:54', '2017-02-10 16:45:54', '2017-02-10 16:45:54', 'e5284bbe-64e3-42ec-a77e-b45e7f213f4b'),
 ('88', '46', 'm160428_202308_Neo_UpdateBlockLevels', '2017-02-13 11:46:01', '2017-02-13 11:46:02', '2017-02-13 11:46:02', 'ce67b8a0-67c7-4a84-aa24-c1eb456efb17'),
 ('89', '46', 'm160515_005002_Neo_UpdateBlockStructure', '2017-02-13 11:46:01', '2017-02-13 11:46:02', '2017-02-13 11:46:02', '248146b4-c733-4306-8c5d-6a6154883a8c'),
 ('90', '46', 'm160605_191540_Neo_UpdateBlockStructureLocales', '2017-02-13 11:46:01', '2017-02-13 11:46:02', '2017-02-13 11:46:02', 'dcec2aaa-a524-480b-aee0-06a82bc21c16'),
 ('91', '46', 'm161029_230849_Neo_AddMaxChildBlocksSetting', '2017-02-13 11:46:01', '2017-02-13 11:46:02', '2017-02-13 11:46:02', '5c98332a-af0a-46b4-9834-83d7dab1331d'),
 ('92', '47', 'm141026_000000_sproutForms_addFormGroupsTable', '2017-02-13 13:38:56', '2017-02-13 13:38:56', '2017-02-13 13:38:56', '3373ccad-8ac8-49bf-a376-1d0ccd646ba1'),
 ('93', '47', 'm141026_020000_sproutForms_renameOldFormsTableAndCreateNewFormsTable', '2017-02-13 13:38:56', '2017-02-13 13:38:56', '2017-02-13 13:38:56', '6fc65284-d589-46db-bf7c-756b728a9199'),
 ('94', '47', 'm141026_030000_sproutForms_addFormEntryTable', '2017-02-13 13:38:56', '2017-02-13 13:38:56', '2017-02-13 13:38:56', 'b0171aa1-1f85-4d1e-bbe2-9bfaca50b771'),
 ('95', '47', 'm141026_060000_sproutForms_migrateFieldsFormsAndEntries', '2017-02-13 13:38:56', '2017-02-13 13:38:56', '2017-02-13 13:38:56', 'e3363c7d-dbd9-43f7-9d19-97e104b30c07'),
 ('96', '47', 'm150418_000000_sproutForms_addNotificationEnabledSetting', '2017-02-13 13:38:56', '2017-02-13 13:38:56', '2017-02-13 13:38:56', '3bd90800-abe8-4383-a7c4-4860e9d8d453'),
 ('97', '47', 'm150629_000000_sproutForms_updateSproutEmailNotificationOptionsFormat', '2017-02-13 13:38:56', '2017-02-13 13:38:56', '2017-02-13 13:38:56', 'd826b04d-df25-48aa-a356-d3166da19acb'),
 ('98', '47', 'm151006_000000_sproutForms_addTemplateOverrides', '2017-02-13 13:38:56', '2017-02-13 13:38:56', '2017-02-13 13:38:56', '13db670e-412f-46d3-9821-769198f2105b'),
 ('99', '47', 'm151007_000000_sproutForms_addFileAttachments', '2017-02-13 13:38:56', '2017-02-13 13:38:56', '2017-02-13 13:38:56', 'e492ef71-280a-4f06-bcc9-b6c375d8b490'),
 ('100', '47', 'm160405_000000_sproutForms_addSavePayloadColumn', '2017-02-13 13:38:56', '2017-02-13 13:38:56', '2017-02-13 13:38:56', '629b2964-677d-46af-927d-50912aacbadb'),
 ('101', '47', 'm160509_000000_sproutForms_addEntryStatusTable', '2017-02-13 13:38:56', '2017-02-13 13:38:56', '2017-02-13 13:38:56', '5cb48f82-57cd-476b-876f-8d1f47a68cbf'),
 ('102', '47', 'm160509_010000_sproutForms_addStatusIdColumn', '2017-02-13 13:38:56', '2017-02-13 13:38:56', '2017-02-13 13:38:56', 'bf7d802c-9640-4fb8-9e16-88c6085e43da'),
 ('103', '47', 'm160509_030000_sproutForms_addStatusIdFk', '2017-02-13 13:38:56', '2017-02-13 13:38:56', '2017-02-13 13:38:56', '307a33f1-5dd8-4264-8126-85e6585e55d6'),
 ('104', '47', 'm160510_000000_sproutForms_installDefaultEntryStatuses', '2017-02-13 13:38:56', '2017-02-13 13:38:56', '2017-02-13 13:38:56', '518633d5-92ce-4191-9b4d-cd49206c83c3'),
 ('105', '47', 'm160511_000000_sproutForms_setDefaultColorToEntries', '2017-02-13 13:38:56', '2017-02-13 13:38:56', '2017-02-13 13:38:56', '2a189a7d-0614-4e22-951f-ac82a9bdd41d'),
 ('106', '47', 'm160524_000000_sproutForms_setAdvancedSettings', '2017-02-13 13:38:56', '2017-02-13 13:38:56', '2017-02-13 13:38:56', 'a3f710d3-15de-49ae-b00a-838841bb54f9');



DROP TABLE IF EXISTS `craft_neoblocks`;


--
-- Schema for table `craft_neoblocks`
--
CREATE TABLE `craft_neoblocks` (
  `id` int(11) NOT NULL,
  `ownerId` int(11) NOT NULL,
  `fieldId` int(11) NOT NULL,
  `typeId` int(11) DEFAULT NULL,
  `collapsed` tinyint(1) unsigned NOT NULL DEFAULT '0',
  `ownerLocale` char(12) COLLATE utf8_unicode_ci DEFAULT NULL,
  `dateCreated` datetime NOT NULL,
  `dateUpdated` datetime NOT NULL,
  `uid` char(36) COLLATE utf8_unicode_ci NOT NULL DEFAULT '0',
  PRIMARY KEY (`id`),
  KEY `craft_neoblocks_ownerId_idx` (`ownerId`),
  KEY `craft_neoblocks_fieldId_idx` (`fieldId`),
  KEY `craft_neoblocks_typeId_idx` (`typeId`),
  KEY `craft_neoblocks_collapsed_idx` (`collapsed`),
  KEY `craft_neoblocks_ownerLocale_fk` (`ownerLocale`)
) ENGINE=InnoDB DEFAULT CHARSET=utf8 COLLATE=utf8_unicode_ci;

--
-- Data for table `craft_neoblocks`
--

INSERT INTO `craft_neoblocks` (`id`, `ownerId`, `fieldId`, `typeId`, `collapsed`, `ownerLocale`, `dateCreated`, `dateUpdated`, `uid`) VALUES
 ('34', '2', '46', '5', '0', NULL, '2017-02-13 23:12:10', '2017-02-14 00:55:49', '2d962147-89e7-47af-901a-50086592fdc0'),
 ('37', '2', '46', '8', '0', NULL, '2017-02-14 02:00:52', '2017-02-14 02:02:25', 'd8b0573c-14ce-4f9b-9921-21e9f726be56'),
 ('38', '2', '46', '8', '0', NULL, '2017-02-14 02:00:52', '2017-02-14 02:02:25', '86fd9ffc-5dc0-4c83-8e10-642de43628ce');



DROP TABLE IF EXISTS `craft_neoblockstructures`;


--
-- Schema for table `craft_neoblockstructures`
--
CREATE TABLE `craft_neoblockstructures` (
  `id` int(11) NOT NULL AUTO_INCREMENT,
  `structureId` int(11) NOT NULL,
  `ownerId` int(11) NOT NULL,
  `fieldId` int(11) NOT NULL,
  `ownerLocale` char(12) COLLATE utf8_unicode_ci DEFAULT NULL,
  `dateCreated` datetime NOT NULL,
  `dateUpdated` datetime NOT NULL,
  `uid` char(36) COLLATE utf8_unicode_ci NOT NULL DEFAULT '0',
  PRIMARY KEY (`id`),
  KEY `craft_neoblockstructures_structureId_idx` (`structureId`),
  KEY `craft_neoblockstructures_ownerId_idx` (`ownerId`),
  KEY `craft_neoblockstructures_fieldId_idx` (`fieldId`),
  KEY `craft_neoblockstructures_ownerLocale_fk` (`ownerLocale`)
) ENGINE=InnoDB AUTO_INCREMENT=12 DEFAULT CHARSET=utf8 COLLATE=utf8_unicode_ci;

--
-- Data for table `craft_neoblockstructures`
--

INSERT INTO `craft_neoblockstructures` (`id`, `structureId`, `ownerId`, `fieldId`, `ownerLocale`, `dateCreated`, `dateUpdated`, `uid`) VALUES
 ('11', '11', '2', '46', NULL, '2017-02-14 02:02:47', '2017-02-14 02:02:47', 'c1e470c2-0de4-454c-9308-dba1998c1761');



DROP TABLE IF EXISTS `craft_neoblocktypes`;


--
-- Schema for table `craft_neoblocktypes`
--
CREATE TABLE `craft_neoblocktypes` (
  `id` int(11) NOT NULL AUTO_INCREMENT,
  `fieldId` int(11) NOT NULL,
  `fieldLayoutId` int(11) DEFAULT NULL,
  `name` varchar(255) COLLATE utf8_unicode_ci NOT NULL,
  `handle` varchar(255) COLLATE utf8_unicode_ci NOT NULL,
  `maxBlocks` int(11) DEFAULT '0',
  `maxChildBlocks` int(11) DEFAULT '0',
  `childBlocks` text COLLATE utf8_unicode_ci,
  `topLevel` tinyint(1) unsigned NOT NULL DEFAULT '1',
  `sortOrder` smallint(6) unsigned DEFAULT NULL,
  `dateCreated` datetime NOT NULL,
  `dateUpdated` datetime NOT NULL,
  `uid` char(36) COLLATE utf8_unicode_ci NOT NULL DEFAULT '0',
  PRIMARY KEY (`id`),
  UNIQUE KEY `craft_neoblocktypes_name_fieldId_unq_idx` (`name`,`fieldId`),
  UNIQUE KEY `craft_neoblocktypes_handle_fieldId_unq_idx` (`handle`,`fieldId`),
  KEY `craft_neoblocktypes_fieldId_fk` (`fieldId`),
  KEY `craft_neoblocktypes_fieldLayoutId_fk` (`fieldLayoutId`)
) ENGINE=InnoDB AUTO_INCREMENT=9 DEFAULT CHARSET=utf8 COLLATE=utf8_unicode_ci;

--
-- Data for table `craft_neoblocktypes`
--

INSERT INTO `craft_neoblocktypes` (`id`, `fieldId`, `fieldLayoutId`, `name`, `handle`, `maxBlocks`, `maxChildBlocks`, `childBlocks`, `topLevel`, `sortOrder`, `dateCreated`, `dateUpdated`, `uid`) VALUES
 ('5', '46', '229', 'Våre menyer', 'vareMenyer', '1', NULL, '[\"vareMenyer\"]', '1', '1', '2017-02-13 23:00:21', '2017-02-14 01:58:12', 'bca4d41d-f27d-4c96-b2f0-48a973aca4d4'),
 ('8', '46', '230', 'Designblokk', 'designblokk', NULL, NULL, '', '1', '3', '2017-02-14 00:24:13', '2017-02-14 01:58:12', '7346aa56-85f1-48ba-a2ea-e642b76eb8c2');



DROP TABLE IF EXISTS `craft_neogroups`;


--
-- Schema for table `craft_neogroups`
--
CREATE TABLE `craft_neogroups` (
  `id` int(11) NOT NULL AUTO_INCREMENT,
  `fieldId` int(11) NOT NULL,
  `name` varchar(255) COLLATE utf8_unicode_ci DEFAULT NULL,
  `sortOrder` smallint(6) unsigned DEFAULT NULL,
  `dateCreated` datetime NOT NULL,
  `dateUpdated` datetime NOT NULL,
  `uid` char(36) COLLATE utf8_unicode_ci NOT NULL DEFAULT '0',
  PRIMARY KEY (`id`),
  KEY `craft_neogroups_fieldId_fk` (`fieldId`)
) ENGINE=InnoDB AUTO_INCREMENT=28 DEFAULT CHARSET=utf8 COLLATE=utf8_unicode_ci;

--
-- Data for table `craft_neogroups`
--

INSERT INTO `craft_neogroups` (`id`, `fieldId`, `name`, `sortOrder`, `dateCreated`, `dateUpdated`, `uid`) VALUES
 ('27', '46', 'Designblokk', '2', '2017-02-14 01:58:12', '2017-02-14 01:58:12', 'b0049280-5dfa-4e52-b456-1cc3004816e6');



DROP TABLE IF EXISTS `craft_plugins`;


--
-- Schema for table `craft_plugins`
--
CREATE TABLE `craft_plugins` (
  `id` int(11) NOT NULL AUTO_INCREMENT,
  `class` varchar(150) COLLATE utf8_unicode_ci NOT NULL,
  `version` varchar(15) COLLATE utf8_unicode_ci NOT NULL,
  `schemaVersion` varchar(15) COLLATE utf8_unicode_ci DEFAULT NULL,
  `licenseKey` char(24) COLLATE utf8_unicode_ci DEFAULT NULL,
  `licenseKeyStatus` enum('valid','invalid','mismatched','unknown') COLLATE utf8_unicode_ci NOT NULL DEFAULT 'unknown',
  `enabled` tinyint(1) unsigned NOT NULL DEFAULT '0',
  `settings` text COLLATE utf8_unicode_ci,
  `installDate` datetime NOT NULL,
  `dateCreated` datetime NOT NULL,
  `dateUpdated` datetime NOT NULL,
  `uid` char(36) COLLATE utf8_unicode_ci NOT NULL DEFAULT '0',
  PRIMARY KEY (`id`)
) ENGINE=InnoDB AUTO_INCREMENT=50 DEFAULT CHARSET=utf8 COLLATE=utf8_unicode_ci;

--
-- Data for table `craft_plugins`
--

INSERT INTO `craft_plugins` (`id`, `class`, `version`, `schemaVersion`, `licenseKey`, `licenseKeyStatus`, `enabled`, `settings`, `installDate`, `dateCreated`, `dateUpdated`, `uid`) VALUES
 ('1', 'Directory', '1.0.12', NULL, NULL, 'unknown', '1', NULL, '2014-10-08 10:52:21', '2014-10-08 10:52:21', '2014-10-08 10:52:21', 'aba3661c-99d2-4d34-9788-30e05197134f'),
 ('3', 'ObsoleteRedirect', '0.1.0', NULL, NULL, 'unknown', '1', NULL, '2015-05-14 10:49:46', '2015-05-14 10:49:46', '2017-02-13 21:35:22', '94eaed70-d03e-430c-be1f-18f0a30612d4'),
 ('5', 'AssetRev', '3.0.0', NULL, NULL, 'unknown', '1', '{\"manifestPath\":\"..\\/cachebust.json\"}', '2015-06-16 14:53:46', '2015-06-16 14:53:46', '2017-02-13 21:35:22', '5c6c2959-e9ef-49b3-b92b-8529b4157f0d'),
 ('6', 'Guano', '0.2', NULL, NULL, 'unknown', '1', NULL, '2015-10-08 11:08:49', '2015-10-08 11:08:49', '2017-02-13 21:35:22', 'feba2548-9685-4cfb-ad7a-d1e4776bb9cc'),
 ('8', 'ImageResizer', '0.1.4', '1.0.0', NULL, 'unknown', '1', '{\"enabled\":\"1\",\"imageWidth\":\"2048\",\"imageHeight\":\"2048\",\"imageQuality\":\"100\",\"assetSources\":\"*\"}', '2015-10-23 10:00:34', '2015-10-23 10:00:34', '2017-02-13 21:35:22', '4c10ef35-fcc0-4f06-9d43-c6d14622a053'),
 ('9', 'SuperTable', '1.0.2', '1.0.0', NULL, 'unknown', '1', NULL, '2015-10-23 15:33:34', '2015-10-23 15:33:34', '2017-02-13 21:35:22', 'f99b9499-b2b3-4189-9f1d-c4554def3374'),
 ('11', 'EntryTitleEditable', '1.0', NULL, NULL, 'unknown', '1', NULL, '2015-10-23 16:17:02', '2015-10-23 16:17:02', '2016-01-19 15:50:10', '07dc8a59-da92-47cc-9f30-759d07e05ac3'),
 ('12', 'LabelEnvironment', '0.1.0', NULL, NULL, 'unknown', '1', '{\"colorMappings\":{\"development\":\"#000000\",\"staging\":\"#0000ff\",\"preview\":\"#ff0000\",\"production\":\"#16c68e\"},\"prefix\":\"\",\"suffix\":\"\"}', '2015-10-25 11:35:32', '2015-10-25 11:35:32', '2017-02-13 21:35:22', '7b4fe278-6804-4f70-b0bf-e61c7fdf6d2c'),
 ('16', 'CpNav', '1.7.6', '1.1.0', NULL, 'unknown', '1', '{\"showQuickAddMenu\":\"\"}', '2015-10-25 12:33:15', '2015-10-25 12:33:15', '2017-02-13 21:35:22', '0b042902-349c-41ef-98d8-bb2a31b445cd'),
 ('17', 'Imager', '1.3.0', '1.0.0', NULL, 'unknown', '1', NULL, '2015-10-30 15:57:14', '2015-10-30 15:57:14', '2017-02-13 21:35:22', 'b0c87aa0-53d6-4420-a297-2211da547370'),
 ('19', 'CpFieldLinks', '1.2.2', '1.0', NULL, 'unknown', '1', NULL, '2015-11-13 09:56:41', '2015-11-13 09:56:41', '2017-02-13 21:35:22', 'd5fd8f41-473d-42e9-9145-bf64eea6d7f3'),
 ('20', 'Reasons', '1.0.8', '1.1', NULL, 'unknown', '1', NULL, '2015-11-13 10:49:20', '2015-11-13 10:49:20', '2017-02-13 21:35:22', '208a9b9d-dc2c-48a3-92f5-7e6da66d905a'),
 ('22', 'QuickField', '0.3.4', '1.0.0', NULL, 'unknown', '1', NULL, '2015-12-08 09:34:10', '2015-12-08 09:34:10', '2017-02-13 21:35:22', 'e8aac0ec-e200-4781-aacb-465aa765abb4'),
 ('24', 'FocalPointField', '1.0.2', NULL, NULL, 'unknown', '1', NULL, '2016-01-19 15:57:13', '2016-01-19 15:57:13', '2017-02-13 21:35:22', '623245d2-1fe2-4cbb-b4d6-405c5667e449'),
 ('25', 'Seomatic', '1.1.40', '1.1.23', NULL, 'unknown', '1', NULL, '2016-01-19 16:04:43', '2016-01-19 16:04:43', '2017-02-13 21:35:22', '8f159c1e-3a2a-4b08-adc7-1cac6fb79747'),
 ('26', 'Sitemap', 'v1.0.0-alpha.4', NULL, NULL, 'unknown', '1', NULL, '2016-01-19 16:13:28', '2016-01-19 16:13:28', '2017-02-13 21:35:22', '273cbb5c-e494-4e7b-aabd-464c3e5fb078'),
 ('29', 'Relabel', '0.1.3', '1.0.0', NULL, 'unknown', '1', NULL, '2016-01-19 16:57:21', '2016-01-19 16:57:21', '2017-02-13 21:35:22', '5294ce3b-08d7-4bd3-8e2f-6ff84c6cb5ca'),
 ('35', 'Inlin', '1.1', NULL, NULL, 'unknown', '1', NULL, '2016-04-12 14:46:20', '2016-04-12 14:46:20', '2017-02-13 21:35:22', 'dc6d6c60-82fe-4d66-bf61-d6c6fad7a3d8'),
 ('41', 'SidebarEnhancer', '1.0.5', '1.0.0', NULL, 'unknown', '1', NULL, '2016-08-23 15:05:37', '2016-08-23 15:05:37', '2017-02-13 21:35:22', '727e244d-3684-49e7-b6c9-175cd8bc7de3'),
 ('43', 'Minify', '1.1.1', '1.0.0', NULL, 'unknown', '1', NULL, '2016-09-14 09:50:49', '2016-09-14 09:50:49', '2017-02-13 21:35:22', '43ad78cb-1618-4d15-b6d9-92ca5769fbfc'),
 ('44', 'AmNav', '1.7.4', '1.7.4', NULL, 'unknown', '1', NULL, '2017-02-10 16:45:54', '2017-02-10 16:45:54', '2017-02-13 21:35:22', '47e63280-74ae-4559-9955-6260acdda562'),
 ('45', 'Hue', '1.0.0', '0.0.0.0', NULL, 'unknown', '1', NULL, '2017-02-10 16:50:59', '2017-02-10 16:50:59', '2017-02-13 21:35:22', '63c64d4b-db6b-4933-a611-014cd2a70749'),
 ('46', 'Neo', '1.4.0', '1.4.0', NULL, 'unknown', '1', NULL, '2017-02-13 11:46:01', '2017-02-13 11:46:01', '2017-02-13 21:35:22', '40cf7d58-b23b-4e8a-84d6-c3b7dfd88980'),
 ('47', 'SproutForms', '2.3.5', '2.3.0', NULL, 'unknown', '1', NULL, '2017-02-13 13:38:56', '2017-02-13 13:38:56', '2017-02-13 21:35:22', '5f9173bc-57b6-46cb-9189-312e0f593b18'),
 ('49', 'ButtonBox', '1.3.2', NULL, NULL, 'unknown', '1', NULL, '2017-02-14 00:39:19', '2017-02-14 00:39:19', '2017-02-14 00:39:19', '8ea1d762-4a3e-4191-92eb-6b8e7b90d8b0');



DROP TABLE IF EXISTS `craft_rackspaceaccess`;


--
-- Schema for table `craft_rackspaceaccess`
--
CREATE TABLE `craft_rackspaceaccess` (
  `id` int(11) NOT NULL AUTO_INCREMENT,
  `connectionKey` varchar(255) COLLATE utf8_unicode_ci NOT NULL,
  `token` varchar(255) COLLATE utf8_unicode_ci NOT NULL,
  `storageUrl` varchar(255) COLLATE utf8_unicode_ci NOT NULL,
  `cdnUrl` varchar(255) COLLATE utf8_unicode_ci NOT NULL,
  `dateCreated` datetime NOT NULL,
  `dateUpdated` datetime NOT NULL,
  `uid` char(36) COLLATE utf8_unicode_ci NOT NULL DEFAULT '0',
  PRIMARY KEY (`id`),
  UNIQUE KEY `craft_rackspaceaccess_connectionKey_unq_idx` (`connectionKey`)
) ENGINE=InnoDB DEFAULT CHARSET=utf8 COLLATE=utf8_unicode_ci;

DROP TABLE IF EXISTS `craft_reasons`;


--
-- Schema for table `craft_reasons`
--
CREATE TABLE `craft_reasons` (
  `id` int(11) NOT NULL AUTO_INCREMENT,
  `fieldLayoutId` int(11) DEFAULT NULL,
  `conditionals` text COLLATE utf8_unicode_ci,
  `dateCreated` datetime NOT NULL,
  `dateUpdated` datetime NOT NULL,
  `uid` char(36) COLLATE utf8_unicode_ci NOT NULL DEFAULT '0',
  PRIMARY KEY (`id`),
  KEY `craft_reasons_fieldLayoutId_fk` (`fieldLayoutId`)
) ENGINE=InnoDB AUTO_INCREMENT=24 DEFAULT CHARSET=utf8 COLLATE=utf8_unicode_ci;

--
-- Data for table `craft_reasons`
--

INSERT INTO `craft_reasons` (`id`, `fieldLayoutId`, `conditionals`, `dateCreated`, `dateUpdated`, `uid`) VALUES
 ('23', '230', '{\"23\":[[{\"fieldId\":99,\"compare\":\"==\",\"value\":\"true\"}]],\"53\":[[{\"fieldId\":98,\"compare\":\"==\",\"value\":\"true\"}]],\"92\":[[{\"fieldId\":53,\"compare\":\"==\",\"value\":\"notnull\"}]],\"93\":[[{\"fieldId\":97,\"compare\":\"==\",\"value\":\"true\"}]],\"94\":[[{\"fieldId\":97,\"compare\":\"==\",\"value\":\"true\"}]],\"97\":[[{\"fieldId\":98,\"compare\":\"==\",\"value\":\"true\"}]]}', '2017-02-14 01:58:12', '2017-02-14 01:58:12', 'e2716d88-4445-4dac-a8ed-a63fe3c71986');



DROP TABLE IF EXISTS `craft_relabel`;


--
-- Schema for table `craft_relabel`
--
CREATE TABLE `craft_relabel` (
  `id` int(11) NOT NULL AUTO_INCREMENT,
  `fieldId` int(11) DEFAULT NULL,
  `fieldLayoutId` int(11) DEFAULT NULL,
  `name` varchar(255) COLLATE utf8_unicode_ci DEFAULT NULL,
  `instructions` varchar(255) COLLATE utf8_unicode_ci DEFAULT NULL,
  `dateCreated` datetime NOT NULL,
  `dateUpdated` datetime NOT NULL,
  `uid` char(36) COLLATE utf8_unicode_ci NOT NULL DEFAULT '0',
  PRIMARY KEY (`id`),
  KEY `craft_relabel_fieldId_fk` (`fieldId`),
  KEY `craft_relabel_fieldLayoutId_fk` (`fieldLayoutId`)
) ENGINE=InnoDB AUTO_INCREMENT=12 DEFAULT CHARSET=utf8 COLLATE=utf8_unicode_ci;

--
-- Data for table `craft_relabel`
--

INSERT INTO `craft_relabel` (`id`, `fieldId`, `fieldLayoutId`, `name`, `instructions`, `dateCreated`, `dateUpdated`, `uid`) VALUES
 ('11', '23', '123', 'Ingress', NULL, '2017-02-13 23:00:40', '2017-02-13 23:00:40', '33adfdea-ea7b-4f55-9da5-9ffbc19beaac');



DROP TABLE IF EXISTS `craft_relations`;


--
-- Schema for table `craft_relations`
--
CREATE TABLE `craft_relations` (
  `id` int(11) NOT NULL AUTO_INCREMENT,
  `fieldId` int(11) NOT NULL,
  `sourceId` int(11) NOT NULL,
  `sourceLocale` char(12) COLLATE utf8_unicode_ci DEFAULT NULL,
  `targetId` int(11) NOT NULL,
  `sortOrder` smallint(6) DEFAULT NULL,
  `dateCreated` datetime NOT NULL,
  `dateUpdated` datetime NOT NULL,
  `uid` char(36) COLLATE utf8_unicode_ci NOT NULL DEFAULT '0',
  PRIMARY KEY (`id`),
  UNIQUE KEY `craft_relations_fieldId_sourceId_sourceLocale_targetId_unq_idx` (`fieldId`,`sourceId`,`sourceLocale`,`targetId`),
  KEY `craft_relations_sourceId_fk` (`sourceId`),
  KEY `craft_relations_sourceLocale_fk` (`sourceLocale`),
  KEY `craft_relations_targetId_fk` (`targetId`)
) ENGINE=InnoDB AUTO_INCREMENT=155 DEFAULT CHARSET=utf8 COLLATE=utf8_unicode_ci;

--
-- Data for table `craft_relations`
--

INSERT INTO `craft_relations` (`id`, `fieldId`, `sourceId`, `sourceLocale`, `targetId`, `sortOrder`, `dateCreated`, `dateUpdated`, `uid`) VALUES
 ('128', '77', '30', NULL, '29', '1', '2017-02-13 15:27:22', '2017-02-13 15:27:22', '8c40fbf1-45af-43dd-87e0-52216d8c6eff'),
 ('132', '49', '18', NULL, '7', '1', '2017-02-13 22:57:24', '2017-02-13 22:57:24', '388c4565-f6a1-4733-96a4-c3c9073859f1'),
 ('136', '81', '35', NULL, '29', '1', '2017-02-13 23:12:10', '2017-02-13 23:12:10', 'b275dcc6-2678-42d2-a396-771cb3e68fea'),
 ('150', '53', '37', NULL, '7', '1', '2017-02-14 02:02:25', '2017-02-14 02:02:25', 'e585cf28-00df-4fb3-a077-6d056e3b6039'),
 ('151', '53', '38', NULL, '6', '1', '2017-02-14 02:02:25', '2017-02-14 02:02:25', 'ceb228ab-9f92-41fd-aece-f14cfa0a43dd'),
 ('152', '22', '2', NULL, '8', '1', '2017-02-14 02:02:47', '2017-02-14 02:02:47', '5e1626c3-a249-42e6-917a-4b0d61b6e1be'),
 ('153', '28', '10', NULL, '15', '1', '2017-02-14 02:02:47', '2017-02-14 02:02:47', '65dfac25-e050-4951-be97-26c36a66d36c'),
 ('154', '28', '11', NULL, '16', '1', '2017-02-14 02:02:47', '2017-02-14 02:02:47', '80867e88-cedd-4ac0-854c-9decc6df2e76');



DROP TABLE IF EXISTS `craft_routes`;


--
-- Schema for table `craft_routes`
--
CREATE TABLE `craft_routes` (
  `id` int(11) NOT NULL AUTO_INCREMENT,
  `locale` char(12) COLLATE utf8_unicode_ci DEFAULT NULL,
  `urlParts` varchar(255) COLLATE utf8_unicode_ci NOT NULL,
  `urlPattern` varchar(255) COLLATE utf8_unicode_ci NOT NULL,
  `template` varchar(255) COLLATE utf8_unicode_ci NOT NULL,
  `sortOrder` smallint(6) unsigned DEFAULT NULL,
  `dateCreated` datetime NOT NULL,
  `dateUpdated` datetime NOT NULL,
  `uid` char(36) COLLATE utf8_unicode_ci NOT NULL DEFAULT '0',
  PRIMARY KEY (`id`),
  UNIQUE KEY `craft_routes_urlPattern_unq_idx` (`urlPattern`),
  KEY `craft_routes_locale_idx` (`locale`)
) ENGINE=InnoDB DEFAULT CHARSET=utf8 COLLATE=utf8_unicode_ci;

DROP TABLE IF EXISTS `craft_searchindex`;


--
-- Schema for table `craft_searchindex`
--
CREATE TABLE `craft_searchindex` (
  `elementId` int(11) NOT NULL,
  `attribute` varchar(25) COLLATE utf8_unicode_ci NOT NULL,
  `fieldId` int(11) NOT NULL,
  `locale` char(12) COLLATE utf8_unicode_ci NOT NULL,
  `keywords` text COLLATE utf8_unicode_ci NOT NULL,
  PRIMARY KEY (`elementId`,`attribute`,`fieldId`,`locale`),
  FULLTEXT KEY `craft_searchindex_keywords_idx` (`keywords`)
) ENGINE=MyISAM DEFAULT CHARSET=utf8 COLLATE=utf8_unicode_ci;

--
-- Data for table `craft_searchindex`
--

INSERT INTO `craft_searchindex` (`elementId`, `attribute`, `fieldId`, `locale`, `keywords`) VALUES
 ('1', 'username', '0', 'nb_no', ' mustasj '),
 ('1', 'firstname', '0', 'nb_no', ''),
 ('1', 'lastname', '0', 'nb_no', ''),
 ('1', 'fullname', '0', 'nb_no', ''),
 ('1', 'email', '0', 'nb_no', ' dev mustasj no '),
 ('1', 'slug', '0', 'nb_no', ''),
 ('2', 'slug', '0', 'nb_no', ' forside '),
 ('2', 'title', '0', 'nb_no', ' forside '),
 ('3', 'slug', '0', 'nb_no', ' restaurant '),
 ('3', 'title', '0', 'nb_no', ' restaurant '),
 ('4', 'slug', '0', 'nb_no', ' selskap '),
 ('4', 'title', '0', 'nb_no', ' selskap '),
 ('5', 'slug', '0', 'nb_no', ' kristiansten festning '),
 ('5', 'title', '0', 'nb_no', ' kristiansten festning '),
 ('6', 'field', '21', 'nb_no', ''),
 ('6', 'field', '18', 'nb_no', ''),
 ('6', 'filename', '0', 'nb_no', ' dsc8592 jpg '),
 ('6', 'extension', '0', 'nb_no', ' jpg '),
 ('6', 'kind', '0', 'nb_no', ' image '),
 ('6', 'slug', '0', 'nb_no', ' dsc8592 '),
 ('6', 'title', '0', 'nb_no', ' dsc8592 '),
 ('7', 'field', '21', 'nb_no', ''),
 ('7', 'field', '18', 'nb_no', ''),
 ('7', 'filename', '0', 'nb_no', ' dsc8599 jpg '),
 ('7', 'extension', '0', 'nb_no', ' jpg '),
 ('7', 'kind', '0', 'nb_no', ' image '),
 ('7', 'slug', '0', 'nb_no', ' dsc8599 '),
 ('7', 'title', '0', 'nb_no', ' dsc8599 '),
 ('2', 'field', '22', 'nb_no', ' dsc8592 '),
 ('2', 'field', '23', 'nb_no', ' pa historiske kristiansten festning i trondheim ligger restaurant kommandanten i den gamle kommandant boligen '),
 ('8', 'field', '18', 'nb_no', ' 50 35% 67 35% '),
 ('8', 'field', '21', 'nb_no', ''),
 ('8', 'filename', '0', 'nb_no', ' dsc8592 jpg '),
 ('8', 'extension', '0', 'nb_no', ' jpg '),
 ('8', 'kind', '0', 'nb_no', ' image '),
 ('8', 'slug', '0', 'nb_no', ' dsc8592 '),
 ('8', 'title', '0', 'nb_no', ' dsc8592 '),
 ('9', 'field', '18', 'nb_no', ''),
 ('9', 'field', '21', 'nb_no', ''),
 ('9', 'filename', '0', 'nb_no', ' dsc8599 jpg '),
 ('9', 'extension', '0', 'nb_no', ' jpg '),
 ('9', 'kind', '0', 'nb_no', ' image '),
 ('9', 'slug', '0', 'nb_no', ' dsc8599 '),
 ('9', 'title', '0', 'nb_no', ' dsc8599 '),
 ('2', 'field', '25', 'nb_no', ' festningen servering og kulturarena '),
 ('2', 'field', '26', 'nb_no', ' clock tlf 450 52 666 tirsdag fredag 11 00 23 00 lordag sondag 11 00 23 00 moter og selskap etter avtale apningstider icon booking send epost reserver bord eller book egne dedikerte selskapslokaler med eget vertskap og underholdning booking '),
 ('10', 'field', '27', 'nb_no', ' apningstider '),
 ('10', 'field', '28', 'nb_no', ' clock '),
 ('10', 'field', '29', 'nb_no', ' tirsdag fredag 11 00 23 00 lordag sondag 11 00 23 00 moter og selskap etter avtale '),
 ('10', 'field', '30', 'nb_no', ' tlf 450 52 666 '),
 ('10', 'slug', '0', 'nb_no', ''),
 ('11', 'field', '27', 'nb_no', ' booking '),
 ('11', 'field', '28', 'nb_no', ' icon booking '),
 ('11', 'field', '29', 'nb_no', ' reserver bord eller book egne dedikerte selskapslokaler med eget vertskap og underholdning '),
 ('11', 'field', '30', 'nb_no', ' send epost '),
 ('11', 'slug', '0', 'nb_no', ''),
 ('2', 'field', '31', 'nb_no', ' dsc8599 restauranten left lorem ipsum dolor sit amet consectetur adipiscing elit sed do eiusmod tempor incididunt ut labore et dolore magna aliqua ut enim ad minim veniam quis nostrud exercitation ullamco laboris nisi lorem ipsum dolor sit amet consectetur adipiscing elit sed do eiusmod tempor incididunt ut labore et dolore magna aliqua ut enim ad minim veniam quis nostrud exercitation ullamco laboris nisi lorem ipsum dolor sit amet consectetur adipiscing elit sed do eiusmod tempor incididunt ut labore et dolore magna aliqua ut enim ad minim veniam quis nostrud exercitation ullamco laboris nisi les mer dsc8592 dobbel restaurant right lorem ipsum dolor sit amet consectetur adipiscing elit sed do eiusmod tempor incididunt ut labore et dolore magna aliqua ut enim ad minim veniam quis nostrud exercitation ullamco laboris nisi les mer dsc8599 kuk right test '),
 ('38', 'slug', '0', 'nb_no', ''),
 ('38', 'field', '93', 'nb_no', ' left '),
 ('38', 'field', '95', 'nb_no', ' begge '),
 ('38', 'field', '94', 'nb_no', ''),
 ('38', 'field', '97', 'nb_no', ' 0 '),
 ('38', 'field', '99', 'nb_no', ' 0 '),
 ('38', 'field', '23', 'nb_no', ' restaurantenlorem ipsum dolor sit amet '),
 ('38', 'field', '98', 'nb_no', ' 1 '),
 ('38', 'field', '53', 'nb_no', ' dsc8592 '),
 ('38', 'field', '92', 'nb_no', ' left '),
 ('37', 'slug', '0', 'nb_no', ''),
 ('37', 'field', '95', 'nb_no', ' begge '),
 ('37', 'field', '93', 'nb_no', ' left '),
 ('34', 'field', '80', 'nb_no', ' icon soup tester '),
 ('34', 'slug', '0', 'nb_no', ''),
 ('35', 'field', '81', 'nb_no', ' icon soup '),
 ('35', 'field', '82', 'nb_no', ' tester '),
 ('35', 'slug', '0', 'nb_no', ''),
 ('2', 'field', '54', 'nb_no', ''),
 ('20', 'handle', '0', 'nb_no', ' contact '),
 ('20', 'slug', '0', 'nb_no', ''),
 ('21', 'name', '0', 'nb_no', ' basic fields form '),
 ('21', 'handle', '0', 'nb_no', ' basic '),
 ('21', 'slug', '0', 'nb_no', ''),
 ('20', 'name', '0', 'nb_no', ' contact form '),
 ('15', 'filename', '0', 'nb_no', ' clock svg '),
 ('15', 'extension', '0', 'nb_no', ' svg '),
 ('15', 'kind', '0', 'nb_no', ' image '),
 ('15', 'slug', '0', 'nb_no', ' clock '),
 ('15', 'title', '0', 'nb_no', ' clock '),
 ('16', 'filename', '0', 'nb_no', ' icon booking svg '),
 ('16', 'extension', '0', 'nb_no', ' svg '),
 ('16', 'kind', '0', 'nb_no', ' image '),
 ('16', 'slug', '0', 'nb_no', ' icon booking '),
 ('16', 'title', '0', 'nb_no', ' icon booking '),
 ('2', 'field', '46', 'nb_no', ''),
 ('37', 'field', '23', 'nb_no', ' restaurantenlorem ipsum dolor sit amet '),
 ('37', 'field', '98', 'nb_no', ' 1 '),
 ('37', 'field', '53', 'nb_no', ' dsc8599 '),
 ('37', 'field', '92', 'nb_no', ' right '),
 ('37', 'field', '97', 'nb_no', ' 0 '),
 ('37', 'field', '94', 'nb_no', ''),
 ('37', 'field', '99', 'nb_no', ' 1 ');
INSERT INTO `craft_searchindex` (`elementId`, `attribute`, `fieldId`, `locale`, `keywords`) VALUES
 ('2', 'field', '55', 'nb_no', ' lunsj11 00 16 00klassisk16 00 23 00ukens 3 retter16 00 23 00les mer tokolonner lorem ipsum dolor sit amet consectetur adipiscing elit sed do eiusmod tempor incididunt ut l abore et dolore magna aliqua ut enim ad minim veniam quis nostrud exercitation ullamco laboris nisi sed do eiusmod tempor incididunt ut l abore et dolore magna aliqua ut enim ad minim veniam quis nostrud exercitation ullamco laboris nisi sed do eiusmod tempor incididunt ut l abore et dolore magna aliqua ut enim ad minim veniam quis nostrud exercitation ullamco laboris nisi sed do eiusmod tempor incididunt ut l abore et dolore magna aliqua ut enim ad minim veniam quis nostrud exercitation ullamco laboris nisi les mer ukens 3 retter lunsj og klassisk meny '),
 ('18', 'field', '47', 'nb_no', ' restauranten '),
 ('18', 'field', '48', 'nb_no', ' lorem ipsum dolor sit amet consectetur adipiscing elit sed do eiusmod tempor incididunt ut labore et dolore magna aliqua ut enim ad minim veniam quis nostrud exercitation ullamco laboris nisi lorem ipsum dolor sit amet consectetur adipiscing elit sed do eiusmod tempor incididunt ut labore les mer '),
 ('18', 'field', '49', 'nb_no', ' dsc8599 '),
 ('18', 'slug', '0', 'nb_no', ''),
 ('2', 'field', '79', 'nb_no', ''),
 ('27', 'filename', '0', 'nb_no', ' icon search svg '),
 ('27', 'extension', '0', 'nb_no', ' svg '),
 ('27', 'kind', '0', 'nb_no', ' image '),
 ('27', 'slug', '0', 'nb_no', ' icon search '),
 ('27', 'title', '0', 'nb_no', ' icon search '),
 ('28', 'filename', '0', 'nb_no', ' icon silhouette svg '),
 ('28', 'extension', '0', 'nb_no', ' svg '),
 ('28', 'kind', '0', 'nb_no', ' image '),
 ('28', 'slug', '0', 'nb_no', ' icon silhouette '),
 ('28', 'title', '0', 'nb_no', ' icon silhouette '),
 ('29', 'filename', '0', 'nb_no', ' icon soup svg '),
 ('29', 'extension', '0', 'nb_no', ' svg '),
 ('29', 'kind', '0', 'nb_no', ' image '),
 ('29', 'slug', '0', 'nb_no', ' icon soup '),
 ('29', 'title', '0', 'nb_no', ' icon soup '),
 ('30', 'field', '77', 'nb_no', ' icon soup '),
 ('30', 'field', '78', 'nb_no', ' lunsj11 00 16 00 klassisk16 00 23 00 ukens 3 retter16 00 23 00 les mer '),
 ('30', 'slug', '0', 'nb_no', '');



DROP TABLE IF EXISTS `craft_sections`;


--
-- Schema for table `craft_sections`
--
CREATE TABLE `craft_sections` (
  `id` int(11) NOT NULL AUTO_INCREMENT,
  `structureId` int(11) DEFAULT NULL,
  `name` varchar(255) COLLATE utf8_unicode_ci NOT NULL,
  `handle` varchar(255) COLLATE utf8_unicode_ci NOT NULL,
  `type` enum('single','channel','structure') COLLATE utf8_unicode_ci NOT NULL DEFAULT 'channel',
  `hasUrls` tinyint(1) unsigned NOT NULL DEFAULT '1',
  `template` varchar(500) COLLATE utf8_unicode_ci DEFAULT NULL,
  `enableVersioning` tinyint(1) unsigned NOT NULL DEFAULT '0',
  `dateCreated` datetime NOT NULL,
  `dateUpdated` datetime NOT NULL,
  `uid` char(36) COLLATE utf8_unicode_ci NOT NULL DEFAULT '0',
  PRIMARY KEY (`id`),
  UNIQUE KEY `craft_sections_name_unq_idx` (`name`),
  UNIQUE KEY `craft_sections_handle_unq_idx` (`handle`),
  KEY `craft_sections_structureId_fk` (`structureId`)
) ENGINE=InnoDB AUTO_INCREMENT=7 DEFAULT CHARSET=utf8 COLLATE=utf8_unicode_ci;

--
-- Data for table `craft_sections`
--

INSERT INTO `craft_sections` (`id`, `structureId`, `name`, `handle`, `type`, `hasUrls`, `template`, `enableVersioning`, `dateCreated`, `dateUpdated`, `uid`) VALUES
 ('1', NULL, 'Forside', 'forside', 'single', '1', 'index', '1', '2017-02-10 15:29:45', '2017-02-10 15:29:45', 'e237f024-262c-4886-8869-e9324bee31bc'),
 ('2', NULL, 'Restaurant', 'restaurant', 'single', '1', 'restaurant', '1', '2017-02-10 15:30:01', '2017-02-10 15:30:01', '2bda4c6b-a0e6-41cb-abcc-48944b4e1685'),
 ('3', NULL, 'Selskap', 'selskap', 'single', '1', 'selskap', '1', '2017-02-10 15:30:11', '2017-02-10 15:30:11', 'b395e580-9e19-4bc4-9f44-f1d9dcad7c2c'),
 ('4', NULL, 'Kristiansten festning', 'kristianstenFestning', 'single', '1', 'kristiansten-festning', '1', '2017-02-10 15:30:28', '2017-02-10 15:30:28', '90bf6aa8-a2af-4c9d-a209-5d20bc04272a'),
 ('5', NULL, 'Oppskrifter', 'oppskrifter', 'channel', '0', NULL, '1', '2017-02-10 15:44:00', '2017-02-10 15:44:00', '10e85eec-66d4-4e96-a479-2a3332c2ad2c'),
 ('6', NULL, 'Ingredienser', 'ingredienser', 'channel', '0', NULL, '1', '2017-02-10 15:44:13', '2017-02-10 15:44:13', '4c13035a-7c84-4e61-8248-cdd894afadbd');



DROP TABLE IF EXISTS `craft_sections_i18n`;


--
-- Schema for table `craft_sections_i18n`
--
CREATE TABLE `craft_sections_i18n` (
  `id` int(11) NOT NULL AUTO_INCREMENT,
  `sectionId` int(11) NOT NULL,
  `locale` char(12) COLLATE utf8_unicode_ci NOT NULL,
  `enabledByDefault` tinyint(1) unsigned NOT NULL DEFAULT '1',
  `urlFormat` text COLLATE utf8_unicode_ci,
  `nestedUrlFormat` text COLLATE utf8_unicode_ci,
  `dateCreated` datetime NOT NULL,
  `dateUpdated` datetime NOT NULL,
  `uid` char(36) COLLATE utf8_unicode_ci NOT NULL DEFAULT '0',
  PRIMARY KEY (`id`),
  UNIQUE KEY `craft_sections_i18n_sectionId_locale_unq_idx` (`sectionId`,`locale`),
  KEY `craft_sections_i18n_locale_fk` (`locale`)
) ENGINE=InnoDB AUTO_INCREMENT=7 DEFAULT CHARSET=utf8 COLLATE=utf8_unicode_ci;

--
-- Data for table `craft_sections_i18n`
--

INSERT INTO `craft_sections_i18n` (`id`, `sectionId`, `locale`, `enabledByDefault`, `urlFormat`, `nestedUrlFormat`, `dateCreated`, `dateUpdated`, `uid`) VALUES
 ('1', '1', 'nb_no', '1', '__home__', NULL, '2017-02-10 15:29:45', '2017-02-10 15:29:45', 'cf9c3aac-8309-4171-836a-54158d1279e3'),
 ('2', '2', 'nb_no', '1', 'restaurant', NULL, '2017-02-10 15:30:01', '2017-02-10 15:30:01', 'a7bf8ae6-e379-4b92-a41d-e9e737d34437'),
 ('3', '3', 'nb_no', '1', 'selskap', NULL, '2017-02-10 15:30:11', '2017-02-10 15:30:11', '48e9b469-7e90-49d2-aca0-1d630cb0d46b'),
 ('4', '4', 'nb_no', '1', 'kristiansten-festning', NULL, '2017-02-10 15:30:28', '2017-02-10 15:30:28', '4ec5f640-1fc0-45b5-95e3-255f9e8cdd5c'),
 ('5', '5', 'nb_no', '1', NULL, NULL, '2017-02-10 15:44:00', '2017-02-10 15:44:00', '403552a2-3968-48b7-81d6-26a1b17223d8'),
 ('6', '6', 'nb_no', '1', NULL, NULL, '2017-02-10 15:44:13', '2017-02-10 15:44:13', 'c173363a-ea82-4428-b1ac-3fb2cabde92f');



DROP TABLE IF EXISTS `craft_seomatic_meta`;


--
-- Schema for table `craft_seomatic_meta`
--
CREATE TABLE `craft_seomatic_meta` (
  `id` int(11) NOT NULL,
  `seoImageId` int(11) DEFAULT NULL,
  `seoFacebookImageId` int(11) DEFAULT NULL,
  `seoTwitterImageId` int(11) DEFAULT NULL,
  `locale` varchar(255) COLLATE utf8_unicode_ci DEFAULT 'nb_no',
  `elementId` int(10) DEFAULT '0',
  `metaType` enum('default','template') COLLATE utf8_unicode_ci DEFAULT 'template',
  `metaPath` varchar(255) COLLATE utf8_unicode_ci DEFAULT '',
  `seoMainEntityCategory` varchar(255) COLLATE utf8_unicode_ci NOT NULL,
  `seoMainEntityOfPage` varchar(255) COLLATE utf8_unicode_ci NOT NULL,
  `seoTitle` varchar(255) COLLATE utf8_unicode_ci DEFAULT '',
  `seoDescription` varchar(255) COLLATE utf8_unicode_ci DEFAULT '',
  `seoKeywords` varchar(255) COLLATE utf8_unicode_ci DEFAULT '',
  `seoTwitterImageTransform` varchar(255) COLLATE utf8_unicode_ci NOT NULL,
  `seoFacebookImageTransform` varchar(255) COLLATE utf8_unicode_ci NOT NULL,
  `seoImageTransform` varchar(255) COLLATE utf8_unicode_ci NOT NULL,
  `twitterCardType` varchar(255) COLLATE utf8_unicode_ci DEFAULT 'summary',
  `openGraphType` varchar(255) COLLATE utf8_unicode_ci DEFAULT 'website',
  `robots` varchar(255) COLLATE utf8_unicode_ci DEFAULT '',
  `dateCreated` datetime NOT NULL,
  `dateUpdated` datetime NOT NULL,
  `uid` char(36) COLLATE utf8_unicode_ci NOT NULL DEFAULT '0',
  PRIMARY KEY (`id`),
  KEY `craft_seomatic_meta_seoImageId_fk` (`seoImageId`)
) ENGINE=InnoDB DEFAULT CHARSET=utf8 COLLATE=utf8_unicode_ci;

DROP TABLE IF EXISTS `craft_seomatic_settings`;


--
-- Schema for table `craft_seomatic_settings`
--
CREATE TABLE `craft_seomatic_settings` (
  `id` int(11) NOT NULL AUTO_INCREMENT,
  `siteSeoImageId` int(11) DEFAULT NULL,
  `siteSeoFacebookImageId` int(11) DEFAULT NULL,
  `siteSeoTwitterImageId` int(11) DEFAULT NULL,
  `genericOwnerImageId` int(11) DEFAULT NULL,
  `genericCreatorImageId` int(11) DEFAULT NULL,
  `locale` varchar(255) COLLATE utf8_unicode_ci DEFAULT '',
  `siteSeoName` varchar(255) COLLATE utf8_unicode_ci DEFAULT '',
  `siteSeoTitle` varchar(255) COLLATE utf8_unicode_ci DEFAULT '',
  `siteSeoTitleSeparator` varchar(10) COLLATE utf8_unicode_ci DEFAULT NULL,
  `siteSeoTitlePlacement` enum('before','after','none') COLLATE utf8_unicode_ci DEFAULT 'after',
  `siteSeoDescription` varchar(255) COLLATE utf8_unicode_ci DEFAULT '',
  `siteSeoKeywords` varchar(255) COLLATE utf8_unicode_ci DEFAULT '',
  `siteSeoTwitterImageTransform` varchar(255) COLLATE utf8_unicode_ci NOT NULL,
  `siteSeoFacebookImageTransform` varchar(255) COLLATE utf8_unicode_ci NOT NULL,
  `siteSeoImageTransform` varchar(255) COLLATE utf8_unicode_ci NOT NULL,
  `siteTwitterCardType` varchar(50) COLLATE utf8_unicode_ci DEFAULT NULL,
  `siteOpenGraphType` varchar(50) COLLATE utf8_unicode_ci DEFAULT NULL,
  `siteRobots` varchar(50) COLLATE utf8_unicode_ci DEFAULT NULL,
  `siteRobotsTxt` text COLLATE utf8_unicode_ci NOT NULL,
  `siteLinksQueryInput` varchar(50) COLLATE utf8_unicode_ci DEFAULT NULL,
  `siteLinksSearchTargets` text COLLATE utf8_unicode_ci NOT NULL,
  `googleSiteVerification` varchar(100) COLLATE utf8_unicode_ci DEFAULT NULL,
  `bingSiteVerification` varchar(100) COLLATE utf8_unicode_ci DEFAULT NULL,
  `googleAnalyticsAdvertising` tinyint(1) NOT NULL,
  `googleAnalyticsLinker` tinyint(1) NOT NULL,
  `googleAnalyticsLinkAttribution` tinyint(1) NOT NULL,
  `googleAnalyticsEEcommerce` tinyint(1) NOT NULL,
  `googleAnalyticsEcommerce` tinyint(1) NOT NULL,
  `googleAnalyticsUID` varchar(50) COLLATE utf8_unicode_ci DEFAULT NULL,
  `googleTagManagerID` varchar(50) COLLATE utf8_unicode_ci DEFAULT NULL,
  `googleAnalyticsSendPageview` tinyint(1) NOT NULL,
  `siteOwnerType` varchar(50) COLLATE utf8_unicode_ci DEFAULT NULL,
  `siteOwnerSpecificType` varchar(50) COLLATE utf8_unicode_ci DEFAULT NULL,
  `siteOwnerSubType` varchar(50) COLLATE utf8_unicode_ci DEFAULT NULL,
  `genericOwnerName` varchar(255) COLLATE utf8_unicode_ci DEFAULT '',
  `genericOwnerAlternateName` varchar(255) COLLATE utf8_unicode_ci DEFAULT '',
  `genericOwnerDescription` varchar(1024) COLLATE utf8_unicode_ci DEFAULT NULL,
  `genericOwnerUrl` varchar(255) COLLATE utf8_unicode_ci DEFAULT '',
  `genericOwnerTelephone` varchar(255) COLLATE utf8_unicode_ci DEFAULT '',
  `genericOwnerEmail` varchar(255) COLLATE utf8_unicode_ci DEFAULT '',
  `genericOwnerStreetAddress` varchar(255) COLLATE utf8_unicode_ci DEFAULT '',
  `genericOwnerAddressLocality` varchar(255) COLLATE utf8_unicode_ci DEFAULT '',
  `genericOwnerAddressRegion` varchar(255) COLLATE utf8_unicode_ci DEFAULT '',
  `genericOwnerPostalCode` varchar(255) COLLATE utf8_unicode_ci DEFAULT '',
  `genericOwnerAddressCountry` varchar(255) COLLATE utf8_unicode_ci DEFAULT '',
  `genericOwnerGeoLatitude` varchar(255) COLLATE utf8_unicode_ci DEFAULT '',
  `genericOwnerGeoLongitude` varchar(255) COLLATE utf8_unicode_ci DEFAULT '',
  `organizationOwnerDuns` varchar(255) COLLATE utf8_unicode_ci DEFAULT '',
  `organizationOwnerFounder` varchar(255) COLLATE utf8_unicode_ci DEFAULT '',
  `organizationOwnerFoundingDate` varchar(255) COLLATE utf8_unicode_ci DEFAULT '',
  `organizationOwnerFoundingLocation` varchar(255) COLLATE utf8_unicode_ci DEFAULT '',
  `organizationOwnerContactPoints` text COLLATE utf8_unicode_ci NOT NULL,
  `localBusinessPriceRange` varchar(10) COLLATE utf8_unicode_ci DEFAULT NULL,
  `localBusinessOwnerOpeningHours` text COLLATE utf8_unicode_ci NOT NULL,
  `corporationOwnerTickerSymbol` varchar(255) COLLATE utf8_unicode_ci DEFAULT '',
  `restaurantOwnerServesCuisine` varchar(255) COLLATE utf8_unicode_ci DEFAULT '',
  `restaurantOwnerReservationsUrl` varchar(255) COLLATE utf8_unicode_ci NOT NULL,
  `restaurantOwnerMenuUrl` varchar(255) COLLATE utf8_unicode_ci NOT NULL,
  `personOwnerGender` varchar(255) COLLATE utf8_unicode_ci DEFAULT '',
  `personOwnerBirthPlace` varchar(255) COLLATE utf8_unicode_ci DEFAULT '',
  `twitterHandle` varchar(50) COLLATE utf8_unicode_ci DEFAULT NULL,
  `facebookHandle` varchar(50) COLLATE utf8_unicode_ci DEFAULT NULL,
  `facebookProfileId` varchar(50) COLLATE utf8_unicode_ci DEFAULT NULL,
  `facebookAppId` varchar(50) COLLATE utf8_unicode_ci DEFAULT NULL,
  `linkedInHandle` varchar(50) COLLATE utf8_unicode_ci DEFAULT NULL,
  `googlePlusHandle` varchar(50) COLLATE utf8_unicode_ci DEFAULT NULL,
  `youtubeHandle` varchar(50) COLLATE utf8_unicode_ci DEFAULT NULL,
  `youtubeChannelHandle` varchar(50) COLLATE utf8_unicode_ci DEFAULT NULL,
  `instagramHandle` varchar(50) COLLATE utf8_unicode_ci DEFAULT NULL,
  `pinterestHandle` varchar(50) COLLATE utf8_unicode_ci DEFAULT NULL,
  `githubHandle` varchar(50) COLLATE utf8_unicode_ci DEFAULT NULL,
  `vimeoHandle` varchar(50) COLLATE utf8_unicode_ci DEFAULT NULL,
  `siteCreatorType` varchar(255) COLLATE utf8_unicode_ci DEFAULT '',
  `siteCreatorSpecificType` varchar(255) COLLATE utf8_unicode_ci NOT NULL,
  `siteCreatorSubType` varchar(255) COLLATE utf8_unicode_ci NOT NULL,
  `genericCreatorName` varchar(255) COLLATE utf8_unicode_ci DEFAULT '',
  `genericCreatorAlternateName` varchar(255) COLLATE utf8_unicode_ci DEFAULT '',
  `genericCreatorDescription` varchar(1024) COLLATE utf8_unicode_ci DEFAULT NULL,
  `genericCreatorUrl` varchar(255) COLLATE utf8_unicode_ci DEFAULT '',
  `genericCreatorTelephone` varchar(255) COLLATE utf8_unicode_ci DEFAULT '',
  `genericCreatorEmail` varchar(255) COLLATE utf8_unicode_ci DEFAULT '',
  `genericCreatorStreetAddress` varchar(255) COLLATE utf8_unicode_ci DEFAULT '',
  `genericCreatorAddressLocality` varchar(255) COLLATE utf8_unicode_ci DEFAULT '',
  `genericCreatorAddressRegion` varchar(255) COLLATE utf8_unicode_ci DEFAULT '',
  `genericCreatorPostalCode` varchar(255) COLLATE utf8_unicode_ci DEFAULT '',
  `genericCreatorAddressCountry` varchar(255) COLLATE utf8_unicode_ci DEFAULT '',
  `genericCreatorGeoLatitude` varchar(255) COLLATE utf8_unicode_ci DEFAULT '',
  `genericCreatorGeoLongitude` varchar(255) COLLATE utf8_unicode_ci DEFAULT '',
  `organizationCreatorDuns` varchar(255) COLLATE utf8_unicode_ci DEFAULT '',
  `organizationCreatorFounder` varchar(255) COLLATE utf8_unicode_ci DEFAULT '',
  `organizationCreatorFoundingDate` varchar(255) COLLATE utf8_unicode_ci DEFAULT '',
  `organizationCreatorFoundingLocation` varchar(255) COLLATE utf8_unicode_ci DEFAULT '',
  `organizationCreatorContactPoints` text COLLATE utf8_unicode_ci NOT NULL,
  `localBusinessCreatorOpeningHours` text COLLATE utf8_unicode_ci NOT NULL,
  `corporationCreatorTickerSymbol` varchar(255) COLLATE utf8_unicode_ci DEFAULT '',
  `restaurantCreatorServesCuisine` varchar(255) COLLATE utf8_unicode_ci NOT NULL,
  `restaurantCreatorReservationsUrl` varchar(255) COLLATE utf8_unicode_ci NOT NULL,
  `restaurantCreatorMenuUrl` varchar(255) COLLATE utf8_unicode_ci NOT NULL,
  `personCreatorGender` varchar(255) COLLATE utf8_unicode_ci DEFAULT '',
  `personCreatorBirthPlace` varchar(255) COLLATE utf8_unicode_ci DEFAULT '',
  `genericCreatorHumansTxt` text COLLATE utf8_unicode_ci,
  `dateCreated` datetime NOT NULL,
  `dateUpdated` datetime NOT NULL,
  `uid` char(36) COLLATE utf8_unicode_ci NOT NULL DEFAULT '0',
  PRIMARY KEY (`id`),
  KEY `craft_seomatic_settings_siteSeoImageId_fk` (`siteSeoImageId`),
  KEY `craft_seomatic_settings_genericOwnerImageId_fk` (`genericOwnerImageId`),
  KEY `craft_seomatic_settings_genericCreatorImageId_fk` (`genericCreatorImageId`)
) ENGINE=InnoDB AUTO_INCREMENT=2 DEFAULT CHARSET=utf8 COLLATE=utf8_unicode_ci;

--
-- Data for table `craft_seomatic_settings`
--

INSERT INTO `craft_seomatic_settings` (`id`, `siteSeoImageId`, `siteSeoFacebookImageId`, `siteSeoTwitterImageId`, `genericOwnerImageId`, `genericCreatorImageId`, `locale`, `siteSeoName`, `siteSeoTitle`, `siteSeoTitleSeparator`, `siteSeoTitlePlacement`, `siteSeoDescription`, `siteSeoKeywords`, `siteSeoTwitterImageTransform`, `siteSeoFacebookImageTransform`, `siteSeoImageTransform`, `siteTwitterCardType`, `siteOpenGraphType`, `siteRobots`, `siteRobotsTxt`, `siteLinksQueryInput`, `siteLinksSearchTargets`, `googleSiteVerification`, `bingSiteVerification`, `googleAnalyticsAdvertising`, `googleAnalyticsLinker`, `googleAnalyticsLinkAttribution`, `googleAnalyticsEEcommerce`, `googleAnalyticsEcommerce`, `googleAnalyticsUID`, `googleTagManagerID`, `googleAnalyticsSendPageview`, `siteOwnerType`, `siteOwnerSpecificType`, `siteOwnerSubType`, `genericOwnerName`, `genericOwnerAlternateName`, `genericOwnerDescription`, `genericOwnerUrl`, `genericOwnerTelephone`, `genericOwnerEmail`, `genericOwnerStreetAddress`, `genericOwnerAddressLocality`, `genericOwnerAddressRegion`, `genericOwnerPostalCode`, `genericOwnerAddressCountry`, `genericOwnerGeoLatitude`, `genericOwnerGeoLongitude`, `organizationOwnerDuns`, `organizationOwnerFounder`, `organizationOwnerFoundingDate`, `organizationOwnerFoundingLocation`, `organizationOwnerContactPoints`, `localBusinessPriceRange`, `localBusinessOwnerOpeningHours`, `corporationOwnerTickerSymbol`, `restaurantOwnerServesCuisine`, `restaurantOwnerReservationsUrl`, `restaurantOwnerMenuUrl`, `personOwnerGender`, `personOwnerBirthPlace`, `twitterHandle`, `facebookHandle`, `facebookProfileId`, `facebookAppId`, `linkedInHandle`, `googlePlusHandle`, `youtubeHandle`, `youtubeChannelHandle`, `instagramHandle`, `pinterestHandle`, `githubHandle`, `vimeoHandle`, `siteCreatorType`, `siteCreatorSpecificType`, `siteCreatorSubType`, `genericCreatorName`, `genericCreatorAlternateName`, `genericCreatorDescription`, `genericCreatorUrl`, `genericCreatorTelephone`, `genericCreatorEmail`, `genericCreatorStreetAddress`, `genericCreatorAddressLocality`, `genericCreatorAddressRegion`, `genericCreatorPostalCode`, `genericCreatorAddressCountry`, `genericCreatorGeoLatitude`, `genericCreatorGeoLongitude`, `organizationCreatorDuns`, `organizationCreatorFounder`, `organizationCreatorFoundingDate`, `organizationCreatorFoundingLocation`, `organizationCreatorContactPoints`, `localBusinessCreatorOpeningHours`, `corporationCreatorTickerSymbol`, `restaurantCreatorServesCuisine`, `restaurantCreatorReservationsUrl`, `restaurantCreatorMenuUrl`, `personCreatorGender`, `personCreatorBirthPlace`, `genericCreatorHumansTxt`, `dateCreated`, `dateUpdated`, `uid`) VALUES
 ('1', NULL, NULL, NULL, NULL, NULL, 'nb_no', 'Standardcraft', '', '|', 'after', 'This is the default global natural language description of the content on the site pages.', 'default,global,comma-separated,keywords', '', '', '', 'summary', 'website', '', '# robots.txt for {{ siteUrl }}\r\n\r\nSitemap: {{ siteUrl }}sitemap.xml\r\n\r\n# Don\'t allow web crawlers to index Craft\r\n\r\nUser-agent: *\r\nDisallow: /craft/\r\n', '', '[]', '', '', '0', '0', '0', '0', '0', '', '', '0', 'Organization', '', 'Corporation', 'Standardcraft', '', '', 'http://craft.dev/', '', '', '', '', '', '', '', '', '', '', '', '', '', '[]', '', '[{\"open\":\"\",\"close\":\"\"},{\"open\":\"\",\"close\":\"\"},{\"open\":\"\",\"close\":\"\"},{\"open\":\"\",\"close\":\"\"},{\"open\":\"\",\"close\":\"\"},{\"open\":\"\",\"close\":\"\"},{\"open\":\"\",\"close\":\"\"}]', '', '', '', '', 'Male', '', '', '', '', '', '', '', '', '', '', '', '', '', 'LocalBusiness', '', '', 'Mustasj', '', '', 'http://mustasj.no', '+4748313760', 'post@mustasj.no', 'Kjøpmannsgata 7', 'Trondheim', 'Sør Trøndelag', '7014', 'Norge', '63.42890269999999', '10.4011382', '', '', '', '', '[{\"telephone\":\"+4748313760\",\"contactType\":\"customer support\"}]', '', '', '', '', '', 'Male', '', '/* TEAM */\r\n\r\n{% if seomaticCreator.name is defined and seomaticCreator.name %}\r\nCreator: {{ seomaticCreator.name }}\r\n{% endif %}\r\n{% if seomaticCreator.url is defined and seomaticCreator.url %}\r\nURL: {{ seomaticCreator.url }}\r\n{% endif %}\r\n{% if seomaticCreator.description is defined and seomaticCreator.description %}\r\nDescription: {{ seomaticCreator.description }}\r\n{% endif %}\r\n\r\n/* THANKS */\r\n\r\nPixel & Tonic - https://pixelandtonic.com\r\n\r\n/* SITE */\r\n\r\nStandards: HTML5, CSS3\r\nComponents: Craft CMS, Yii, PHP, Javascript, SEOmatic', '2016-01-19 16:04:47', '2016-06-08 12:37:30', '17e178ee-774b-4217-97d0-4548dd640b67');



DROP TABLE IF EXISTS `craft_sessions`;


--
-- Schema for table `craft_sessions`
--
CREATE TABLE `craft_sessions` (
  `id` int(11) NOT NULL AUTO_INCREMENT,
  `userId` int(11) NOT NULL,
  `token` char(100) COLLATE utf8_unicode_ci NOT NULL,
  `dateCreated` datetime NOT NULL,
  `dateUpdated` datetime NOT NULL,
  `uid` char(36) COLLATE utf8_unicode_ci NOT NULL DEFAULT '0',
  PRIMARY KEY (`id`),
  KEY `craft_sessions_uid_idx` (`uid`),
  KEY `craft_sessions_token_idx` (`token`),
  KEY `craft_sessions_dateUpdated_idx` (`dateUpdated`),
  KEY `craft_sessions_userId_fk` (`userId`)
) ENGINE=InnoDB AUTO_INCREMENT=95 DEFAULT CHARSET=utf8 COLLATE=utf8_unicode_ci;

DROP TABLE IF EXISTS `craft_shunnedmessages`;


--
-- Schema for table `craft_shunnedmessages`
--
CREATE TABLE `craft_shunnedmessages` (
  `id` int(11) NOT NULL AUTO_INCREMENT,
  `userId` int(11) NOT NULL,
  `message` varchar(255) COLLATE utf8_unicode_ci NOT NULL,
  `expiryDate` datetime DEFAULT NULL,
  `dateCreated` datetime NOT NULL,
  `dateUpdated` datetime NOT NULL,
  `uid` char(36) COLLATE utf8_unicode_ci NOT NULL DEFAULT '0',
  PRIMARY KEY (`id`),
  UNIQUE KEY `craft_shunnedmessages_userId_message_unq_idx` (`userId`,`message`)
) ENGINE=InnoDB DEFAULT CHARSET=utf8 COLLATE=utf8_unicode_ci;

DROP TABLE IF EXISTS `craft_sproutforms_entries`;


--
-- Schema for table `craft_sproutforms_entries`
--
CREATE TABLE `craft_sproutforms_entries` (
  `id` int(11) NOT NULL,
  `formId` int(11) NOT NULL,
  `statusId` int(11) DEFAULT NULL,
  `ipAddress` varchar(255) COLLATE utf8_unicode_ci DEFAULT NULL,
  `userAgent` text COLLATE utf8_unicode_ci,
  `dateCreated` datetime NOT NULL,
  `dateUpdated` datetime NOT NULL,
  `uid` char(36) COLLATE utf8_unicode_ci NOT NULL DEFAULT '0',
  PRIMARY KEY (`id`),
  KEY `craft_sproutforms_entries_formId_fk` (`formId`),
  KEY `craft_sproutforms_entries_statusId_fk` (`statusId`)
) ENGINE=InnoDB DEFAULT CHARSET=utf8 COLLATE=utf8_unicode_ci;

DROP TABLE IF EXISTS `craft_sproutforms_entrystatuses`;


--
-- Schema for table `craft_sproutforms_entrystatuses`
--
CREATE TABLE `craft_sproutforms_entrystatuses` (
  `id` int(11) NOT NULL AUTO_INCREMENT,
  `name` varchar(255) COLLATE utf8_unicode_ci NOT NULL,
  `handle` varchar(255) COLLATE utf8_unicode_ci NOT NULL,
  `color` enum('green','orange','red','blue','yellow','pink','purple','turquoise','light','grey','black') COLLATE utf8_unicode_ci NOT NULL DEFAULT 'blue',
  `sortOrder` smallint(6) unsigned DEFAULT NULL,
  `isDefault` tinyint(1) unsigned NOT NULL DEFAULT '0',
  `dateCreated` datetime NOT NULL,
  `dateUpdated` datetime NOT NULL,
  `uid` char(36) COLLATE utf8_unicode_ci NOT NULL DEFAULT '0',
  PRIMARY KEY (`id`)
) ENGINE=InnoDB AUTO_INCREMENT=3 DEFAULT CHARSET=utf8 COLLATE=utf8_unicode_ci;

--
-- Data for table `craft_sproutforms_entrystatuses`
--

INSERT INTO `craft_sproutforms_entrystatuses` (`id`, `name`, `handle`, `color`, `sortOrder`, `isDefault`, `dateCreated`, `dateUpdated`, `uid`) VALUES
 ('1', 'Unread', 'unread', 'blue', '1', '1', '2017-02-13 13:38:59', '2017-02-13 13:38:59', '5fa61b76-2762-417b-9c42-f07f2083f04f'),
 ('2', 'Read', 'read', 'grey', '2', '0', '2017-02-13 13:38:59', '2017-02-13 13:38:59', '47a73217-7893-478d-ab85-6338fc7e8a10');



DROP TABLE IF EXISTS `craft_sproutforms_formgroups`;


--
-- Schema for table `craft_sproutforms_formgroups`
--
CREATE TABLE `craft_sproutforms_formgroups` (
  `id` int(11) NOT NULL AUTO_INCREMENT,
  `name` varchar(255) COLLATE utf8_unicode_ci NOT NULL,
  `dateCreated` datetime NOT NULL,
  `dateUpdated` datetime NOT NULL,
  `uid` char(36) COLLATE utf8_unicode_ci NOT NULL DEFAULT '0',
  PRIMARY KEY (`id`),
  UNIQUE KEY `craft_sproutforms_formgroups_name_unq_idx` (`name`)
) ENGINE=InnoDB DEFAULT CHARSET=utf8 COLLATE=utf8_unicode_ci;

DROP TABLE IF EXISTS `craft_sproutforms_forms`;


--
-- Schema for table `craft_sproutforms_forms`
--
CREATE TABLE `craft_sproutforms_forms` (
  `id` int(11) NOT NULL,
  `fieldLayoutId` int(11) DEFAULT NULL,
  `groupId` int(11) DEFAULT NULL,
  `name` varchar(255) COLLATE utf8_unicode_ci NOT NULL,
  `handle` varchar(255) COLLATE utf8_unicode_ci NOT NULL,
  `titleFormat` varchar(255) COLLATE utf8_unicode_ci NOT NULL,
  `displaySectionTitles` tinyint(1) unsigned NOT NULL DEFAULT '0',
  `redirectUri` varchar(255) COLLATE utf8_unicode_ci DEFAULT NULL,
  `submitAction` varchar(255) COLLATE utf8_unicode_ci DEFAULT NULL,
  `submitButtonText` varchar(255) COLLATE utf8_unicode_ci DEFAULT NULL,
  `savePayload` tinyint(1) unsigned NOT NULL DEFAULT '0',
  `notificationEnabled` tinyint(1) unsigned NOT NULL DEFAULT '0',
  `notificationRecipients` varchar(255) COLLATE utf8_unicode_ci DEFAULT NULL,
  `notificationSubject` varchar(255) COLLATE utf8_unicode_ci DEFAULT NULL,
  `notificationSenderName` varchar(255) COLLATE utf8_unicode_ci DEFAULT NULL,
  `notificationSenderEmail` varchar(255) COLLATE utf8_unicode_ci DEFAULT NULL,
  `notificationReplyToEmail` varchar(255) COLLATE utf8_unicode_ci DEFAULT NULL,
  `enableTemplateOverrides` tinyint(1) unsigned NOT NULL DEFAULT '0',
  `templateOverridesFolder` varchar(255) COLLATE utf8_unicode_ci DEFAULT NULL,
  `enableFileAttachments` tinyint(1) unsigned NOT NULL DEFAULT '0',
  `dateCreated` datetime NOT NULL,
  `dateUpdated` datetime NOT NULL,
  `uid` char(36) COLLATE utf8_unicode_ci NOT NULL DEFAULT '0',
  PRIMARY KEY (`id`),
  KEY `craft_sproutforms_forms_fieldLayoutId_fk` (`fieldLayoutId`)
) ENGINE=InnoDB DEFAULT CHARSET=utf8 COLLATE=utf8_unicode_ci;

--
-- Data for table `craft_sproutforms_forms`
--

INSERT INTO `craft_sproutforms_forms` (`id`, `fieldLayoutId`, `groupId`, `name`, `handle`, `titleFormat`, `displaySectionTitles`, `redirectUri`, `submitAction`, `submitButtonText`, `savePayload`, `notificationEnabled`, `notificationRecipients`, `notificationSubject`, `notificationSenderName`, `notificationSenderEmail`, `notificationReplyToEmail`, `enableTemplateOverrides`, `templateOverridesFolder`, `enableFileAttachments`, `dateCreated`, `dateUpdated`, `uid`) VALUES
 ('20', '100', NULL, 'Contact Form', 'contact', '{dateCreated|date(\'Y-m-d\')} – {fullName} – {message|slice(0,22)}...', '0', 'sproutforms/examples/contact-form?message=thank-you', NULL, NULL, '0', '0', NULL, NULL, NULL, NULL, NULL, '0', NULL, '0', '2017-02-13 00:00:00', '2017-02-13 00:00:00', '0'),
 ('21', '102', NULL, 'Basic Fields Form', 'basic', '{plainText} – {dropdown}{% if object.textarea %} – {{ object.textarea|slice(0,15) }}{% endif %}', '1', 'sproutforms/examples/basic-fields?message=thank-you', NULL, NULL, '0', '0', NULL, NULL, NULL, NULL, NULL, '0', NULL, '0', '2017-02-13 00:00:00', '2017-02-13 00:00:00', '0');



DROP TABLE IF EXISTS `craft_sproutformscontent_basic`;


--
-- Schema for table `craft_sproutformscontent_basic`
--
CREATE TABLE `craft_sproutformscontent_basic` (
  `id` int(11) NOT NULL AUTO_INCREMENT,
  `elementId` int(11) NOT NULL,
  `locale` char(12) COLLATE utf8_unicode_ci NOT NULL,
  `title` varchar(255) COLLATE utf8_unicode_ci DEFAULT NULL,
  `field_plainText` text COLLATE utf8_unicode_ci,
  `field_dropdown` varchar(255) COLLATE utf8_unicode_ci DEFAULT NULL,
  `field_number` int(10) unsigned DEFAULT '0',
  `field_radioButtons` varchar(255) COLLATE utf8_unicode_ci DEFAULT NULL,
  `field_checkboxes` varchar(255) COLLATE utf8_unicode_ci DEFAULT NULL,
  `field_multiSelect` varchar(255) COLLATE utf8_unicode_ci DEFAULT NULL,
  `field_textarea` text COLLATE utf8_unicode_ci,
  `dateCreated` datetime NOT NULL,
  `dateUpdated` datetime NOT NULL,
  `uid` char(36) COLLATE utf8_unicode_ci NOT NULL DEFAULT '0',
  PRIMARY KEY (`id`),
  UNIQUE KEY `craft_sproutformscontent_basic_elementId_locale_unq_idx` (`elementId`,`locale`),
  KEY `craft_sproutformscontent_basic_locale_fk` (`locale`)
) ENGINE=InnoDB DEFAULT CHARSET=utf8 COLLATE=utf8_unicode_ci;

DROP TABLE IF EXISTS `craft_sproutformscontent_contact`;


--
-- Schema for table `craft_sproutformscontent_contact`
--
CREATE TABLE `craft_sproutformscontent_contact` (
  `id` int(11) NOT NULL AUTO_INCREMENT,
  `elementId` int(11) NOT NULL,
  `locale` char(12) COLLATE utf8_unicode_ci NOT NULL,
  `title` varchar(255) COLLATE utf8_unicode_ci DEFAULT NULL,
  `field_navn` text COLLATE utf8_unicode_ci,
  `field_epost` text COLLATE utf8_unicode_ci,
  `field_melding` text COLLATE utf8_unicode_ci,
  `dateCreated` datetime NOT NULL,
  `dateUpdated` datetime NOT NULL,
  `uid` char(36) COLLATE utf8_unicode_ci NOT NULL DEFAULT '0',
  PRIMARY KEY (`id`),
  UNIQUE KEY `craft_sproutformscontent_contact_elementId_locale_unq_idx` (`elementId`,`locale`),
  KEY `craft_sproutformscontent_contact_locale_fk` (`locale`)
) ENGINE=InnoDB DEFAULT CHARSET=utf8 COLLATE=utf8_unicode_ci;

DROP TABLE IF EXISTS `craft_structureelements`;


--
-- Schema for table `craft_structureelements`
--
CREATE TABLE `craft_structureelements` (
  `id` int(11) NOT NULL AUTO_INCREMENT,
  `structureId` int(11) NOT NULL,
  `elementId` int(11) DEFAULT NULL,
  `root` int(11) unsigned DEFAULT NULL,
  `lft` int(11) unsigned NOT NULL,
  `rgt` int(11) unsigned NOT NULL,
  `level` smallint(6) unsigned NOT NULL,
  `dateCreated` datetime NOT NULL,
  `dateUpdated` datetime NOT NULL,
  `uid` char(36) COLLATE utf8_unicode_ci NOT NULL DEFAULT '0',
  PRIMARY KEY (`id`),
  UNIQUE KEY `craft_structureelements_structureId_elementId_unq_idx` (`structureId`,`elementId`),
  KEY `craft_structureelements_root_idx` (`root`),
  KEY `craft_structureelements_lft_idx` (`lft`),
  KEY `craft_structureelements_rgt_idx` (`rgt`),
  KEY `craft_structureelements_level_idx` (`level`),
  KEY `craft_structureelements_elementId_fk` (`elementId`)
) ENGINE=InnoDB AUTO_INCREMENT=30 DEFAULT CHARSET=utf8 COLLATE=utf8_unicode_ci;

--
-- Data for table `craft_structureelements`
--

INSERT INTO `craft_structureelements` (`id`, `structureId`, `elementId`, `root`, `lft`, `rgt`, `level`, `dateCreated`, `dateUpdated`, `uid`) VALUES
 ('7', '4', NULL, '7', '1', '2', '0', '2017-02-13 15:27:22', '2017-02-13 15:27:22', '587650db-0022-4fac-a289-bf4d7d8614fb'),
 ('26', '11', NULL, '26', '1', '8', '0', '2017-02-14 02:02:47', '2017-02-14 02:02:47', '1b07405d-a4f9-4e42-b151-e2530ee7ec8b'),
 ('27', '11', '37', '26', '2', '3', '1', '2017-02-14 02:02:47', '2017-02-14 02:02:47', '82e03eee-9ad2-4dfa-95a4-97770cfb739b'),
 ('28', '11', '34', '26', '4', '5', '1', '2017-02-14 02:02:47', '2017-02-14 02:02:47', '32a440f3-5a94-4f8b-9725-a2775f7e8006'),
 ('29', '11', '38', '26', '6', '7', '1', '2017-02-14 02:02:47', '2017-02-14 02:02:47', '6a833cc9-5ebc-4c34-a828-a234b29fff2c');



DROP TABLE IF EXISTS `craft_structures`;


--
-- Schema for table `craft_structures`
--
CREATE TABLE `craft_structures` (
  `id` int(11) NOT NULL AUTO_INCREMENT,
  `maxLevels` smallint(6) unsigned DEFAULT NULL,
  `dateCreated` datetime NOT NULL,
  `dateUpdated` datetime NOT NULL,
  `uid` char(36) COLLATE utf8_unicode_ci NOT NULL DEFAULT '0',
  PRIMARY KEY (`id`)
) ENGINE=InnoDB AUTO_INCREMENT=12 DEFAULT CHARSET=utf8 COLLATE=utf8_unicode_ci;

--
-- Data for table `craft_structures`
--

INSERT INTO `craft_structures` (`id`, `maxLevels`, `dateCreated`, `dateUpdated`, `uid`) VALUES
 ('4', NULL, '2017-02-13 15:27:22', '2017-02-13 15:27:22', 'eb316dcd-8000-478f-a858-62484bf7f31a'),
 ('5', NULL, '2017-02-13 22:57:24', '2017-02-13 22:57:24', '0bc74931-1186-4c6d-b678-c836a2d96f70'),
 ('11', NULL, '2017-02-14 02:02:47', '2017-02-14 02:02:47', '0a5417e5-2b01-4a66-ad06-624da48f624b');



DROP TABLE IF EXISTS `craft_supertableblocks`;


--
-- Schema for table `craft_supertableblocks`
--
CREATE TABLE `craft_supertableblocks` (
  `id` int(11) NOT NULL,
  `ownerId` int(11) NOT NULL,
  `fieldId` int(11) NOT NULL,
  `typeId` int(11) DEFAULT NULL,
  `sortOrder` tinyint(4) DEFAULT NULL,
  `ownerLocale` char(12) COLLATE utf8_unicode_ci DEFAULT NULL,
  `dateCreated` datetime NOT NULL,
  `dateUpdated` datetime NOT NULL,
  `uid` char(36) COLLATE utf8_unicode_ci NOT NULL DEFAULT '0',
  PRIMARY KEY (`id`),
  KEY `craft_supertableblocks_ownerId_idx` (`ownerId`),
  KEY `craft_supertableblocks_fieldId_idx` (`fieldId`),
  KEY `craft_supertableblocks_typeId_idx` (`typeId`),
  KEY `craft_supertableblocks_sortOrder_idx` (`sortOrder`),
  KEY `craft_supertableblocks_ownerLocale_fk` (`ownerLocale`)
) ENGINE=InnoDB DEFAULT CHARSET=utf8 COLLATE=utf8_unicode_ci;

--
-- Data for table `craft_supertableblocks`
--

INSERT INTO `craft_supertableblocks` (`id`, `ownerId`, `fieldId`, `typeId`, `sortOrder`, `ownerLocale`, `dateCreated`, `dateUpdated`, `uid`) VALUES
 ('35', '34', '80', '2', '1', NULL, '2017-02-13 23:12:10', '2017-02-13 23:12:10', '1291179c-ecfd-4622-bc4a-def55cda1829');



DROP TABLE IF EXISTS `craft_supertableblocktypes`;


--
-- Schema for table `craft_supertableblocktypes`
--
CREATE TABLE `craft_supertableblocktypes` (
  `id` int(11) NOT NULL AUTO_INCREMENT,
  `fieldId` int(11) NOT NULL,
  `fieldLayoutId` int(11) DEFAULT NULL,
  `dateCreated` datetime NOT NULL,
  `dateUpdated` datetime NOT NULL,
  `uid` char(36) COLLATE utf8_unicode_ci NOT NULL DEFAULT '0',
  PRIMARY KEY (`id`),
  KEY `craft_supertableblocktypes_fieldId_fk` (`fieldId`),
  KEY `craft_supertableblocktypes_fieldLayoutId_fk` (`fieldLayoutId`)
) ENGINE=InnoDB AUTO_INCREMENT=5 DEFAULT CHARSET=utf8 COLLATE=utf8_unicode_ci;

--
-- Data for table `craft_supertableblocktypes`
--

INSERT INTO `craft_supertableblocktypes` (`id`, `fieldId`, `fieldLayoutId`, `dateCreated`, `dateUpdated`, `uid`) VALUES
 ('1', '52', '110', '2017-02-13 15:15:41', '2017-02-13 15:23:13', '5f29118b-4cec-4309-b736-216163ee70be'),
 ('2', '80', '124', '2017-02-13 23:03:31', '2017-02-13 23:03:31', '166c953b-6f2e-4d83-907e-8d3b55a701bb'),
 ('3', '56', '165', '2017-02-14 00:17:19', '2017-02-14 00:17:20', 'cc2a36fe-cfa9-468d-be26-7db450a32337');



DROP TABLE IF EXISTS `craft_supertablecontent_6_menyer`;


--
-- Schema for table `craft_supertablecontent_6_menyer`
--
CREATE TABLE `craft_supertablecontent_6_menyer` (
  `id` int(11) NOT NULL AUTO_INCREMENT,
  `elementId` int(11) NOT NULL,
  `locale` char(12) COLLATE utf8_unicode_ci NOT NULL,
  `field_tekst` text COLLATE utf8_unicode_ci,
  `dateCreated` datetime NOT NULL,
  `dateUpdated` datetime NOT NULL,
  `uid` char(36) COLLATE utf8_unicode_ci NOT NULL DEFAULT '0',
  PRIMARY KEY (`id`),
  UNIQUE KEY `craft_supertablecontent_6_menyer_elementId_locale_unq_idx` (`elementId`,`locale`),
  KEY `craft_supertablecontent_6_menyer_locale_fk` (`locale`)
) ENGINE=InnoDB AUTO_INCREMENT=2 DEFAULT CHARSET=utf8 COLLATE=utf8_unicode_ci;

--
-- Data for table `craft_supertablecontent_6_menyer`
--

INSERT INTO `craft_supertablecontent_6_menyer` (`id`, `elementId`, `locale`, `field_tekst`, `dateCreated`, `dateUpdated`, `uid`) VALUES
 ('1', '30', 'nb_no', '<table><tbody><tr><td>Lunsj</td><td>11:00 - 16:00\r\n</td></tr><tr><td>Klassisk</td><td>16:00 - 23:00\r\n</td></tr><tr><td>Ukens 3-retter</td><td>16:00 - 23:00\r\n</td></tr></tbody></table><p><strong><a href=\"{entry:3:url}\">Les mer</a></strong></p>', '2017-02-13 15:18:39', '2017-02-13 15:27:22', '41590b55-0b0a-4cee-95d7-7d4d98c09c3a');



DROP TABLE IF EXISTS `craft_supertablecontent_7_blokk`;


--
-- Schema for table `craft_supertablecontent_7_blokk`
--
CREATE TABLE `craft_supertablecontent_7_blokk` (
  `id` int(11) NOT NULL AUTO_INCREMENT,
  `elementId` int(11) NOT NULL,
  `locale` char(12) COLLATE utf8_unicode_ci NOT NULL,
  `field_type` varchar(255) COLLATE utf8_unicode_ci DEFAULT NULL,
  `field_tittel` text COLLATE utf8_unicode_ci,
  `field_tekst` text COLLATE utf8_unicode_ci,
  `dateCreated` datetime NOT NULL,
  `dateUpdated` datetime NOT NULL,
  `uid` char(36) COLLATE utf8_unicode_ci NOT NULL DEFAULT '0',
  PRIMARY KEY (`id`),
  UNIQUE KEY `craft_supertablecontent_7_blokk_elementId_locale_unq_idx` (`elementId`,`locale`),
  KEY `craft_supertablecontent_7_blokk_locale_fk` (`locale`)
) ENGINE=InnoDB DEFAULT CHARSET=utf8 COLLATE=utf8_unicode_ci;

DROP TABLE IF EXISTS `craft_supertablecontent_seodiv`;


--
-- Schema for table `craft_supertablecontent_seodiv`
--
CREATE TABLE `craft_supertablecontent_seodiv` (
  `id` int(11) NOT NULL AUTO_INCREMENT,
  `elementId` int(11) NOT NULL,
  `locale` char(12) COLLATE utf8_unicode_ci NOT NULL,
  `field_googleProfile` text COLLATE utf8_unicode_ci,
  `field_googlePage` text COLLATE utf8_unicode_ci,
  `field_twitterSite` text COLLATE utf8_unicode_ci,
  `dateCreated` datetime NOT NULL,
  `dateUpdated` datetime NOT NULL,
  `uid` char(36) COLLATE utf8_unicode_ci NOT NULL DEFAULT '0',
  PRIMARY KEY (`id`),
  UNIQUE KEY `craft_supertablecontent_seodiv_elementId_locale_unq_idx` (`elementId`,`locale`),
  KEY `craft_supertablecontent_seodiv_locale_fk` (`locale`)
) ENGINE=InnoDB DEFAULT CHARSET=utf8 COLLATE=utf8_unicode_ci;

DROP TABLE IF EXISTS `craft_supertablecontent_varemenyer`;


--
-- Schema for table `craft_supertablecontent_varemenyer`
--
CREATE TABLE `craft_supertablecontent_varemenyer` (
  `id` int(11) NOT NULL AUTO_INCREMENT,
  `elementId` int(11) NOT NULL,
  `locale` char(12) COLLATE utf8_unicode_ci NOT NULL,
  `field_tekst` text COLLATE utf8_unicode_ci,
  `dateCreated` datetime NOT NULL,
  `dateUpdated` datetime NOT NULL,
  `uid` char(36) COLLATE utf8_unicode_ci NOT NULL DEFAULT '0',
  PRIMARY KEY (`id`),
  UNIQUE KEY `craft_supertablecontent_varemenyer_elementId_locale_unq_idx` (`elementId`,`locale`),
  KEY `craft_supertablecontent_varemenyer_locale_fk` (`locale`)
) ENGINE=InnoDB AUTO_INCREMENT=2 DEFAULT CHARSET=utf8 COLLATE=utf8_unicode_ci;

--
-- Data for table `craft_supertablecontent_varemenyer`
--

INSERT INTO `craft_supertablecontent_varemenyer` (`id`, `elementId`, `locale`, `field_tekst`, `dateCreated`, `dateUpdated`, `uid`) VALUES
 ('1', '35', 'nb_no', '<p><strong>Tester</strong></p>', '2017-02-13 23:12:10', '2017-02-13 23:12:10', '6ed4fefa-a37c-4cd1-8cf3-34ff0fef2d2e');



DROP TABLE IF EXISTS `craft_systemsettings`;


--
-- Schema for table `craft_systemsettings`
--
CREATE TABLE `craft_systemsettings` (
  `id` int(11) NOT NULL AUTO_INCREMENT,
  `category` varchar(15) COLLATE utf8_unicode_ci NOT NULL,
  `settings` text COLLATE utf8_unicode_ci,
  `dateCreated` datetime NOT NULL,
  `dateUpdated` datetime NOT NULL,
  `uid` char(36) COLLATE utf8_unicode_ci NOT NULL DEFAULT '0',
  PRIMARY KEY (`id`),
  UNIQUE KEY `craft_systemsettings_category_unq_idx` (`category`)
) ENGINE=InnoDB AUTO_INCREMENT=2 DEFAULT CHARSET=utf8 COLLATE=utf8_unicode_ci;

--
-- Data for table `craft_systemsettings`
--

INSERT INTO `craft_systemsettings` (`id`, `category`, `settings`, `dateCreated`, `dateUpdated`, `uid`) VALUES
 ('1', 'email', '{\"protocol\":\"php\",\"emailAddress\":\"dev@mustasj.no\",\"senderName\":\"Standardcraft\"}', '2014-10-08 10:49:50', '2014-10-08 10:49:50', '13f059b8-2b49-44e6-bb6e-28bad17289af');



DROP TABLE IF EXISTS `craft_taggroups`;


--
-- Schema for table `craft_taggroups`
--
CREATE TABLE `craft_taggroups` (
  `id` int(11) NOT NULL AUTO_INCREMENT,
  `name` varchar(255) COLLATE utf8_unicode_ci NOT NULL,
  `handle` varchar(255) COLLATE utf8_unicode_ci NOT NULL,
  `fieldLayoutId` int(10) DEFAULT NULL,
  `dateCreated` datetime NOT NULL,
  `dateUpdated` datetime NOT NULL,
  `uid` char(36) COLLATE utf8_unicode_ci NOT NULL DEFAULT '0',
  PRIMARY KEY (`id`),
  UNIQUE KEY `craft_taggroups_name_unq_idx` (`name`),
  UNIQUE KEY `craft_taggroups_handle_unq_idx` (`handle`),
  KEY `craft_taggroups_fieldLayoutId_fk` (`fieldLayoutId`)
) ENGINE=InnoDB AUTO_INCREMENT=2 DEFAULT CHARSET=utf8 COLLATE=utf8_unicode_ci;

--
-- Data for table `craft_taggroups`
--

INSERT INTO `craft_taggroups` (`id`, `name`, `handle`, `fieldLayoutId`, `dateCreated`, `dateUpdated`, `uid`) VALUES
 ('1', 'Standard', 'default', '1', '2014-10-08 10:49:50', '2014-10-08 10:49:50', 'b798f6f4-4b51-4b2a-a1e8-fe03d7e54640');



DROP TABLE IF EXISTS `craft_tags`;


--
-- Schema for table `craft_tags`
--
CREATE TABLE `craft_tags` (
  `id` int(11) NOT NULL,
  `groupId` int(11) NOT NULL,
  `dateCreated` datetime NOT NULL,
  `dateUpdated` datetime NOT NULL,
  `uid` char(36) COLLATE utf8_unicode_ci NOT NULL DEFAULT '0',
  PRIMARY KEY (`id`),
  KEY `craft_tags_groupId_fk` (`groupId`),
  KEY `craft_tags_groupId_idx` (`groupId`)
) ENGINE=InnoDB DEFAULT CHARSET=utf8 COLLATE=utf8_unicode_ci;

DROP TABLE IF EXISTS `craft_tasks`;


--
-- Schema for table `craft_tasks`
--
CREATE TABLE `craft_tasks` (
  `id` int(11) NOT NULL AUTO_INCREMENT,
  `root` int(11) unsigned DEFAULT NULL,
  `lft` int(11) unsigned NOT NULL,
  `rgt` int(11) unsigned NOT NULL,
  `level` smallint(6) unsigned NOT NULL,
  `currentStep` int(11) unsigned DEFAULT NULL,
  `totalSteps` int(11) unsigned DEFAULT NULL,
  `status` enum('pending','error','running') COLLATE utf8_unicode_ci DEFAULT NULL,
  `type` varchar(150) COLLATE utf8_unicode_ci NOT NULL,
  `description` varchar(255) COLLATE utf8_unicode_ci DEFAULT NULL,
  `settings` mediumtext COLLATE utf8_unicode_ci,
  `dateCreated` datetime NOT NULL,
  `dateUpdated` datetime NOT NULL,
  `uid` char(36) COLLATE utf8_unicode_ci NOT NULL DEFAULT '0',
  PRIMARY KEY (`id`),
  KEY `craft_tasks_root_idx` (`root`),
  KEY `craft_tasks_lft_idx` (`lft`),
  KEY `craft_tasks_rgt_idx` (`rgt`),
  KEY `craft_tasks_level_idx` (`level`)
) ENGINE=InnoDB AUTO_INCREMENT=12 DEFAULT CHARSET=utf8 COLLATE=utf8_unicode_ci;

DROP TABLE IF EXISTS `craft_templatecachecriteria`;


--
-- Schema for table `craft_templatecachecriteria`
--
CREATE TABLE `craft_templatecachecriteria` (
  `id` int(11) NOT NULL AUTO_INCREMENT,
  `cacheId` int(11) NOT NULL,
  `type` varchar(150) COLLATE utf8_unicode_ci NOT NULL,
  `criteria` text COLLATE utf8_unicode_ci NOT NULL,
  PRIMARY KEY (`id`),
  KEY `craft_templatecachecriteria_cacheId_fk` (`cacheId`),
  KEY `craft_templatecachecriteria_type_idx` (`type`)
) ENGINE=InnoDB DEFAULT CHARSET=utf8 COLLATE=utf8_unicode_ci;

DROP TABLE IF EXISTS `craft_templatecacheelements`;


--
-- Schema for table `craft_templatecacheelements`
--
CREATE TABLE `craft_templatecacheelements` (
  `cacheId` int(11) NOT NULL,
  `elementId` int(11) NOT NULL,
  KEY `craft_templatecacheelements_cacheId_fk` (`cacheId`),
  KEY `craft_templatecacheelements_elementId_fk` (`elementId`)
) ENGINE=InnoDB DEFAULT CHARSET=utf8 COLLATE=utf8_unicode_ci;

DROP TABLE IF EXISTS `craft_templatecaches`;


--
-- Schema for table `craft_templatecaches`
--
CREATE TABLE `craft_templatecaches` (
  `id` int(11) NOT NULL AUTO_INCREMENT,
  `cacheKey` varchar(255) COLLATE utf8_unicode_ci NOT NULL,
  `locale` char(12) COLLATE utf8_unicode_ci NOT NULL,
  `path` varchar(255) COLLATE utf8_unicode_ci DEFAULT NULL,
  `expiryDate` datetime NOT NULL,
  `body` mediumtext COLLATE utf8_unicode_ci NOT NULL,
  PRIMARY KEY (`id`),
  KEY `craft_templatecaches_locale_fk` (`locale`),
  KEY `craft_templatecaches_locale_cacheKey_path_expiryDate_idx` (`locale`,`cacheKey`,`path`,`expiryDate`)
) ENGINE=InnoDB DEFAULT CHARSET=utf8 COLLATE=utf8_unicode_ci;

DROP TABLE IF EXISTS `craft_tokens`;


--
-- Schema for table `craft_tokens`
--
CREATE TABLE `craft_tokens` (
  `id` int(11) NOT NULL AUTO_INCREMENT,
  `token` char(32) COLLATE utf8_unicode_ci NOT NULL,
  `route` text COLLATE utf8_unicode_ci,
  `usageLimit` tinyint(3) unsigned DEFAULT NULL,
  `usageCount` tinyint(3) unsigned DEFAULT NULL,
  `expiryDate` datetime NOT NULL,
  `dateCreated` datetime NOT NULL,
  `dateUpdated` datetime NOT NULL,
  `uid` char(36) COLLATE utf8_unicode_ci NOT NULL DEFAULT '0',
  PRIMARY KEY (`id`),
  UNIQUE KEY `craft_tokens_token_unq_idx` (`token`),
  KEY `craft_tokens_expiryDate_idx` (`expiryDate`)
) ENGINE=InnoDB DEFAULT CHARSET=utf8 COLLATE=utf8_unicode_ci;

DROP TABLE IF EXISTS `craft_usergroups`;


--
-- Schema for table `craft_usergroups`
--
CREATE TABLE `craft_usergroups` (
  `id` int(11) NOT NULL AUTO_INCREMENT,
  `name` varchar(255) COLLATE utf8_unicode_ci NOT NULL,
  `handle` varchar(255) COLLATE utf8_unicode_ci NOT NULL,
  `dateCreated` datetime NOT NULL,
  `dateUpdated` datetime NOT NULL,
  `uid` char(36) COLLATE utf8_unicode_ci NOT NULL DEFAULT '0',
  PRIMARY KEY (`id`),
  UNIQUE KEY `craft_usergroups_handle_unq_idx` (`handle`),
  UNIQUE KEY `craft_usergroups_name_unq_idx` (`name`)
) ENGINE=InnoDB DEFAULT CHARSET=utf8 COLLATE=utf8_unicode_ci;

DROP TABLE IF EXISTS `craft_usergroups_users`;


--
-- Schema for table `craft_usergroups_users`
--
CREATE TABLE `craft_usergroups_users` (
  `id` int(11) NOT NULL AUTO_INCREMENT,
  `groupId` int(11) NOT NULL,
  `userId` int(11) NOT NULL,
  `dateCreated` datetime NOT NULL,
  `dateUpdated` datetime NOT NULL,
  `uid` char(36) COLLATE utf8_unicode_ci NOT NULL DEFAULT '0',
  PRIMARY KEY (`id`),
  UNIQUE KEY `craft_usergroups_users_groupId_userId_unq_idx` (`groupId`,`userId`),
  KEY `craft_usergroups_users_userId_fk` (`userId`)
) ENGINE=InnoDB DEFAULT CHARSET=utf8 COLLATE=utf8_unicode_ci;

DROP TABLE IF EXISTS `craft_userpermissions`;


--
-- Schema for table `craft_userpermissions`
--
CREATE TABLE `craft_userpermissions` (
  `id` int(11) NOT NULL AUTO_INCREMENT,
  `name` varchar(255) COLLATE utf8_unicode_ci NOT NULL,
  `dateCreated` datetime NOT NULL,
  `dateUpdated` datetime NOT NULL,
  `uid` char(36) COLLATE utf8_unicode_ci NOT NULL DEFAULT '0',
  PRIMARY KEY (`id`),
  UNIQUE KEY `craft_userpermissions_name_unq_idx` (`name`)
) ENGINE=InnoDB DEFAULT CHARSET=utf8 COLLATE=utf8_unicode_ci;

DROP TABLE IF EXISTS `craft_userpermissions_usergroups`;


--
-- Schema for table `craft_userpermissions_usergroups`
--
CREATE TABLE `craft_userpermissions_usergroups` (
  `id` int(11) NOT NULL AUTO_INCREMENT,
  `permissionId` int(11) NOT NULL,
  `groupId` int(11) NOT NULL,
  `dateCreated` datetime NOT NULL,
  `dateUpdated` datetime NOT NULL,
  `uid` char(36) COLLATE utf8_unicode_ci NOT NULL DEFAULT '0',
  PRIMARY KEY (`id`),
  UNIQUE KEY `craft_userpermissions_usergroups_permissionId_groupId_unq_idx` (`permissionId`,`groupId`),
  KEY `craft_userpermissions_usergroups_groupId_fk` (`groupId`)
) ENGINE=InnoDB DEFAULT CHARSET=utf8 COLLATE=utf8_unicode_ci;

DROP TABLE IF EXISTS `craft_userpermissions_users`;


--
-- Schema for table `craft_userpermissions_users`
--
CREATE TABLE `craft_userpermissions_users` (
  `id` int(11) NOT NULL AUTO_INCREMENT,
  `permissionId` int(11) NOT NULL,
  `userId` int(11) NOT NULL,
  `dateCreated` datetime NOT NULL,
  `dateUpdated` datetime NOT NULL,
  `uid` char(36) COLLATE utf8_unicode_ci NOT NULL DEFAULT '0',
  PRIMARY KEY (`id`),
  UNIQUE KEY `craft_userpermissions_users_permissionId_userId_unq_idx` (`permissionId`,`userId`),
  KEY `craft_userpermissions_users_userId_fk` (`userId`)
) ENGINE=InnoDB DEFAULT CHARSET=utf8 COLLATE=utf8_unicode_ci;

DROP TABLE IF EXISTS `craft_users`;


--
-- Schema for table `craft_users`
--
CREATE TABLE `craft_users` (
  `id` int(11) NOT NULL,
  `username` varchar(100) COLLATE utf8_unicode_ci NOT NULL,
  `photo` varchar(100) COLLATE utf8_unicode_ci DEFAULT NULL,
  `firstName` varchar(100) COLLATE utf8_unicode_ci DEFAULT NULL,
  `lastName` varchar(100) COLLATE utf8_unicode_ci DEFAULT NULL,
  `email` varchar(255) COLLATE utf8_unicode_ci NOT NULL,
  `password` char(255) COLLATE utf8_unicode_ci DEFAULT NULL,
  `preferredLocale` char(12) COLLATE utf8_unicode_ci DEFAULT NULL,
  `weekStartDay` tinyint(4) NOT NULL DEFAULT '0',
  `admin` tinyint(1) unsigned NOT NULL DEFAULT '0',
  `client` tinyint(1) unsigned NOT NULL DEFAULT '0',
  `locked` tinyint(1) NOT NULL,
  `suspended` tinyint(1) NOT NULL,
  `pending` tinyint(1) NOT NULL,
  `archived` tinyint(1) NOT NULL,
  `lastLoginDate` datetime DEFAULT NULL,
  `lastLoginAttemptIPAddress` varchar(45) COLLATE utf8_unicode_ci DEFAULT NULL,
  `invalidLoginWindowStart` datetime DEFAULT NULL,
  `invalidLoginCount` tinyint(4) unsigned DEFAULT NULL,
  `lastInvalidLoginDate` datetime DEFAULT NULL,
  `lockoutDate` datetime DEFAULT NULL,
  `verificationCode` char(100) COLLATE utf8_unicode_ci DEFAULT NULL,
  `verificationCodeIssuedDate` datetime DEFAULT NULL,
  `unverifiedEmail` varchar(255) COLLATE utf8_unicode_ci DEFAULT NULL,
  `passwordResetRequired` tinyint(1) unsigned NOT NULL DEFAULT '0',
  `lastPasswordChangeDate` datetime DEFAULT NULL,
  `dateCreated` datetime NOT NULL,
  `dateUpdated` datetime NOT NULL,
  `uid` char(36) COLLATE utf8_unicode_ci NOT NULL DEFAULT '0',
  PRIMARY KEY (`id`),
  UNIQUE KEY `craft_users_username_unq_idx` (`username`),
  UNIQUE KEY `craft_users_email_unq_idx` (`email`),
  KEY `craft_users_verificationCode_idx` (`verificationCode`),
  KEY `craft_users_uid_idx` (`uid`),
  KEY `craft_users_preferredLocale_fk` (`preferredLocale`)
) ENGINE=InnoDB DEFAULT CHARSET=utf8 COLLATE=utf8_unicode_ci;

--
-- Data for table `craft_users`
--

INSERT INTO `craft_users` (`id`, `username`, `photo`, `firstName`, `lastName`, `email`, `password`, `preferredLocale`, `weekStartDay`, `admin`, `client`, `locked`, `suspended`, `pending`, `archived`, `lastLoginDate`, `lastLoginAttemptIPAddress`, `invalidLoginWindowStart`, `invalidLoginCount`, `lastInvalidLoginDate`, `lockoutDate`, `verificationCode`, `verificationCodeIssuedDate`, `unverifiedEmail`, `passwordResetRequired`, `lastPasswordChangeDate`, `dateCreated`, `dateUpdated`, `uid`) VALUES
 ('1', 'mustasj', NULL, '', '', 'dev@mustasj.no', '$2a$13$ueUykLaKp5jkSmJiy2E8D.kZ11QHma2O3O4mUODIkLt1e5w5OVG4W', NULL, '1', '1', '0', '0', '0', '0', '0', '2017-02-14 00:07:03', '127.0.0.1', NULL, NULL, '2017-02-09 14:20:37', NULL, NULL, NULL, NULL, '0', '2014-10-08 10:49:48', '2014-10-08 10:49:48', '2017-02-14 00:07:03', '1381d236-993f-4cd9-81bf-e97ced9e7789');



DROP TABLE IF EXISTS `craft_widgets`;


--
-- Schema for table `craft_widgets`
--
CREATE TABLE `craft_widgets` (
  `id` int(11) NOT NULL AUTO_INCREMENT,
  `userId` int(11) NOT NULL,
  `type` varchar(150) COLLATE utf8_unicode_ci NOT NULL,
  `sortOrder` smallint(6) unsigned DEFAULT NULL,
  `colspan` tinyint(4) unsigned DEFAULT NULL,
  `settings` text COLLATE utf8_unicode_ci,
  `enabled` tinyint(1) unsigned NOT NULL DEFAULT '1',
  `dateCreated` datetime NOT NULL,
  `dateUpdated` datetime NOT NULL,
  `uid` char(36) COLLATE utf8_unicode_ci NOT NULL DEFAULT '0',
  PRIMARY KEY (`id`),
  KEY `craft_widgets_userId_fk` (`userId`)
) ENGINE=InnoDB AUTO_INCREMENT=8 DEFAULT CHARSET=utf8 COLLATE=utf8_unicode_ci;

--
-- Data for table `craft_widgets`
--

INSERT INTO `craft_widgets` (`id`, `userId`, `type`, `sortOrder`, `colspan`, `settings`, `enabled`, `dateCreated`, `dateUpdated`, `uid`) VALUES
 ('1', '1', 'QuickPost', '1', NULL, '{\"section\":\"2\"}', '0', '2014-10-08 10:52:10', '2016-01-19 15:34:32', '262b9070-0bab-4f6d-b428-4eae106b5cd8'),
 ('2', '1', 'RecentEntries', '2', NULL, NULL, '1', '2014-10-08 10:52:10', '2014-10-08 10:52:10', 'a60fa7d3-9e67-413e-87ed-e32498493920'),
 ('3', '1', 'GetHelp', '3', NULL, NULL, '1', '2014-10-08 10:52:10', '2014-10-08 10:52:10', '95bf3c4f-3127-4561-ac45-a6c63fb67036'),
 ('4', '1', 'Updates', '4', NULL, NULL, '1', '2014-10-08 10:52:10', '2014-10-08 10:52:10', 'e2d736fe-350e-4db5-b1fc-f8abde34e266'),
 ('5', '1', 'Feed', '5', NULL, '{\"url\":\"https:\\/\\/craftcms.com\\/news.rss\",\"title\":\"Craft News\"}', '1', '2014-10-08 10:52:10', '2016-01-19 15:32:56', 'f9d6ff3f-5305-48c7-9f64-734b67436d7b'),
 ('6', '1', 'Maintenance', '6', NULL, '{\"title\":\"Announcements\",\"limit\":\"5\"}', '0', '2016-02-24 13:36:15', '2016-02-24 13:36:47', 'a239f863-e7eb-4ccd-95fe-993ac358ae3c'),
 ('7', '1', 'Maintenance', '7', NULL, '{\"title\":\"Announcements\",\"limit\":\"\"}', '0', '2016-02-26 13:54:07', '2016-02-26 13:54:14', '42e2fb09-1170-407a-b733-443fcfdcd7e1');


--
-- Constraints for tables
--


--
-- Constraints for table `craft_assetfiles`
--
ALTER TABLE `craft_assetfiles`
	ADD CONSTRAINT `craft_assetfiles_folderId_fk` FOREIGN KEY (`folderId`) REFERENCES `craft_assetfolders` (`id`) ON DELETE CASCADE,
	ADD CONSTRAINT `craft_assetfiles_id_fk` FOREIGN KEY (`id`) REFERENCES `craft_elements` (`id`) ON DELETE CASCADE,
	ADD CONSTRAINT `craft_assetfiles_sourceId_fk` FOREIGN KEY (`sourceId`) REFERENCES `craft_assetsources` (`id`) ON DELETE CASCADE;

--
-- Constraints for table `craft_assetfolders`
--
ALTER TABLE `craft_assetfolders`
	ADD CONSTRAINT `craft_assetfolders_parentId_fk` FOREIGN KEY (`parentId`) REFERENCES `craft_assetfolders` (`id`) ON DELETE CASCADE,
	ADD CONSTRAINT `craft_assetfolders_sourceId_fk` FOREIGN KEY (`sourceId`) REFERENCES `craft_assetsources` (`id`) ON DELETE CASCADE;

--
-- Constraints for table `craft_assetindexdata`
--
ALTER TABLE `craft_assetindexdata`
	ADD CONSTRAINT `craft_assetindexdata_sourceId_fk` FOREIGN KEY (`sourceId`) REFERENCES `craft_assetsources` (`id`) ON DELETE CASCADE;

--
-- Constraints for table `craft_assetsources`
--
ALTER TABLE `craft_assetsources`
	ADD CONSTRAINT `craft_assetsources_fieldLayoutId_fk` FOREIGN KEY (`fieldLayoutId`) REFERENCES `craft_fieldlayouts` (`id`) ON DELETE SET NULL;

--
-- Constraints for table `craft_categories`
--
ALTER TABLE `craft_categories`
	ADD CONSTRAINT `craft_categories_groupId_fk` FOREIGN KEY (`groupId`) REFERENCES `craft_categorygroups` (`id`) ON DELETE CASCADE,
	ADD CONSTRAINT `craft_categories_id_fk` FOREIGN KEY (`id`) REFERENCES `craft_elements` (`id`) ON DELETE CASCADE;

--
-- Constraints for table `craft_categorygroups`
--
ALTER TABLE `craft_categorygroups`
	ADD CONSTRAINT `craft_categorygroups_fieldLayoutId_fk` FOREIGN KEY (`fieldLayoutId`) REFERENCES `craft_fieldlayouts` (`id`) ON DELETE SET NULL,
	ADD CONSTRAINT `craft_categorygroups_structureId_fk` FOREIGN KEY (`structureId`) REFERENCES `craft_structures` (`id`) ON DELETE CASCADE;

--
-- Constraints for table `craft_categorygroups_i18n`
--
ALTER TABLE `craft_categorygroups_i18n`
	ADD CONSTRAINT `craft_categorygroups_i18n_groupId_fk` FOREIGN KEY (`groupId`) REFERENCES `craft_categorygroups` (`id`) ON DELETE CASCADE,
	ADD CONSTRAINT `craft_categorygroups_i18n_locale_fk` FOREIGN KEY (`locale`) REFERENCES `craft_locales` (`locale`) ON DELETE CASCADE ON UPDATE CASCADE;

--
-- Constraints for table `craft_content`
--
ALTER TABLE `craft_content`
	ADD CONSTRAINT `craft_content_elementId_fk` FOREIGN KEY (`elementId`) REFERENCES `craft_elements` (`id`) ON DELETE CASCADE,
	ADD CONSTRAINT `craft_content_locale_fk` FOREIGN KEY (`locale`) REFERENCES `craft_locales` (`locale`) ON DELETE CASCADE ON UPDATE CASCADE;

--
-- Constraints for table `craft_cpnav_navs`
--
ALTER TABLE `craft_cpnav_navs`
	ADD CONSTRAINT `craft_cpnav_navs_layoutId_fk` FOREIGN KEY (`layoutId`) REFERENCES `craft_cpnav_layouts` (`id`) ON DELETE SET NULL;

--
-- Constraints for table `craft_elements_i18n`
--
ALTER TABLE `craft_elements_i18n`
	ADD CONSTRAINT `craft_elements_i18n_elementId_fk` FOREIGN KEY (`elementId`) REFERENCES `craft_elements` (`id`) ON DELETE CASCADE,
	ADD CONSTRAINT `craft_elements_i18n_locale_fk` FOREIGN KEY (`locale`) REFERENCES `craft_locales` (`locale`) ON DELETE CASCADE ON UPDATE CASCADE;

--
-- Constraints for table `craft_emailmessages`
--
ALTER TABLE `craft_emailmessages`
	ADD CONSTRAINT `craft_emailmessages_locale_fk` FOREIGN KEY (`locale`) REFERENCES `craft_locales` (`locale`) ON DELETE CASCADE ON UPDATE CASCADE;

--
-- Constraints for table `craft_entries`
--
ALTER TABLE `craft_entries`
	ADD CONSTRAINT `craft_entries_authorId_fk` FOREIGN KEY (`authorId`) REFERENCES `craft_users` (`id`) ON DELETE CASCADE,
	ADD CONSTRAINT `craft_entries_id_fk` FOREIGN KEY (`id`) REFERENCES `craft_elements` (`id`) ON DELETE CASCADE,
	ADD CONSTRAINT `craft_entries_sectionId_fk` FOREIGN KEY (`sectionId`) REFERENCES `craft_sections` (`id`) ON DELETE CASCADE,
	ADD CONSTRAINT `craft_entries_typeId_fk` FOREIGN KEY (`typeId`) REFERENCES `craft_entrytypes` (`id`) ON DELETE CASCADE;

--
-- Constraints for table `craft_entrydrafts`
--
ALTER TABLE `craft_entrydrafts`
	ADD CONSTRAINT `craft_entrydrafts_creatorId_fk` FOREIGN KEY (`creatorId`) REFERENCES `craft_users` (`id`) ON DELETE CASCADE,
	ADD CONSTRAINT `craft_entrydrafts_entryId_fk` FOREIGN KEY (`entryId`) REFERENCES `craft_entries` (`id`) ON DELETE CASCADE,
	ADD CONSTRAINT `craft_entrydrafts_locale_fk` FOREIGN KEY (`locale`) REFERENCES `craft_locales` (`locale`) ON DELETE CASCADE ON UPDATE CASCADE,
	ADD CONSTRAINT `craft_entrydrafts_sectionId_fk` FOREIGN KEY (`sectionId`) REFERENCES `craft_sections` (`id`) ON DELETE CASCADE;

--
-- Constraints for table `craft_entrytypes`
--
ALTER TABLE `craft_entrytypes`
	ADD CONSTRAINT `craft_entrytypes_fieldLayoutId_fk` FOREIGN KEY (`fieldLayoutId`) REFERENCES `craft_fieldlayouts` (`id`) ON DELETE SET NULL,
	ADD CONSTRAINT `craft_entrytypes_sectionId_fk` FOREIGN KEY (`sectionId`) REFERENCES `craft_sections` (`id`) ON DELETE CASCADE;

--
-- Constraints for table `craft_entryversions`
--
ALTER TABLE `craft_entryversions`
	ADD CONSTRAINT `craft_entryversions_creatorId_fk` FOREIGN KEY (`creatorId`) REFERENCES `craft_users` (`id`) ON DELETE SET NULL,
	ADD CONSTRAINT `craft_entryversions_entryId_fk` FOREIGN KEY (`entryId`) REFERENCES `craft_entries` (`id`) ON DELETE CASCADE,
	ADD CONSTRAINT `craft_entryversions_locale_fk` FOREIGN KEY (`locale`) REFERENCES `craft_locales` (`locale`) ON DELETE CASCADE ON UPDATE CASCADE,
	ADD CONSTRAINT `craft_entryversions_sectionId_fk` FOREIGN KEY (`sectionId`) REFERENCES `craft_sections` (`id`) ON DELETE CASCADE;

--
-- Constraints for table `craft_fieldlayoutfields`
--
ALTER TABLE `craft_fieldlayoutfields`
	ADD CONSTRAINT `craft_fieldlayoutfields_fieldId_fk` FOREIGN KEY (`fieldId`) REFERENCES `craft_fields` (`id`) ON DELETE CASCADE,
	ADD CONSTRAINT `craft_fieldlayoutfields_layoutId_fk` FOREIGN KEY (`layoutId`) REFERENCES `craft_fieldlayouts` (`id`) ON DELETE CASCADE,
	ADD CONSTRAINT `craft_fieldlayoutfields_tabId_fk` FOREIGN KEY (`tabId`) REFERENCES `craft_fieldlayouttabs` (`id`) ON DELETE CASCADE;

--
-- Constraints for table `craft_fieldlayouttabs`
--
ALTER TABLE `craft_fieldlayouttabs`
	ADD CONSTRAINT `craft_fieldlayouttabs_layoutId_fk` FOREIGN KEY (`layoutId`) REFERENCES `craft_fieldlayouts` (`id`) ON DELETE CASCADE;

--
-- Constraints for table `craft_fields`
--
ALTER TABLE `craft_fields`
	ADD CONSTRAINT `craft_fields_groupId_fk` FOREIGN KEY (`groupId`) REFERENCES `craft_fieldgroups` (`id`) ON DELETE CASCADE;

--
-- Constraints for table `craft_globalsets`
--
ALTER TABLE `craft_globalsets`
	ADD CONSTRAINT `craft_globalsets_fieldLayoutId_fk` FOREIGN KEY (`fieldLayoutId`) REFERENCES `craft_fieldlayouts` (`id`) ON DELETE SET NULL,
	ADD CONSTRAINT `craft_globalsets_id_fk` FOREIGN KEY (`id`) REFERENCES `craft_elements` (`id`) ON DELETE CASCADE;

--
-- Constraints for table `craft_matrixblocks`
--
ALTER TABLE `craft_matrixblocks`
	ADD CONSTRAINT `craft_matrixblocks_fieldId_fk` FOREIGN KEY (`fieldId`) REFERENCES `craft_fields` (`id`) ON DELETE CASCADE,
	ADD CONSTRAINT `craft_matrixblocks_id_fk` FOREIGN KEY (`id`) REFERENCES `craft_elements` (`id`) ON DELETE CASCADE,
	ADD CONSTRAINT `craft_matrixblocks_ownerId_fk` FOREIGN KEY (`ownerId`) REFERENCES `craft_elements` (`id`) ON DELETE CASCADE,
	ADD CONSTRAINT `craft_matrixblocks_ownerLocale_fk` FOREIGN KEY (`ownerLocale`) REFERENCES `craft_locales` (`locale`) ON DELETE CASCADE ON UPDATE CASCADE,
	ADD CONSTRAINT `craft_matrixblocks_typeId_fk` FOREIGN KEY (`typeId`) REFERENCES `craft_matrixblocktypes` (`id`) ON DELETE CASCADE;

--
-- Constraints for table `craft_matrixblocktypes`
--
ALTER TABLE `craft_matrixblocktypes`
	ADD CONSTRAINT `craft_matrixblocktypes_fieldId_fk` FOREIGN KEY (`fieldId`) REFERENCES `craft_fields` (`id`) ON DELETE CASCADE,
	ADD CONSTRAINT `craft_matrixblocktypes_fieldLayoutId_fk` FOREIGN KEY (`fieldLayoutId`) REFERENCES `craft_fieldlayouts` (`id`) ON DELETE SET NULL;

--
-- Constraints for table `craft_matrixcontent_apningstiderogbooking`
--
ALTER TABLE `craft_matrixcontent_apningstiderogbooking`
	ADD CONSTRAINT `craft_matrixcontent_apningstiderogbooking_elementId_fk` FOREIGN KEY (`elementId`) REFERENCES `craft_elements` (`id`) ON DELETE CASCADE,
	ADD CONSTRAINT `craft_matrixcontent_apningstiderogbooking_locale_fk` FOREIGN KEY (`locale`) REFERENCES `craft_locales` (`locale`) ON DELETE CASCADE ON UPDATE CASCADE;

--
-- Constraints for table `craft_matrixcontent_blokktype`
--
ALTER TABLE `craft_matrixcontent_blokktype`
	ADD CONSTRAINT `craft_matrixcontent_blokktype_elementId_fk` FOREIGN KEY (`elementId`) REFERENCES `craft_elements` (`id`) ON DELETE CASCADE,
	ADD CONSTRAINT `craft_matrixcontent_blokktype_locale_fk` FOREIGN KEY (`locale`) REFERENCES `craft_locales` (`locale`) ON DELETE CASCADE ON UPDATE CASCADE;

--
-- Constraints for table `craft_matrixcontent_restaurant`
--
ALTER TABLE `craft_matrixcontent_restaurant`
	ADD CONSTRAINT `craft_matrixcontent_restaurant_elementId_fk` FOREIGN KEY (`elementId`) REFERENCES `craft_elements` (`id`) ON DELETE CASCADE,
	ADD CONSTRAINT `craft_matrixcontent_restaurant_locale_fk` FOREIGN KEY (`locale`) REFERENCES `craft_locales` (`locale`) ON DELETE CASCADE ON UPDATE CASCADE;

--
-- Constraints for table `craft_migrations`
--
ALTER TABLE `craft_migrations`
	ADD CONSTRAINT `craft_migrations_pluginId_fk` FOREIGN KEY (`pluginId`) REFERENCES `craft_plugins` (`id`) ON DELETE CASCADE;

--
-- Constraints for table `craft_neoblocks`
--
ALTER TABLE `craft_neoblocks`
	ADD CONSTRAINT `craft_neoblocks_fieldId_fk` FOREIGN KEY (`fieldId`) REFERENCES `craft_fields` (`id`) ON DELETE CASCADE,
	ADD CONSTRAINT `craft_neoblocks_id_fk` FOREIGN KEY (`id`) REFERENCES `craft_elements` (`id`) ON DELETE CASCADE,
	ADD CONSTRAINT `craft_neoblocks_ownerId_fk` FOREIGN KEY (`ownerId`) REFERENCES `craft_elements` (`id`) ON DELETE CASCADE,
	ADD CONSTRAINT `craft_neoblocks_ownerLocale_fk` FOREIGN KEY (`ownerLocale`) REFERENCES `craft_locales` (`locale`) ON DELETE CASCADE ON UPDATE CASCADE,
	ADD CONSTRAINT `craft_neoblocks_typeId_fk` FOREIGN KEY (`typeId`) REFERENCES `craft_neoblocktypes` (`id`) ON DELETE CASCADE;

--
-- Constraints for table `craft_neoblockstructures`
--
ALTER TABLE `craft_neoblockstructures`
	ADD CONSTRAINT `craft_neoblockstructures_fieldId_fk` FOREIGN KEY (`fieldId`) REFERENCES `craft_fields` (`id`) ON DELETE CASCADE,
	ADD CONSTRAINT `craft_neoblockstructures_ownerId_fk` FOREIGN KEY (`ownerId`) REFERENCES `craft_elements` (`id`) ON DELETE CASCADE,
	ADD CONSTRAINT `craft_neoblockstructures_ownerLocale_fk` FOREIGN KEY (`ownerLocale`) REFERENCES `craft_locales` (`locale`) ON DELETE CASCADE ON UPDATE CASCADE,
	ADD CONSTRAINT `craft_neoblockstructures_structureId_fk` FOREIGN KEY (`structureId`) REFERENCES `craft_structures` (`id`) ON DELETE CASCADE;

--
-- Constraints for table `craft_neoblocktypes`
--
ALTER TABLE `craft_neoblocktypes`
	ADD CONSTRAINT `craft_neoblocktypes_fieldId_fk` FOREIGN KEY (`fieldId`) REFERENCES `craft_fields` (`id`) ON DELETE CASCADE,
	ADD CONSTRAINT `craft_neoblocktypes_fieldLayoutId_fk` FOREIGN KEY (`fieldLayoutId`) REFERENCES `craft_fieldlayouts` (`id`) ON DELETE SET NULL;

--
-- Constraints for table `craft_neogroups`
--
ALTER TABLE `craft_neogroups`
	ADD CONSTRAINT `craft_neogroups_fieldId_fk` FOREIGN KEY (`fieldId`) REFERENCES `craft_fields` (`id`) ON DELETE CASCADE;

--
-- Constraints for table `craft_reasons`
--
ALTER TABLE `craft_reasons`
	ADD CONSTRAINT `craft_reasons_fieldLayoutId_fk` FOREIGN KEY (`fieldLayoutId`) REFERENCES `craft_fieldlayouts` (`id`) ON DELETE CASCADE ON UPDATE CASCADE;

--
-- Constraints for table `craft_relabel`
--
ALTER TABLE `craft_relabel`
	ADD CONSTRAINT `craft_relabel_fieldId_fk` FOREIGN KEY (`fieldId`) REFERENCES `craft_fields` (`id`) ON DELETE CASCADE,
	ADD CONSTRAINT `craft_relabel_fieldLayoutId_fk` FOREIGN KEY (`fieldLayoutId`) REFERENCES `craft_fieldlayouts` (`id`) ON DELETE CASCADE;

--
-- Constraints for table `craft_relations`
--
ALTER TABLE `craft_relations`
	ADD CONSTRAINT `craft_relations_fieldId_fk` FOREIGN KEY (`fieldId`) REFERENCES `craft_fields` (`id`) ON DELETE CASCADE,
	ADD CONSTRAINT `craft_relations_sourceId_fk` FOREIGN KEY (`sourceId`) REFERENCES `craft_elements` (`id`) ON DELETE CASCADE,
	ADD CONSTRAINT `craft_relations_sourceLocale_fk` FOREIGN KEY (`sourceLocale`) REFERENCES `craft_locales` (`locale`) ON DELETE CASCADE ON UPDATE CASCADE,
	ADD CONSTRAINT `craft_relations_targetId_fk` FOREIGN KEY (`targetId`) REFERENCES `craft_elements` (`id`) ON DELETE CASCADE;

--
-- Constraints for table `craft_routes`
--
ALTER TABLE `craft_routes`
	ADD CONSTRAINT `craft_routes_locale_fk` FOREIGN KEY (`locale`) REFERENCES `craft_locales` (`locale`) ON DELETE CASCADE ON UPDATE CASCADE;

--
-- Constraints for table `craft_sections`
--
ALTER TABLE `craft_sections`
	ADD CONSTRAINT `craft_sections_structureId_fk` FOREIGN KEY (`structureId`) REFERENCES `craft_structures` (`id`) ON DELETE SET NULL;

--
-- Constraints for table `craft_sections_i18n`
--
ALTER TABLE `craft_sections_i18n`
	ADD CONSTRAINT `craft_sections_i18n_locale_fk` FOREIGN KEY (`locale`) REFERENCES `craft_locales` (`locale`) ON DELETE CASCADE ON UPDATE CASCADE,
	ADD CONSTRAINT `craft_sections_i18n_sectionId_fk` FOREIGN KEY (`sectionId`) REFERENCES `craft_sections` (`id`) ON DELETE CASCADE;

--
-- Constraints for table `craft_seomatic_meta`
--
ALTER TABLE `craft_seomatic_meta`
	ADD CONSTRAINT `craft_seomatic_meta_id_fk` FOREIGN KEY (`id`) REFERENCES `craft_elements` (`id`) ON DELETE CASCADE,
	ADD CONSTRAINT `craft_seomatic_meta_seoImageId_fk` FOREIGN KEY (`seoImageId`) REFERENCES `craft_assetfiles` (`id`) ON DELETE SET NULL;

--
-- Constraints for table `craft_seomatic_settings`
--
ALTER TABLE `craft_seomatic_settings`
	ADD CONSTRAINT `craft_seomatic_settings_genericCreatorImageId_fk` FOREIGN KEY (`genericCreatorImageId`) REFERENCES `craft_assetfiles` (`id`) ON DELETE SET NULL,
	ADD CONSTRAINT `craft_seomatic_settings_genericOwnerImageId_fk` FOREIGN KEY (`genericOwnerImageId`) REFERENCES `craft_assetfiles` (`id`) ON DELETE SET NULL,
	ADD CONSTRAINT `craft_seomatic_settings_siteSeoImageId_fk` FOREIGN KEY (`siteSeoImageId`) REFERENCES `craft_assetfiles` (`id`) ON DELETE SET NULL;

--
-- Constraints for table `craft_sessions`
--
ALTER TABLE `craft_sessions`
	ADD CONSTRAINT `craft_sessions_userId_fk` FOREIGN KEY (`userId`) REFERENCES `craft_users` (`id`) ON DELETE CASCADE;

--
-- Constraints for table `craft_shunnedmessages`
--
ALTER TABLE `craft_shunnedmessages`
	ADD CONSTRAINT `craft_shunnedmessages_userId_fk` FOREIGN KEY (`userId`) REFERENCES `craft_users` (`id`) ON DELETE CASCADE;

--
-- Constraints for table `craft_sproutforms_entries`
--
ALTER TABLE `craft_sproutforms_entries`
	ADD CONSTRAINT `craft_sproutforms_entries_formId_fk` FOREIGN KEY (`formId`) REFERENCES `craft_sproutforms_forms` (`id`) ON DELETE CASCADE,
	ADD CONSTRAINT `craft_sproutforms_entries_id_fk` FOREIGN KEY (`id`) REFERENCES `craft_elements` (`id`) ON DELETE CASCADE,
	ADD CONSTRAINT `craft_sproutforms_entries_statusId_fk` FOREIGN KEY (`statusId`) REFERENCES `craft_sproutforms_entrystatuses` (`id`) ON DELETE CASCADE;

--
-- Constraints for table `craft_sproutforms_forms`
--
ALTER TABLE `craft_sproutforms_forms`
	ADD CONSTRAINT `craft_sproutforms_forms_fieldLayoutId_fk` FOREIGN KEY (`fieldLayoutId`) REFERENCES `craft_fieldlayouts` (`id`) ON DELETE SET NULL,
	ADD CONSTRAINT `craft_sproutforms_forms_id_fk` FOREIGN KEY (`id`) REFERENCES `craft_elements` (`id`) ON DELETE CASCADE;

--
-- Constraints for table `craft_sproutformscontent_basic`
--
ALTER TABLE `craft_sproutformscontent_basic`
	ADD CONSTRAINT `craft_sproutformscontent_basic_elementId_fk` FOREIGN KEY (`elementId`) REFERENCES `craft_elements` (`id`) ON DELETE CASCADE,
	ADD CONSTRAINT `craft_sproutformscontent_basic_locale_fk` FOREIGN KEY (`locale`) REFERENCES `craft_locales` (`locale`) ON DELETE CASCADE ON UPDATE CASCADE;

--
-- Constraints for table `craft_sproutformscontent_contact`
--
ALTER TABLE `craft_sproutformscontent_contact`
	ADD CONSTRAINT `craft_sproutformscontent_contact_elementId_fk` FOREIGN KEY (`elementId`) REFERENCES `craft_elements` (`id`) ON DELETE CASCADE,
	ADD CONSTRAINT `craft_sproutformscontent_contact_locale_fk` FOREIGN KEY (`locale`) REFERENCES `craft_locales` (`locale`) ON DELETE CASCADE ON UPDATE CASCADE;

--
-- Constraints for table `craft_structureelements`
--
ALTER TABLE `craft_structureelements`
	ADD CONSTRAINT `craft_structureelements_elementId_fk` FOREIGN KEY (`elementId`) REFERENCES `craft_elements` (`id`) ON DELETE CASCADE,
	ADD CONSTRAINT `craft_structureelements_structureId_fk` FOREIGN KEY (`structureId`) REFERENCES `craft_structures` (`id`) ON DELETE CASCADE;

--
-- Constraints for table `craft_supertableblocks`
--
ALTER TABLE `craft_supertableblocks`
	ADD CONSTRAINT `craft_supertableblocks_fieldId_fk` FOREIGN KEY (`fieldId`) REFERENCES `craft_fields` (`id`) ON DELETE CASCADE,
	ADD CONSTRAINT `craft_supertableblocks_id_fk` FOREIGN KEY (`id`) REFERENCES `craft_elements` (`id`) ON DELETE CASCADE,
	ADD CONSTRAINT `craft_supertableblocks_ownerId_fk` FOREIGN KEY (`ownerId`) REFERENCES `craft_elements` (`id`) ON DELETE CASCADE,
	ADD CONSTRAINT `craft_supertableblocks_ownerLocale_fk` FOREIGN KEY (`ownerLocale`) REFERENCES `craft_locales` (`locale`) ON DELETE CASCADE ON UPDATE CASCADE,
	ADD CONSTRAINT `craft_supertableblocks_typeId_fk` FOREIGN KEY (`typeId`) REFERENCES `craft_supertableblocktypes` (`id`) ON DELETE CASCADE;

--
-- Constraints for table `craft_supertableblocktypes`
--
ALTER TABLE `craft_supertableblocktypes`
	ADD CONSTRAINT `craft_supertableblocktypes_fieldId_fk` FOREIGN KEY (`fieldId`) REFERENCES `craft_fields` (`id`) ON DELETE CASCADE,
	ADD CONSTRAINT `craft_supertableblocktypes_fieldLayoutId_fk` FOREIGN KEY (`fieldLayoutId`) REFERENCES `craft_fieldlayouts` (`id`) ON DELETE SET NULL;

--
-- Constraints for table `craft_supertablecontent_6_menyer`
--
ALTER TABLE `craft_supertablecontent_6_menyer`
	ADD CONSTRAINT `craft_supertablecontent_6_menyer_elementId_fk` FOREIGN KEY (`elementId`) REFERENCES `craft_elements` (`id`) ON DELETE CASCADE,
	ADD CONSTRAINT `craft_supertablecontent_6_menyer_locale_fk` FOREIGN KEY (`locale`) REFERENCES `craft_locales` (`locale`) ON DELETE CASCADE ON UPDATE CASCADE;

--
-- Constraints for table `craft_supertablecontent_7_blokk`
--
ALTER TABLE `craft_supertablecontent_7_blokk`
	ADD CONSTRAINT `craft_supertablecontent_7_blokk_elementId_fk` FOREIGN KEY (`elementId`) REFERENCES `craft_elements` (`id`) ON DELETE CASCADE,
	ADD CONSTRAINT `craft_supertablecontent_7_blokk_locale_fk` FOREIGN KEY (`locale`) REFERENCES `craft_locales` (`locale`) ON DELETE CASCADE ON UPDATE CASCADE;

--
-- Constraints for table `craft_supertablecontent_seodiv`
--
ALTER TABLE `craft_supertablecontent_seodiv`
	ADD CONSTRAINT `craft_supertablecontent_seodiv_elementId_fk` FOREIGN KEY (`elementId`) REFERENCES `craft_elements` (`id`) ON DELETE CASCADE,
	ADD CONSTRAINT `craft_supertablecontent_seodiv_locale_fk` FOREIGN KEY (`locale`) REFERENCES `craft_locales` (`locale`) ON DELETE CASCADE ON UPDATE CASCADE;

--
-- Constraints for table `craft_supertablecontent_varemenyer`
--
ALTER TABLE `craft_supertablecontent_varemenyer`
	ADD CONSTRAINT `craft_supertablecontent_varemenyer_elementId_fk` FOREIGN KEY (`elementId`) REFERENCES `craft_elements` (`id`) ON DELETE CASCADE,
	ADD CONSTRAINT `craft_supertablecontent_varemenyer_locale_fk` FOREIGN KEY (`locale`) REFERENCES `craft_locales` (`locale`) ON DELETE CASCADE ON UPDATE CASCADE;

--
-- Constraints for table `craft_taggroups`
--
ALTER TABLE `craft_taggroups`
	ADD CONSTRAINT `craft_taggroups_fieldLayoutId_fk` FOREIGN KEY (`fieldLayoutId`) REFERENCES `craft_fieldlayouts` (`id`) ON DELETE SET NULL;

--
-- Constraints for table `craft_tags`
--
ALTER TABLE `craft_tags`
	ADD CONSTRAINT `craft_tags_groupId_fk` FOREIGN KEY (`groupId`) REFERENCES `craft_taggroups` (`id`) ON DELETE CASCADE,
	ADD CONSTRAINT `craft_tags_id_fk` FOREIGN KEY (`id`) REFERENCES `craft_elements` (`id`) ON DELETE CASCADE;

--
-- Constraints for table `craft_templatecachecriteria`
--
ALTER TABLE `craft_templatecachecriteria`
	ADD CONSTRAINT `craft_templatecachecriteria_cacheId_fk` FOREIGN KEY (`cacheId`) REFERENCES `craft_templatecaches` (`id`) ON DELETE CASCADE;

--
-- Constraints for table `craft_templatecacheelements`
--
ALTER TABLE `craft_templatecacheelements`
	ADD CONSTRAINT `craft_templatecacheelements_cacheId_fk` FOREIGN KEY (`cacheId`) REFERENCES `craft_templatecaches` (`id`) ON DELETE CASCADE,
	ADD CONSTRAINT `craft_templatecacheelements_elementId_fk` FOREIGN KEY (`elementId`) REFERENCES `craft_elements` (`id`) ON DELETE CASCADE;

--
-- Constraints for table `craft_templatecaches`
--
ALTER TABLE `craft_templatecaches`
	ADD CONSTRAINT `craft_templatecaches_locale_fk` FOREIGN KEY (`locale`) REFERENCES `craft_locales` (`locale`) ON DELETE CASCADE ON UPDATE CASCADE;

--
-- Constraints for table `craft_usergroups_users`
--
ALTER TABLE `craft_usergroups_users`
	ADD CONSTRAINT `craft_usergroups_users_groupId_fk` FOREIGN KEY (`groupId`) REFERENCES `craft_usergroups` (`id`) ON DELETE CASCADE,
	ADD CONSTRAINT `craft_usergroups_users_userId_fk` FOREIGN KEY (`userId`) REFERENCES `craft_users` (`id`) ON DELETE CASCADE;

--
-- Constraints for table `craft_userpermissions_usergroups`
--
ALTER TABLE `craft_userpermissions_usergroups`
	ADD CONSTRAINT `craft_userpermissions_usergroups_groupId_fk` FOREIGN KEY (`groupId`) REFERENCES `craft_usergroups` (`id`) ON DELETE CASCADE,
	ADD CONSTRAINT `craft_userpermissions_usergroups_permissionId_fk` FOREIGN KEY (`permissionId`) REFERENCES `craft_userpermissions` (`id`) ON DELETE CASCADE;

--
-- Constraints for table `craft_userpermissions_users`
--
ALTER TABLE `craft_userpermissions_users`
	ADD CONSTRAINT `craft_userpermissions_users_permissionId_fk` FOREIGN KEY (`permissionId`) REFERENCES `craft_userpermissions` (`id`) ON DELETE CASCADE,
	ADD CONSTRAINT `craft_userpermissions_users_userId_fk` FOREIGN KEY (`userId`) REFERENCES `craft_users` (`id`) ON DELETE CASCADE;

--
-- Constraints for table `craft_users`
--
ALTER TABLE `craft_users`
	ADD CONSTRAINT `craft_users_id_fk` FOREIGN KEY (`id`) REFERENCES `craft_elements` (`id`) ON DELETE CASCADE,
	ADD CONSTRAINT `craft_users_preferredLocale_fk` FOREIGN KEY (`preferredLocale`) REFERENCES `craft_locales` (`locale`) ON DELETE SET NULL ON UPDATE CASCADE;

--
-- Constraints for table `craft_widgets`
--
ALTER TABLE `craft_widgets`
	ADD CONSTRAINT `craft_widgets_userId_fk` FOREIGN KEY (`userId`) REFERENCES `craft_users` (`id`) ON DELETE CASCADE;

SET FOREIGN_KEY_CHECKS = 1;
